# This file uses centimeters as units for non-parametric coordinates.

mtllib bookshelf_bedroom.mtl
g default
v 57.117673 8.322517 15.487523
v 57.287642 8.267554 15.487523
v 56.710115 7.062177 15.487523
v 56.880084 7.007214 15.487523
v 56.710115 7.062177 16.442868
v 56.752603 7.048438 16.487523
v 57.117673 8.322517 16.442868
v 57.160161 8.308778 16.487523
v 56.880084 7.007214 16.442868
v 56.837595 7.020954 16.487523
v 57.287642 8.267554 16.442868
v 57.245153 8.281294 16.487523
v 57.155334 8.336307 16.523631
v 56.732571 7.028948 16.523631
v 56.842423 6.993425 16.523631
v 57.265185 8.300784 16.523631
v 57.320102 8.283025 16.475751
v 56.897340 6.975667 16.475751
v 56.897340 6.975667 15.451415
v 57.320102 8.283025 15.451415
v 56.677655 7.046706 15.451415
v 56.677655 7.046706 16.475751
v 57.100417 8.354065 16.475751
v 57.100417 8.354065 15.451415
vt 0.625000 0.500000
vt 0.375000 0.750000
vt 0.625000 0.750000
vt 0.625000 0.988836
vt 0.562506 1.000000
vt 0.437494 1.000000
vt 0.375000 0.988835
vt 0.375000 0.261164
vt 0.625000 0.261165
vt 0.375000 0.500000
vt 0.125000 0.000000
vt 0.363836 -0.000000
vt 0.125000 0.250000
vt 0.437494 0.250000
vt 0.562507 -0.000000
vt 0.636164 0.250000
vt 0.875000 0.000000
vt 0.875000 0.250000
vt 0.437493 -0.000000
vt 0.363836 0.250000
vt 0.636164 -0.000000
vt 0.562506 0.250000
vt 0.437493 -0.000000
vt 0.562507 -0.000000
vt 0.562506 0.250000
vt 0.437494 0.250000
vt 0.636164 -0.000000
vt 0.875000 0.000000
vt 0.875000 0.250000
vt 0.636164 0.250000
vt 0.125000 0.000000
vt 0.363836 -0.000000
vt 0.363836 0.250000
vt 0.125000 0.250000
vn 0.000000 0.000000 1.000000
vn 0.000000 0.000000 1.000000
vn 0.000000 0.000000 1.000000
vn 0.000000 0.000000 1.000000
vn 0.000000 0.000000 -1.000000
vn 0.000000 0.000000 -1.000000
vn 0.000000 0.000000 -1.000000
vn 0.000000 0.000000 -1.000000
vn -0.307684 -0.951489 0.000000
vn -0.307684 -0.951489 0.000000
vn -0.307684 -0.951489 0.000000
vn -0.307684 -0.951489 0.000000
vn -0.307684 -0.951489 0.000000
vn -0.307684 -0.951489 0.000000
vn 0.951489 -0.307684 0.000000
vn 0.951489 -0.307684 0.000000
vn 0.951489 -0.307684 0.000000
vn 0.951489 -0.307684 0.000000
vn -0.951489 0.307684 0.000000
vn -0.951489 0.307684 0.000000
vn -0.951489 0.307684 0.000000
vn -0.951489 0.307684 0.000000
vn 0.307684 0.951489 0.000000
vn 0.307684 0.951489 0.000000
vn 0.307684 0.951489 0.000000
vn 0.307684 0.951489 0.000000
vn 0.307684 0.951489 0.000000
vn 0.307684 0.951489 0.000000
vn -0.607499 0.196448 0.769645
vn -0.607499 0.196448 0.769645
vn -0.607499 0.196448 0.769645
vn -0.607499 0.196448 0.769645
vn 0.607499 -0.196448 0.769645
vn 0.607499 -0.196448 0.769645
vn 0.607499 -0.196448 0.769645
vn 0.607499 -0.196448 0.769645
vn -0.253926 -0.785246 -0.564721
vn -0.253926 -0.785246 -0.564721
vn -0.253926 -0.785246 -0.564721
vn -0.253926 -0.785246 -0.564721
vn 0.253926 0.785247 -0.564720
vn 0.253926 0.785247 -0.564720
vn 0.253926 0.785247 -0.564720
vn 0.253926 0.785247 -0.564720
vn -0.877333 -0.479882 0.000000
vn -0.877333 -0.479882 0.000000
vn -0.877333 -0.479882 0.000000
vn -0.877333 -0.479882 0.000000
vn -0.770871 0.249278 -0.586190
vn -0.770871 0.249278 -0.586190
vn -0.770871 0.249278 -0.586190
vn -0.770871 0.249278 -0.586190
vn -0.430241 0.902714 0.000000
vn -0.430241 0.902714 0.000000
vn -0.430241 0.902714 0.000000
vn -0.430241 0.902714 0.000000
vn 0.430241 -0.902714 0.000000
vn 0.430241 -0.902714 0.000000
vn 0.430241 -0.902714 0.000000
vn 0.430241 -0.902714 0.000000
vn 0.877333 0.479882 0.000000
vn 0.877333 0.479882 0.000000
vn 0.877333 0.479882 0.000000
vn 0.877333 0.479882 0.000000
vn 0.770871 -0.249278 -0.586190
vn 0.770871 -0.249278 -0.586190
vn 0.770871 -0.249278 -0.586190
vn 0.770871 -0.249278 -0.586190
vn 0.083758 -0.913123 -0.398987
vn 0.083758 -0.913123 -0.398987
vn 0.083758 -0.913123 -0.398987
vn 0.083758 -0.913123 -0.398987
vn 0.602548 0.691192 -0.398986
vn 0.602548 0.691192 -0.398986
vn 0.602548 0.691192 -0.398986
vn 0.602548 0.691192 -0.398986
vn -0.602548 -0.691192 -0.398987
vn -0.602548 -0.691192 -0.398987
vn -0.602548 -0.691192 -0.398987
vn -0.602548 -0.691192 -0.398987
vn -0.083758 0.913123 -0.398987
vn -0.083758 0.913123 -0.398987
vn -0.083758 0.913123 -0.398987
vn -0.083758 0.913123 -0.398987
s off
g pCube38
usemtl initialShadingGroup
f 13/26/1 14/23/2 15/24/3 16/25/4
f 1/10/5 2/1/6 4/3/7 3/2/8
f 3/2/9 4/3/10 9/4/11 10/5/12 6/6/13 5/7/14
f 17/30/15 18/27/16 19/28/17 20/29/18
f 21/31/19 22/32/20 23/33/21 24/34/22
f 7/8/23 8/14/24 12/22/25 11/9/26 2/1/27 1/10/28
f 22/32/29 14/23/30 13/26/31 23/33/32
f 15/24/33 18/27/34 17/30/35 16/25/36
f 6/19/37 10/15/38 15/24/39 14/23/40
f 12/22/41 8/14/42 13/26/43 16/25/44
f 9/21/45 4/17/46 19/28/47 18/27/48
f 4/17/49 2/18/50 20/29/51 19/28/52
f 2/18/53 11/16/54 17/30/55 20/29/56
f 3/11/57 5/12/58 22/32/59 21/31/60
f 7/20/61 1/13/62 24/34/63 23/33/64
f 1/13/65 3/11/66 21/31/67 24/34/68
f 5/12/69 6/19/70 14/23/71 22/32/72
f 8/14/73 7/20/74 23/33/75 13/26/76
f 10/15/77 9/21/78 18/27/79 15/24/80
f 11/16/81 12/22/82 16/25/83 17/30/84
g default
v 61.099812 6.992488 16.234527
v 61.356205 6.992488 16.234527
v 61.099812 8.459335 16.234527
v 61.356205 8.459335 16.234527
v 61.099812 8.459335 15.234528
v 61.356205 8.459335 15.234528
v 61.099812 6.992488 15.234528
v 61.356205 6.992488 15.234528
v 61.099812 8.277764 16.234527
v 61.099812 8.277764 15.234528
v 61.356205 8.277764 15.234528
v 61.356205 8.277764 16.234527
v 60.860009 6.992488 15.234528
v 60.860009 6.992488 16.234527
v 60.860009 8.277764 16.234527
v 60.860009 8.277764 15.234528
v 60.007958 6.992488 15.234528
v 60.007958 6.992488 16.234527
v 60.007958 8.277764 16.234527
v 60.007958 8.277764 15.234528
v 60.860009 8.366715 16.234527
v 60.860009 8.366715 15.234528
v 60.007958 8.366715 15.234528
v 60.007958 8.366715 16.234527
v 59.858799 6.992488 15.234528
v 59.858799 6.992488 16.234527
v 59.858799 8.277764 16.234527
v 59.858799 8.277764 15.234528
v 61.099812 7.964409 16.234527
v 60.860009 7.964409 16.234527
v 60.007958 7.964409 16.234527
v 59.858799 7.964409 16.234527
v 59.858799 7.964409 15.234528
v 60.007958 7.964409 15.234528
v 60.860009 7.964409 15.234528
v 61.099812 7.964409 15.234528
v 61.356205 7.964409 15.234528
v 61.356205 7.964409 16.234527
v 59.638569 6.992488 15.234528
v 59.638569 6.992488 16.234527
v 59.638569 7.964409 16.234527
v 59.638569 7.964409 15.234528
v 59.339291 6.992488 15.234528
v 59.339291 6.992488 16.234527
v 59.339291 7.964409 15.234528
v 59.638569 8.343236 16.234527
v 59.638569 8.343236 15.234528
v 59.339291 8.343236 15.234528
v 59.339291 8.343236 16.234527
v 61.099812 6.992488 16.320343
v 61.356205 6.992488 16.320343
v 61.356205 7.964409 16.320343
v 61.099812 7.964409 16.320343
v 61.356205 8.277764 16.320343
v 61.099812 8.277764 16.320343
v 61.356205 8.459335 16.320343
v 61.099812 8.459335 16.320343
v 60.860009 6.992488 16.328003
v 60.860009 7.964409 16.328003
v 60.007958 7.964409 16.328003
v 60.007958 6.992488 16.328003
v 60.860009 8.277764 16.328003
v 60.007958 8.277764 16.328003
v 60.860009 8.366715 16.328003
v 60.007958 8.366715 16.328003
v 59.638569 6.992488 16.313295
v 59.638569 7.964409 16.313295
v 59.339291 7.964409 16.313295
v 59.339291 6.992488 16.313295
v 59.638569 8.343236 16.313295
v 59.339291 8.343236 16.313295
v 57.578770 6.992488 16.234527
v 57.322377 6.992488 16.234527
v 57.578770 8.459335 16.234527
v 57.322377 8.459335 16.234527
v 57.578770 8.459335 15.234528
v 57.322377 8.459335 15.234528
v 57.578770 6.992488 15.234528
v 57.322377 6.992488 15.234528
v 57.578770 8.277764 16.234527
v 57.578770 8.277764 15.234528
v 57.322377 8.277764 15.234528
v 57.322377 8.277764 16.234527
v 57.818573 6.992488 15.234528
v 57.818573 6.992488 16.234527
v 57.818573 8.277764 16.234527
v 57.818573 8.277764 15.234528
v 58.670624 6.992488 15.234528
v 58.670624 6.992488 16.234527
v 58.670624 8.277764 16.234527
v 58.670624 8.277764 15.234528
v 57.818573 8.366715 16.234527
v 57.818573 8.366715 15.234528
v 58.670624 8.366715 15.234528
v 58.670624 8.366715 16.234527
v 58.819783 6.992488 15.234528
v 58.819783 6.992488 16.234527
v 58.819783 8.277764 16.234527
v 58.819783 8.277764 15.234528
v 57.578770 7.964409 16.234527
v 57.818573 7.964409 16.234527
v 58.670624 7.964409 16.234527
v 58.819783 7.964409 16.234527
v 58.819783 7.964409 15.234528
v 58.670624 7.964409 15.234528
v 57.818573 7.964409 15.234528
v 57.578770 7.964409 15.234528
v 57.322377 7.964409 15.234528
v 57.322377 7.964409 16.234527
v 59.040013 6.992488 15.234528
v 59.040013 6.992488 16.234527
v 59.040013 7.964409 16.234527
v 59.040013 7.964409 15.234528
v 59.040013 8.343236 16.234527
v 59.040013 8.343236 15.234528
v 57.578770 6.992488 16.320343
v 57.322377 6.992488 16.320343
v 57.322377 7.964409 16.320343
v 57.578770 7.964409 16.320343
v 57.322377 8.277764 16.320343
v 57.578770 8.277764 16.320343
v 57.322377 8.459335 16.320343
v 57.578770 8.459335 16.320343
v 57.818573 6.992488 16.328003
v 57.818573 7.964409 16.328003
v 58.670624 7.964409 16.328003
v 58.670624 6.992488 16.328003
v 57.818573 8.277764 16.328003
v 58.670624 8.277764 16.328003
v 57.818573 8.366715 16.328003
v 58.670624 8.366715 16.328003
v 59.040013 6.992488 16.313295
v 59.040013 7.964409 16.313295
v 59.040013 8.343236 16.313295
vt 0.375000 0.000000
vt 0.625000 0.000000
vt 0.375000 0.250000
vt 0.625000 0.250000
vt 0.375000 0.500000
vt 0.625000 0.500000
vt 0.375000 0.750000
vt 0.625000 0.750000
vt 0.375000 1.000000
vt 0.625000 1.000000
vt 0.875000 0.000000
vt 0.875000 0.250000
vt 0.125000 0.000000
vt 0.125000 0.250000
vt 0.375000 0.219054
vt 0.125000 0.219054
vt 0.375000 0.530946
vt 0.625000 0.530946
vt 0.875000 0.219054
vt 0.625000 0.219054
vt 0.125000 0.000000
vt 0.375000 0.000000
vt 0.375000 0.219054
vt 0.125000 0.219054
vt 0.125000 0.000000
vt 0.375000 0.000000
vt 0.375000 0.219054
vt 0.125000 0.219054
vt 0.375000 0.219054
vt 0.125000 0.219054
vt 0.125000 0.219054
vt 0.375000 0.219054
vt 0.125000 0.000000
vt 0.375000 0.000000
vt 0.375000 0.219054
vt 0.125000 0.219054
vt 0.375000 0.165648
vt 0.375000 0.165648
vt 0.375000 0.165648
vt 0.375000 0.165648
vt 0.125000 0.165648
vt 0.125000 0.165648
vt 0.125000 0.165648
vt 0.125000 0.165648
vt 0.375000 0.584352
vt 0.625000 0.584352
vt 0.875000 0.165648
vt 0.625000 0.165648
vt 0.125000 0.000000
vt 0.375000 0.000000
vt 0.375000 0.165648
vt 0.125000 0.165648
vt 0.125000 0.000000
vt 0.375000 0.000000
vt 0.125000 0.165648
vt 0.375000 0.165648
vt 0.125000 0.165648
vt 0.125000 0.165648
vt 0.375000 0.165648
vt 0.375000 0.000000
vt 0.625000 0.000000
vt 0.625000 0.165648
vt 0.375000 0.165648
vt 0.625000 0.219054
vt 0.625000 0.250000
vt 0.375000 0.250000
vt 0.375000 0.219054
vt 0.375000 0.000000
vt 0.375000 0.165648
vt 0.375000 0.165648
vt 0.375000 0.000000
vt 0.375000 0.219054
vt 0.375000 0.219054
vt 0.375000 0.219054
vt 0.375000 0.219054
vt 0.375000 0.000000
vt 0.375000 0.165648
vt 0.375000 0.165648
vt 0.375000 0.000000
vt 0.375000 0.165648
vt 0.375000 0.165648
vt 0.375000 0.000000
vt 0.625000 0.000000
vt 0.625000 0.165648
vt 0.375000 0.165648
vt 0.375000 0.250000
vt 0.625000 0.250000
vt 0.625000 0.500000
vt 0.375000 0.500000
vt 0.375000 0.584352
vt 0.625000 0.584352
vt 0.625000 0.750000
vt 0.375000 0.750000
vt 0.625000 1.000000
vt 0.375000 1.000000
vt 0.625000 0.000000
vt 0.875000 0.000000
vt 0.875000 0.165648
vt 0.625000 0.165648
vt 0.125000 0.219054
vt 0.375000 0.219054
vt 0.125000 0.250000
vt 0.625000 0.530946
vt 0.375000 0.530946
vt 0.625000 0.219054
vt 0.875000 0.219054
vt 0.875000 0.250000
vt 0.375000 0.219054
vt 0.625000 0.219054
vt 0.625000 0.250000
vt 0.375000 0.250000
vt 0.125000 0.000000
vt 0.375000 0.000000
vt 0.375000 0.000000
vt 0.125000 0.000000
vt 0.375000 0.165648
vt 0.375000 0.165648
vt 0.125000 0.219054
vt 0.375000 0.219054
vt 0.125000 0.165648
vt 0.125000 0.165648
vt 0.375000 0.000000
vt 0.125000 0.000000
vt 0.375000 0.000000
vt 0.375000 0.165648
vt 0.375000 0.165648
vt 0.375000 0.000000
vt 0.375000 0.219054
vt 0.125000 0.219054
vt 0.125000 0.219054
vt 0.375000 0.219054
vt 0.125000 0.165648
vt 0.125000 0.219054
vt 0.375000 0.219054
vt 0.375000 0.219054
vt 0.375000 0.219054
vt 0.375000 0.219054
vt 0.375000 0.219054
vt 0.375000 0.000000
vt 0.125000 0.000000
vt 0.375000 0.165648
vt 0.375000 0.165648
vt 0.125000 0.219054
vt 0.375000 0.219054
vt 0.125000 0.165648
vt 0.375000 0.000000
vt 0.125000 0.000000
vt 0.375000 0.165648
vt 0.125000 0.165648
vt 0.375000 0.000000
vt 0.125000 0.000000
vt 0.375000 0.000000
vt 0.375000 0.165648
vt 0.375000 0.165648
vt 0.375000 0.000000
vt 0.375000 0.165648
vt 0.125000 0.165648
vt 0.125000 0.165648
vt 0.375000 0.165648
vt 0.125000 0.165648
vt 0.375000 0.165648
vt 0.375000 0.165648
vn 0.000000 0.000000 1.000000
vn 0.000000 0.000000 1.000000
vn 0.000000 0.000000 1.000000
vn 0.000000 0.000000 1.000000
vn 0.000000 1.000000 0.000000
vn 0.000000 1.000000 0.000000
vn 0.000000 1.000000 0.000000
vn 0.000000 1.000000 0.000000
vn 0.000000 0.000000 -1.000000
vn 0.000000 0.000000 -1.000000
vn 0.000000 0.000000 -1.000000
vn 0.000000 0.000000 -1.000000
vn 0.000000 -1.000000 0.000000
vn 0.000000 -1.000000 0.000000
vn 0.000000 -1.000000 0.000000
vn 0.000000 -1.000000 0.000000
vn 1.000000 0.000000 0.000000
vn 1.000000 0.000000 0.000000
vn 1.000000 0.000000 0.000000
vn 1.000000 0.000000 0.000000
vn -1.000000 0.000000 0.000000
vn -1.000000 0.000000 0.000000
vn -1.000000 0.000000 0.000000
vn -1.000000 0.000000 0.000000
vn 0.000000 0.000000 -1.000000
vn 0.000000 0.000000 -1.000000
vn 0.000000 0.000000 -1.000000
vn 0.000000 0.000000 -1.000000
vn 1.000000 0.000000 0.000000
vn 1.000000 0.000000 0.000000
vn 1.000000 0.000000 0.000000
vn 1.000000 0.000000 0.000000
vn 0.000000 0.000000 1.000000
vn 0.000000 0.000000 1.000000
vn 0.000000 0.000000 1.000000
vn 0.000000 0.000000 1.000000
vn 0.000000 -1.000000 0.000000
vn 0.000000 -1.000000 0.000000
vn 0.000000 -1.000000 0.000000
vn 0.000000 -1.000000 0.000000
vn 0.000000 0.000000 1.000000
vn 0.000000 0.000000 1.000000
vn 0.000000 0.000000 1.000000
vn 0.000000 0.000000 1.000000
vn 0.000000 1.000000 0.000000
vn 0.000000 1.000000 0.000000
vn 0.000000 1.000000 0.000000
vn 0.000000 1.000000 0.000000
vn 0.000000 0.000000 -1.000000
vn 0.000000 0.000000 -1.000000
vn 0.000000 0.000000 -1.000000
vn 0.000000 0.000000 -1.000000
vn 0.000000 -1.000000 0.000000
vn 0.000000 -1.000000 0.000000
vn 0.000000 -1.000000 0.000000
vn 0.000000 -1.000000 0.000000
vn 0.000000 0.000000 1.000000
vn 0.000000 0.000000 1.000000
vn 0.000000 0.000000 1.000000
vn 0.000000 0.000000 1.000000
vn 0.000000 1.000000 0.000000
vn 0.000000 1.000000 0.000000
vn 0.000000 1.000000 0.000000
vn 0.000000 1.000000 0.000000
vn 0.000000 0.000000 -1.000000
vn 0.000000 0.000000 -1.000000
vn 0.000000 0.000000 -1.000000
vn 0.000000 0.000000 -1.000000
vn 1.000000 0.000000 0.000000
vn 1.000000 0.000000 0.000000
vn 1.000000 0.000000 0.000000
vn 1.000000 0.000000 0.000000
vn 0.000000 0.000000 -1.000000
vn 0.000000 0.000000 -1.000000
vn 0.000000 0.000000 -1.000000
vn 0.000000 0.000000 -1.000000
vn -1.000000 0.000000 0.000000
vn -1.000000 0.000000 0.000000
vn -1.000000 0.000000 0.000000
vn -1.000000 0.000000 0.000000
vn 0.000000 0.000000 1.000000
vn 0.000000 0.000000 1.000000
vn 0.000000 0.000000 1.000000
vn 0.000000 0.000000 1.000000
vn 0.000000 -1.000000 0.000000
vn 0.000000 -1.000000 0.000000
vn 0.000000 -1.000000 0.000000
vn 0.000000 -1.000000 0.000000
vn 0.000000 0.000000 1.000000
vn 0.000000 0.000000 1.000000
vn 0.000000 0.000000 1.000000
vn 0.000000 0.000000 1.000000
vn 0.000000 1.000000 0.000000
vn 0.000000 1.000000 0.000000
vn 0.000000 1.000000 0.000000
vn 0.000000 1.000000 0.000000
vn 0.000000 0.000000 -1.000000
vn 0.000000 0.000000 -1.000000
vn 0.000000 0.000000 -1.000000
vn 0.000000 0.000000 -1.000000
vn 0.000000 0.000000 1.000000
vn 0.000000 0.000000 1.000000
vn 0.000000 0.000000 1.000000
vn 0.000000 0.000000 1.000000
vn 0.000000 0.000000 1.000000
vn 0.000000 0.000000 1.000000
vn -1.000000 0.000000 0.000000
vn -1.000000 0.000000 0.000000
vn -1.000000 0.000000 0.000000
vn -1.000000 0.000000 0.000000
vn 0.000000 0.000000 -1.000000
vn 0.000000 0.000000 -1.000000
vn 0.000000 0.000000 -1.000000
vn 0.000000 0.000000 -1.000000
vn 0.000000 0.000000 -1.000000
vn 0.000000 0.000000 -1.000000
vn 0.000000 -1.000000 0.000000
vn 0.000000 -1.000000 0.000000
vn 0.000000 -1.000000 0.000000
vn 0.000000 -1.000000 0.000000
vn 0.000000 0.000000 1.000000
vn 0.000000 0.000000 1.000000
vn 0.000000 0.000000 1.000000
vn 0.000000 0.000000 1.000000
vn 0.000000 1.000000 0.000000
vn 0.000000 1.000000 0.000000
vn 0.000000 1.000000 0.000000
vn 0.000000 1.000000 0.000000
vn 0.000000 0.000000 -1.000000
vn 0.000000 0.000000 -1.000000
vn 0.000000 0.000000 -1.000000
vn 0.000000 0.000000 -1.000000
vn 0.000000 -1.000000 0.000000
vn 0.000000 -1.000000 0.000000
vn 0.000000 -1.000000 0.000000
vn 0.000000 -1.000000 0.000000
vn 0.000000 0.000000 1.000000
vn 0.000000 0.000000 1.000000
vn 0.000000 0.000000 1.000000
vn 0.000000 0.000000 1.000000
vn 0.000000 1.000000 0.000000
vn 0.000000 1.000000 0.000000
vn 0.000000 1.000000 0.000000
vn 0.000000 1.000000 0.000000
vn 0.000000 0.000000 -1.000000
vn 0.000000 0.000000 -1.000000
vn 0.000000 0.000000 -1.000000
vn 0.000000 0.000000 -1.000000
vn 1.000000 0.000000 0.000000
vn 1.000000 0.000000 0.000000
vn 1.000000 0.000000 0.000000
vn 1.000000 0.000000 0.000000
vn 0.000000 0.000000 -1.000000
vn 0.000000 0.000000 -1.000000
vn 0.000000 0.000000 -1.000000
vn 0.000000 0.000000 -1.000000
vn 0.000000 0.000000 1.000000
vn 0.000000 0.000000 1.000000
vn 0.000000 0.000000 1.000000
vn 0.000000 0.000000 1.000000
vn 0.000000 -1.000000 0.000000
vn 0.000000 -1.000000 0.000000
vn 0.000000 -1.000000 0.000000
vn 0.000000 -1.000000 0.000000
vn 1.000000 0.000000 0.000000
vn 1.000000 0.000000 0.000000
vn 1.000000 0.000000 0.000000
vn 1.000000 0.000000 0.000000
vn -1.000000 0.000000 0.000000
vn -1.000000 0.000000 0.000000
vn -1.000000 0.000000 0.000000
vn -1.000000 0.000000 0.000000
vn 1.000000 0.000000 0.000000
vn 1.000000 0.000000 0.000000
vn 1.000000 0.000000 0.000000
vn 1.000000 0.000000 0.000000
vn 0.000000 1.000000 0.000000
vn 0.000000 1.000000 0.000000
vn 0.000000 1.000000 0.000000
vn 0.000000 1.000000 0.000000
vn -1.000000 0.000000 0.000000
vn -1.000000 0.000000 0.000000
vn -1.000000 0.000000 0.000000
vn -1.000000 0.000000 0.000000
vn 1.000000 0.000000 0.000000
vn 1.000000 0.000000 0.000000
vn 1.000000 0.000000 0.000000
vn 1.000000 0.000000 0.000000
vn -1.000000 0.000000 0.000000
vn -1.000000 0.000000 0.000000
vn -1.000000 0.000000 0.000000
vn -1.000000 0.000000 0.000000
vn 1.000000 0.000000 0.000000
vn 1.000000 0.000000 0.000000
vn 1.000000 0.000000 0.000000
vn 1.000000 0.000000 0.000000
vn -1.000000 0.000000 0.000000
vn -1.000000 0.000000 0.000000
vn -1.000000 0.000000 0.000000
vn -1.000000 0.000000 0.000000
vn 0.000000 -1.000000 0.000000
vn 0.000000 -1.000000 0.000000
vn 0.000000 -1.000000 0.000000
vn 0.000000 -1.000000 0.000000
vn 1.000000 0.000000 0.000000
vn 1.000000 0.000000 0.000000
vn 1.000000 0.000000 0.000000
vn 1.000000 0.000000 0.000000
vn 0.000000 1.000000 0.000000
vn 0.000000 1.000000 0.000000
vn 0.000000 1.000000 0.000000
vn 0.000000 1.000000 0.000000
vn -1.000000 0.000000 0.000000
vn -1.000000 0.000000 0.000000
vn -1.000000 0.000000 0.000000
vn -1.000000 0.000000 0.000000
vn 1.000000 0.000000 0.000000
vn 1.000000 0.000000 0.000000
vn 1.000000 0.000000 0.000000
vn 1.000000 0.000000 0.000000
vn -1.000000 0.000000 0.000000
vn -1.000000 0.000000 0.000000
vn -1.000000 0.000000 0.000000
vn -1.000000 0.000000 0.000000
vn 1.000000 0.000000 0.000000
vn 1.000000 0.000000 0.000000
vn 1.000000 0.000000 0.000000
vn 1.000000 0.000000 0.000000
vn 0.000000 -1.000000 0.000000
vn 0.000000 -1.000000 0.000000
vn 0.000000 -1.000000 0.000000
vn 0.000000 -1.000000 0.000000
vn 1.000000 0.000000 0.000000
vn 1.000000 0.000000 0.000000
vn 1.000000 0.000000 0.000000
vn 1.000000 0.000000 0.000000
vn 0.000000 1.000000 0.000000
vn 0.000000 1.000000 0.000000
vn 0.000000 1.000000 0.000000
vn 0.000000 1.000000 0.000000
vn 0.000000 0.000000 1.000000
vn 0.000000 0.000000 1.000000
vn 0.000000 0.000000 1.000000
vn 0.000000 0.000000 1.000000
vn 0.000000 1.000000 0.000000
vn 0.000000 1.000000 0.000000
vn 0.000000 1.000000 0.000000
vn 0.000000 1.000000 0.000000
vn 0.000000 0.000000 -1.000000
vn 0.000000 0.000000 -1.000000
vn 0.000000 0.000000 -1.000000
vn 0.000000 0.000000 -1.000000
vn 0.000000 -1.000000 0.000000
vn 0.000000 -1.000000 0.000000
vn 0.000000 -1.000000 0.000000
vn 0.000000 -1.000000 0.000000
vn -1.000000 0.000000 0.000000
vn -1.000000 0.000000 0.000000
vn -1.000000 0.000000 0.000000
vn -1.000000 0.000000 0.000000
vn 1.000000 0.000000 0.000000
vn 1.000000 0.000000 0.000000
vn 1.000000 0.000000 0.000000
vn 1.000000 0.000000 0.000000
vn 0.000000 0.000000 -1.000000
vn 0.000000 0.000000 -1.000000
vn 0.000000 0.000000 -1.000000
vn 0.000000 0.000000 -1.000000
vn -1.000000 0.000000 0.000000
vn -1.000000 0.000000 0.000000
vn -1.000000 0.000000 0.000000
vn -1.000000 0.000000 0.000000
vn 0.000000 0.000000 1.000000
vn 0.000000 0.000000 1.000000
vn 0.000000 0.000000 1.000000
vn 0.000000 0.000000 1.000000
vn 0.000000 -1.000000 0.000000
vn 0.000000 -1.000000 0.000000
vn 0.000000 -1.000000 0.000000
vn 0.000000 -1.000000 0.000000
vn 0.000000 0.000000 1.000000
vn 0.000000 0.000000 1.000000
vn 0.000000 0.000000 1.000000
vn 0.000000 0.000000 1.000000
vn 0.000000 1.000000 0.000000
vn 0.000000 1.000000 0.000000
vn 0.000000 1.000000 0.000000
vn 0.000000 1.000000 0.000000
vn 0.000000 0.000000 -1.000000
vn 0.000000 0.000000 -1.000000
vn 0.000000 0.000000 -1.000000
vn 0.000000 0.000000 -1.000000
vn 0.000000 -1.000000 0.000000
vn 0.000000 -1.000000 0.000000
vn 0.000000 -1.000000 0.000000
vn 0.000000 -1.000000 0.000000
vn 0.000000 0.000000 1.000000
vn 0.000000 0.000000 1.000000
vn 0.000000 0.000000 1.000000
vn 0.000000 0.000000 1.000000
vn 0.000000 1.000000 0.000000
vn 0.000000 1.000000 0.000000
vn 0.000000 1.000000 0.000000
vn 0.000000 1.000000 0.000000
vn 0.000000 0.000000 -1.000000
vn 0.000000 0.000000 -1.000000
vn 0.000000 0.000000 -1.000000
vn 0.000000 0.000000 -1.000000
vn -1.000000 0.000000 0.000000
vn -1.000000 0.000000 0.000000
vn -1.000000 0.000000 0.000000
vn -1.000000 0.000000 0.000000
vn 0.000000 0.000000 -1.000000
vn 0.000000 0.000000 -1.000000
vn 0.000000 0.000000 -1.000000
vn 0.000000 0.000000 -1.000000
vn 1.000000 0.000000 0.000000
vn 1.000000 0.000000 0.000000
vn 1.000000 0.000000 0.000000
vn 1.000000 0.000000 0.000000
vn 0.000000 0.000000 1.000000
vn 0.000000 0.000000 1.000000
vn 0.000000 0.000000 1.000000
vn 0.000000 0.000000 1.000000
vn 0.000000 -1.000000 0.000000
vn 0.000000 -1.000000 0.000000
vn 0.000000 -1.000000 0.000000
vn 0.000000 -1.000000 0.000000
vn 0.000000 0.000000 1.000000
vn 0.000000 0.000000 1.000000
vn 0.000000 0.000000 1.000000
vn 0.000000 0.000000 1.000000
vn 0.000000 1.000000 0.000000
vn 0.000000 1.000000 0.000000
vn 0.000000 1.000000 0.000000
vn 0.000000 1.000000 0.000000
vn 0.000000 0.000000 -1.000000
vn 0.000000 0.000000 -1.000000
vn 0.000000 0.000000 -1.000000
vn 0.000000 0.000000 -1.000000
vn 0.000000 0.000000 1.000000
vn 0.000000 0.000000 1.000000
vn 0.000000 0.000000 1.000000
vn 0.000000 0.000000 1.000000
vn 0.000000 0.000000 1.000000
vn 0.000000 0.000000 1.000000
vn 1.000000 0.000000 0.000000
vn 1.000000 0.000000 0.000000
vn 1.000000 0.000000 0.000000
vn 1.000000 0.000000 0.000000
vn 0.000000 0.000000 -1.000000
vn 0.000000 0.000000 -1.000000
vn 0.000000 0.000000 -1.000000
vn 0.000000 0.000000 -1.000000
vn 0.000000 0.000000 -1.000000
vn 0.000000 0.000000 -1.000000
vn 0.000000 -1.000000 0.000000
vn 0.000000 -1.000000 0.000000
vn 0.000000 -1.000000 0.000000
vn 0.000000 -1.000000 0.000000
vn 0.000000 0.000000 1.000000
vn 0.000000 0.000000 1.000000
vn 0.000000 0.000000 1.000000
vn 0.000000 0.000000 1.000000
vn 0.000000 1.000000 0.000000
vn 0.000000 1.000000 0.000000
vn 0.000000 1.000000 0.000000
vn 0.000000 1.000000 0.000000
vn 0.000000 0.000000 -1.000000
vn 0.000000 0.000000 -1.000000
vn 0.000000 0.000000 -1.000000
vn 0.000000 0.000000 -1.000000
vn 0.000000 -1.000000 0.000000
vn 0.000000 -1.000000 0.000000
vn 0.000000 0.000000 1.000000
vn 0.000000 0.000000 1.000000
vn 0.000000 1.000000 0.000000
vn 0.000000 1.000000 0.000000
vn 0.000000 0.000000 -1.000000
vn 0.000000 0.000000 -1.000000
vn -1.000000 0.000000 0.000000
vn -1.000000 0.000000 0.000000
vn -1.000000 0.000000 0.000000
vn -1.000000 0.000000 0.000000
vn 0.000000 0.000000 -1.000000
vn 0.000000 0.000000 -1.000000
vn 0.000000 0.000000 1.000000
vn 0.000000 0.000000 1.000000
vn 0.000000 -1.000000 0.000000
vn 0.000000 -1.000000 0.000000
vn 0.000000 -1.000000 0.000000
vn 0.000000 -1.000000 0.000000
vn -1.000000 0.000000 0.000000
vn -1.000000 0.000000 0.000000
vn -1.000000 0.000000 0.000000
vn -1.000000 0.000000 0.000000
vn 1.000000 0.000000 0.000000
vn 1.000000 0.000000 0.000000
vn 1.000000 0.000000 0.000000
vn 1.000000 0.000000 0.000000
vn -1.000000 0.000000 0.000000
vn -1.000000 0.000000 0.000000
vn -1.000000 0.000000 0.000000
vn -1.000000 0.000000 0.000000
vn 0.000000 1.000000 0.000000
vn 0.000000 1.000000 0.000000
vn 0.000000 1.000000 0.000000
vn 0.000000 1.000000 0.000000
vn 1.000000 0.000000 0.000000
vn 1.000000 0.000000 0.000000
vn 1.000000 0.000000 0.000000
vn 1.000000 0.000000 0.000000
vn -1.000000 0.000000 0.000000
vn -1.000000 0.000000 0.000000
vn -1.000000 0.000000 0.000000
vn -1.000000 0.000000 0.000000
vn 1.000000 0.000000 0.000000
vn 1.000000 0.000000 0.000000
vn 1.000000 0.000000 0.000000
vn 1.000000 0.000000 0.000000
vn -1.000000 0.000000 0.000000
vn -1.000000 0.000000 0.000000
vn -1.000000 0.000000 0.000000
vn -1.000000 0.000000 0.000000
vn 1.000000 0.000000 0.000000
vn 1.000000 0.000000 0.000000
vn 1.000000 0.000000 0.000000
vn 1.000000 0.000000 0.000000
vn 0.000000 -1.000000 0.000000
vn 0.000000 -1.000000 0.000000
vn 0.000000 -1.000000 0.000000
vn 0.000000 -1.000000 0.000000
vn -1.000000 0.000000 0.000000
vn -1.000000 0.000000 0.000000
vn -1.000000 0.000000 0.000000
vn -1.000000 0.000000 0.000000
vn 0.000000 1.000000 0.000000
vn 0.000000 1.000000 0.000000
vn 0.000000 1.000000 0.000000
vn 0.000000 1.000000 0.000000
vn 1.000000 0.000000 0.000000
vn 1.000000 0.000000 0.000000
vn 1.000000 0.000000 0.000000
vn 1.000000 0.000000 0.000000
vn -1.000000 0.000000 0.000000
vn -1.000000 0.000000 0.000000
vn -1.000000 0.000000 0.000000
vn -1.000000 0.000000 0.000000
vn 1.000000 0.000000 0.000000
vn 1.000000 0.000000 0.000000
vn 1.000000 0.000000 0.000000
vn 1.000000 0.000000 0.000000
vn -1.000000 0.000000 0.000000
vn -1.000000 0.000000 0.000000
vn -1.000000 0.000000 0.000000
vn -1.000000 0.000000 0.000000
vn 0.000000 -1.000000 0.000000
vn 0.000000 -1.000000 0.000000
vn -1.000000 0.000000 0.000000
vn -1.000000 0.000000 0.000000
vn -1.000000 0.000000 0.000000
vn -1.000000 0.000000 0.000000
vn 0.000000 1.000000 0.000000
vn 0.000000 1.000000 0.000000
s 1
g pCube31
usemtl initialShadingGroup
f 74/94/85 75/95/86 76/96/87 77/97/88
s off
f 27/37/89 28/38/90 30/40/91 29/39/92
s 2
usemtl standardSurface11SG
f 60/79/93 61/80/94 32/42/95 31/41/96
s off
f 31/41/97 32/42/98 26/44/99 25/43/100
s 3
usemtl initialShadingGroup
f 26/36/101 32/45/102 61/81/103 62/82/104
s off
f 34/50/105 33/49/106 27/37/107 29/48/108
s 2
f 29/39/109 30/40/110 35/52/111 34/51/112
s 3
f 36/54/113 35/53/114 30/46/115 28/38/116
s 1
f 79/101/117 78/98/118 80/99/119 81/100/120
s off
usemtl standardSurface11SG
f 31/47/121 25/35/122 38/56/123 37/55/124
s 4
f 25/35/125 53/71/126 54/72/127 38/56/128
s off
f 33/49/129 34/50/130 40/58/131 39/57/132
s 5
f 59/77/133 60/78/134 31/47/135 37/55/136
s off
usemtl initialShadingGroup
f 37/55/137 38/56/138 42/60/139 41/59/140
s 6
f 82/102/141 83/103/142 84/104/143 85/105/144
s off
f 45/63/145 46/64/146 47/65/147 48/66/148
s 7
f 58/76/149 59/77/150 37/55/151 41/59/152
s off
f 39/57/153 40/58/154 46/64/155 45/63/156
f 40/58/157 44/62/158 47/65/159 46/64/160
f 44/62/161 43/61/162 48/66/163 47/65/164
f 87/109/165 86/106/166 88/107/167 89/108/168
usemtl standardSurface9SG
f 41/59/169 42/60/170 50/68/171 49/67/172
s 8
f 42/60/173 55/73/174 56/74/175 50/68/176
s off
f 43/61/177 44/62/178 52/70/179 51/69/180
s 9
f 57/75/181 58/76/182 41/59/183 49/67/184
s 4
usemtl standardSurface11SG
f 54/72/127 53/71/126 33/49/185 39/57/186
s 6
usemtl initialShadingGroup
f 84/104/143 83/103/142 86/106/187 87/109/188
s 8
usemtl standardSurface9SG
f 56/74/175 55/73/174 43/61/189 51/69/190
s off
f 57/75/191 56/74/192 51/69/193 52/70/194
s 9
f 44/62/195 58/76/182 57/75/181 52/70/196
s 7
usemtl initialShadingGroup
f 40/58/197 59/77/150 58/76/149 44/62/198
s 5
usemtl standardSurface11SG
f 34/50/199 60/78/134 59/77/133 40/58/200
s 2
usemtl initialShadingGroup
f 34/51/112 35/52/111 61/80/94 60/79/93
s 3
f 62/82/104 61/81/103 35/53/114 36/54/113
s 1
f 77/97/88 76/96/87 78/98/118 79/101/117
s off
usemtl standardSurface9SG
f 49/67/201 50/68/202 64/84/203 63/83/204
f 50/68/205 56/74/206 65/85/207 64/84/208
f 56/74/209 57/75/210 66/86/211 65/85/212
f 57/75/213 49/67/214 63/83/215 66/86/216
s 10
usemtl standardSurface11SG
f 63/83/217 64/84/218 68/88/219 67/87/220
s 11
f 90/110/221 91/111/222 92/112/223 93/113/224
s 12
f 70/90/225 71/91/226 72/92/227 73/93/228
s 13
f 66/86/229 63/83/230 67/87/231 69/89/232
s off
usemtl initialShadingGroup
f 65/85/233 66/86/234 71/91/235 70/90/236
s 14
usemtl standardSurface11SG
f 66/86/237 69/89/238 72/92/239 71/91/240
s 15
f 92/112/241 91/111/242 94/114/243 95/115/244
s off
usemtl initialShadingGroup
f 25/35/245 26/36/246 75/95/247 74/94/248
f 26/36/249 62/82/250 76/96/251 75/95/252
f 53/71/253 25/35/254 74/94/255 77/97/256
f 36/54/257 28/38/258 80/99/259 78/98/260
f 28/38/261 27/37/262 81/100/263 80/99/264
f 27/37/265 33/49/266 79/101/267 81/100/268
f 62/82/269 36/54/270 78/98/271 76/96/272
f 33/49/273 53/71/274 77/97/275 79/101/276
f 38/56/277 54/72/278 83/103/279 82/102/280
f 55/73/281 42/60/282 85/105/283 84/104/284
f 42/60/285 38/56/286 82/102/287 85/105/288
f 39/57/289 45/63/290 88/107/291 86/106/292
f 45/63/293 48/66/294 89/108/295 88/107/296
f 48/66/297 43/61/298 87/109/299 89/108/300
f 54/72/301 39/57/302 86/106/303 83/103/304
f 43/61/305 55/73/306 84/104/307 87/109/308
f 64/84/309 65/85/310 91/111/311 90/110/312
s 16
usemtl standardSurface11SG
f 68/88/313 64/84/314 90/110/315 93/113/316
s off
usemtl initialShadingGroup
f 65/85/317 70/90/318 94/114/319 91/111/320
s 17
usemtl standardSurface11SG
f 70/90/321 73/93/322 95/115/323 94/114/324
s 18
usemtl standardSurface9SG
f 140/116/325 143/119/326 142/118/327 141/117/328
s off
f 98/120/329 100/123/330 101/122/331 99/121/332
s 19
f 131/124/333 102/127/334 103/126/335 132/125/336
s off
f 102/127/337 96/129/338 97/128/339 103/126/340
s 20
f 97/130/341 133/133/342 132/132/343 103/131/344
s off
f 105/134/345 100/136/346 98/120/347 104/135/348
s 19
f 100/123/349 105/138/350 106/137/351 101/122/352
s 20
f 107/139/353 99/121/354 101/141/355 106/140/356
s 18
f 145/142/357 147/145/358 146/144/359 144/143/360
s off
usemtl initialShadingGroup
f 102/146/361 108/149/362 109/148/363 96/147/364
s 21
f 96/147/365 109/148/366 125/151/367 124/150/368
s off
f 104/135/369 110/153/370 111/152/371 105/134/372
s 22
f 130/154/373 108/149/374 102/146/375 131/155/376
s off
usemtl standardSurface10SG
f 108/149/377 112/157/378 113/156/379 109/148/380
s 23
f 148/158/381 151/161/382 150/160/383 149/159/384
s off
f 116/162/385 119/165/386 118/164/387 117/163/388
s 24
f 129/166/389 112/157/390 108/149/391 130/154/392
s off
f 110/153/393 116/162/394 117/163/395 111/152/396
f 111/152/397 117/163/398 118/164/399 115/167/400
f 115/167/401 118/164/402 119/165/403 114/168/404
f 153/169/405 155/172/406 154/171/407 152/170/408
usemtl initialShadingGroup
f 112/157/409 120/174/410 121/173/411 113/156/412
s 25
f 113/156/413 121/173/414 127/176/415 126/175/416
s off
f 114/168/417 122/178/418 123/177/419 115/167/420
s 26
f 128/179/421 120/174/422 112/157/423 129/166/424
s 21
f 125/151/367 110/153/425 104/135/426 124/150/368
s 23
usemtl standardSurface10SG
f 150/160/383 153/169/427 152/170/428 149/159/384
s 25
usemtl initialShadingGroup
f 127/176/415 122/178/429 114/168/430 126/175/416
s off
f 128/179/431 123/177/432 122/178/433 127/176/434
s 26
f 115/167/435 123/177/436 128/179/421 129/166/424
s 24
usemtl standardSurface10SG
f 111/152/437 115/167/438 129/166/389 130/154/392
s 22
usemtl initialShadingGroup
f 105/134/439 111/152/440 130/154/373 131/155/376
s 19
usemtl standardSurface9SG
f 105/138/350 131/124/333 132/125/336 106/137/351
s 20
f 133/133/342 107/139/353 106/140/356 132/132/343
s 18
f 143/119/326 145/142/357 144/143/360 142/118/327
s off
usemtl standardSurface11SG
f 120/174/441 134/181/442 135/180/443 121/173/444
usemtl initialShadingGroup
f 121/173/445 135/180/446 136/182/447 127/176/448
f 127/176/449 136/182/450 137/183/451 128/179/452
f 128/179/453 137/183/454 134/181/455 120/174/456
s 10
usemtl standardSurface11SG
f 134/181/457 67/185/220 68/184/219 135/180/458
s 11
f 156/186/459 93/189/224 92/188/223 157/187/460
s 12
f 138/190/461 73/193/228 72/192/227 139/191/462
s 13
f 137/183/463 69/194/232 67/185/231 134/181/464
s off
f 136/182/465 138/190/466 139/191/467 137/183/468
s 14
f 137/183/469 139/191/470 72/192/239 69/194/238
s 15
f 92/188/241 95/196/244 158/195/471 157/187/472
s off
usemtl standardSurface9SG
f 96/147/473 140/116/474 141/117/475 97/130/476
f 97/130/477 141/117/478 142/118/479 133/133/480
f 124/150/481 143/119/482 140/116/483 96/147/484
f 107/139/485 144/143/486 146/144/487 99/121/488
f 99/121/489 146/144/490 147/145/491 98/120/492
f 98/120/493 147/145/494 145/142/495 104/135/496
f 133/133/497 142/118/498 144/143/499 107/139/500
f 104/135/501 145/142/502 143/119/503 124/150/504
usemtl standardSurface10SG
f 109/148/505 148/158/506 149/159/507 125/151/508
f 126/175/509 150/160/510 151/161/511 113/156/512
usemtl initialShadingGroup
f 113/156/513 151/161/514 148/158/515 109/148/516
usemtl standardSurface10SG
f 110/153/517 152/170/518 154/171/519 116/162/520
f 116/162/521 154/171/522 155/172/523 119/165/524
f 119/165/525 155/172/526 153/169/527 114/168/528
f 125/151/529 149/159/530 152/170/531 110/153/532
f 114/168/533 153/169/534 150/160/535 126/175/536
usemtl standardSurface11SG
f 135/180/537 156/186/538 157/187/539 136/182/540
s 16
f 68/184/313 93/189/316 156/186/541 135/180/542
s off
f 136/182/543 157/187/544 158/195/545 138/190/546
s 17
f 138/190/547 158/195/548 95/196/323 73/193/322
g default
v 54.639488 8.800683 16.624779
v 61.202602 8.800683 16.624779
v 54.639488 8.993617 16.624779
v 61.202602 8.993617 16.624779
v 54.639488 8.993617 15.076359
v 61.202602 8.993617 15.076359
v 54.639488 8.800683 15.076359
v 61.202602 8.800683 15.076359
v 61.463341 8.800683 15.076359
v 61.463341 8.800683 16.624779
v 61.463341 8.993617 15.076359
v 61.463341 8.993617 16.624779
v 54.378750 8.800683 15.076359
v 54.378750 8.800683 16.624779
v 54.378750 8.993617 16.624779
v 54.378750 8.993617 15.076359
v 54.639488 8.993617 15.248142
v 54.378750 8.993617 15.248142
v 54.378750 8.800683 15.248142
v 54.639488 8.800683 15.248142
v 61.202602 8.800683 15.248142
v 61.463341 8.800683 15.248142
v 61.463341 8.993617 15.248142
v 61.202602 8.993617 15.248142
v 54.639488 8.993617 16.464699
v 54.378750 8.993617 16.464699
v 54.378750 8.800683 16.464699
v 54.639488 8.800683 16.464699
v 61.202602 8.800683 16.464699
v 61.463341 8.800683 16.464699
v 61.463341 8.993617 16.464699
v 61.202602 8.993617 16.464699
v 61.463341 9.238025 16.464699
v 61.202602 9.238025 16.464699
v 61.202602 9.238025 16.624779
v 61.463341 9.238025 16.624779
v 54.639488 9.238025 16.624779
v 54.639488 9.238025 16.464699
v 54.378750 9.238025 16.464699
v 54.378750 9.238025 16.624779
v 54.639488 9.238025 15.248142
v 54.378750 9.238025 15.248142
v 54.639488 9.238025 15.076359
v 54.378750 9.238025 15.076359
v 61.202602 9.238025 15.248142
v 61.202602 9.238025 15.076359
v 61.463341 9.238025 15.248142
v 61.463341 9.238025 15.076359
v 61.202602 8.236713 16.464699
v 61.202602 8.236713 16.624779
v 61.463341 8.236713 16.464699
v 61.463341 8.236713 16.624779
v 54.378750 8.236713 16.464699
v 54.639488 8.236713 16.464699
v 54.639488 8.236713 16.624779
v 54.378750 8.236713 16.624779
v 54.639488 8.236713 15.076359
v 54.639488 8.236713 15.248142
v 54.378750 8.236713 15.248142
v 54.378750 8.236713 15.076359
v 61.202602 8.236713 15.248142
v 61.463341 8.236713 15.248142
v 61.202602 8.236713 15.076359
v 61.463341 8.236713 15.076359
v 54.639488 6.788598 16.624779
v 61.202602 6.788598 16.624779
v 54.639488 6.981533 16.624779
v 61.202602 6.981533 16.624779
v 54.639488 6.981533 15.076359
v 61.202602 6.981533 15.076359
v 54.639488 6.788598 15.076359
v 61.202602 6.788598 15.076359
v 61.463341 6.788598 15.076359
v 61.463341 6.788598 16.624779
v 61.463341 6.981533 15.076359
v 61.463341 6.981533 16.624779
v 54.378750 6.788598 15.076359
v 54.378750 6.788598 16.624779
v 54.378750 6.981533 16.624779
v 54.378750 6.981533 15.076359
v 54.639488 6.981533 15.248142
v 54.378750 6.981533 15.248142
v 54.378750 6.788598 15.248142
v 54.639488 6.788598 15.248142
v 61.202602 6.788598 15.248142
v 61.463341 6.788598 15.248142
v 61.463341 6.981533 15.248142
v 61.202602 6.981533 15.248142
v 54.639488 6.981533 16.464699
v 54.378750 6.981533 16.464699
v 54.378750 6.788598 16.464699
v 54.639488 6.788598 16.464699
v 61.202602 6.788598 16.464699
v 61.463341 6.788598 16.464699
v 61.463341 6.981533 16.464699
v 61.202602 6.981533 16.464699
v 61.463341 7.959774 16.464699
v 61.202602 7.959774 16.464699
v 61.202602 7.959774 16.624779
v 61.463341 7.959774 16.624779
v 54.639488 7.959774 16.624779
v 54.639488 7.959774 16.464699
v 54.378750 7.959774 16.464699
v 54.378750 7.959774 16.624779
v 54.639488 7.959774 15.248142
v 54.378750 7.959774 15.248142
v 54.639488 7.959774 15.076359
v 54.378750 7.959774 15.076359
v 61.202602 7.959774 15.248142
v 61.202602 7.959774 15.076359
v 61.463341 7.959774 15.248142
v 61.463341 7.959774 15.076359
v 61.202602 6.224629 16.464699
v 61.202602 6.224629 16.624779
v 61.463341 6.224629 16.464699
v 61.463341 6.224629 16.624779
v 54.378750 6.224629 16.464699
v 54.639488 6.224629 16.464699
v 54.639488 6.224629 16.624779
v 54.378750 6.224629 16.624779
v 54.639488 6.224629 15.076359
v 54.639488 6.224629 15.248142
v 54.378750 6.224629 15.248142
v 54.378750 6.224629 15.076359
v 61.202602 6.224629 15.248142
v 61.463341 6.224629 15.248142
v 61.202602 6.224629 15.076359
v 61.463341 6.224629 15.076359
v 54.639488 4.864177 16.624779
v 61.202602 4.864177 16.624779
v 54.639488 5.057112 16.624779
v 61.202602 5.057112 16.624779
v 54.639488 5.057112 15.076359
v 61.202602 5.057112 15.076359
v 54.639488 4.864177 15.076359
v 61.202602 4.864177 15.076359
v 61.463341 4.864177 15.076359
v 61.463341 4.864177 16.624779
v 61.463341 5.057112 15.076359
v 61.463341 5.057112 16.624779
v 54.378750 4.864177 15.076359
v 54.378750 4.864177 16.624779
v 54.378750 5.057112 16.624779
v 54.378750 5.057112 15.076359
v 54.639488 5.057112 15.248142
v 54.378750 5.057112 15.248142
v 54.378750 4.864177 15.248142
v 54.639488 4.864177 15.248142
v 61.202602 4.864177 15.248142
v 61.463341 4.864177 15.248142
v 61.463341 5.057112 15.248142
v 61.202602 5.057112 15.248142
v 54.639488 5.057112 16.464699
v 54.378750 5.057112 16.464699
v 54.378750 4.864177 16.464699
v 54.639488 4.864177 16.464699
v 61.202602 4.864177 16.464699
v 61.463341 4.864177 16.464699
v 61.463341 5.057112 16.464699
v 61.202602 5.057112 16.464699
v 61.463341 6.074514 16.464699
v 61.202602 6.074514 16.464699
v 61.202602 6.074514 16.624779
v 61.463341 6.074514 16.624779
v 54.639488 6.074514 16.624779
v 54.639488 6.074514 16.464699
v 54.378750 6.074514 16.464699
v 54.378750 6.074514 16.624779
v 54.639488 6.074514 15.248142
v 54.378750 6.074514 15.248142
v 54.639488 6.074514 15.076359
v 54.378750 6.074514 15.076359
v 61.202602 6.074514 15.248142
v 61.202602 6.074514 15.076359
v 61.463341 6.074514 15.248142
v 61.463341 6.074514 15.076359
v 61.202602 4.300208 16.464699
v 61.202602 4.300208 16.624779
v 61.463341 4.300208 16.464699
v 61.463341 4.300208 16.624779
v 54.378750 4.300208 16.464699
v 54.639488 4.300208 16.464699
v 54.639488 4.300208 16.624779
v 54.378750 4.300208 16.624779
v 54.639488 4.300208 15.076359
v 54.639488 4.300208 15.248142
v 54.378750 4.300208 15.248142
v 54.378750 4.300208 15.076359
v 61.202602 4.300208 15.248142
v 61.463341 4.300208 15.248142
v 61.202602 4.300208 15.076359
v 61.463341 4.300208 15.076359
v 54.639488 2.852743 16.624779
v 61.202602 2.852743 16.624779
v 54.639488 3.045677 16.624779
v 61.202602 3.045677 16.624779
v 54.639488 3.045677 15.076359
v 61.202602 3.045677 15.076359
v 54.639488 2.852743 15.076359
v 61.202602 2.852743 15.076359
v 61.463341 2.852743 15.076359
v 61.463341 2.852743 16.624779
v 61.463341 3.045677 15.076359
v 61.463341 3.045677 16.624779
v 54.378750 2.852743 15.076359
v 54.378750 2.852743 16.624779
v 54.378750 3.045677 16.624779
v 54.378750 3.045677 15.076359
v 54.639488 3.045677 15.248142
v 54.378750 3.045677 15.248142
v 54.378750 2.852743 15.248142
v 54.639488 2.852743 15.248142
v 61.202602 2.852743 15.248142
v 61.463341 2.852743 15.248142
v 61.463341 3.045677 15.248142
v 61.202602 3.045677 15.248142
v 54.639488 3.045677 16.464699
v 54.378750 3.045677 16.464699
v 54.378750 2.852743 16.464699
v 54.639488 2.852743 16.464699
v 61.202602 2.852743 16.464699
v 61.463341 2.852743 16.464699
v 61.463341 3.045677 16.464699
v 61.202602 3.045677 16.464699
v 61.463341 4.209875 16.464699
v 61.202602 4.209875 16.464699
v 61.202602 4.209875 16.624779
v 61.463341 4.209875 16.624779
v 54.639488 4.209875 16.624779
v 54.639488 4.209875 16.464699
v 54.378750 4.209875 16.464699
v 54.378750 4.209875 16.624779
v 54.639488 4.209875 15.248142
v 54.378750 4.209875 15.248142
v 54.639488 4.209875 15.076359
v 54.378750 4.209875 15.076359
v 61.202602 4.209875 15.248142
v 61.202602 4.209875 15.076359
v 61.463341 4.209875 15.248142
v 61.463341 4.209875 15.076359
v 61.202599 2.288774 16.464699
v 61.202599 2.288774 16.624779
v 61.463341 2.288774 16.464699
v 61.463341 2.288774 16.624779
v 54.378750 2.288774 16.464699
v 54.639488 2.288774 16.464699
v 54.639488 2.288774 16.624779
v 54.378750 2.288774 16.624779
v 54.639488 2.288774 15.076359
v 54.639488 2.288774 15.248142
v 54.378750 2.288774 15.248142
v 54.378750 2.288774 15.076359
v 61.202602 2.288774 15.248142
v 61.463341 2.288774 15.248142
v 61.202602 2.288774 15.076359
v 61.463341 2.288774 15.076359
v 54.639488 0.919982 16.624779
v 61.202602 0.919982 16.624779
v 54.639488 1.112916 16.624779
v 61.202602 1.112916 16.624779
v 54.639488 1.112916 15.076359
v 61.202602 1.112916 15.076359
v 54.639488 0.919982 15.076359
v 61.202602 0.919982 15.076359
v 61.463341 0.919982 15.076359
v 61.463341 0.919982 16.624779
v 61.463341 1.112916 15.076359
v 61.463341 1.112916 16.624779
v 54.378750 0.919982 15.076359
v 54.378750 0.919982 16.624779
v 54.378750 1.112916 16.624779
v 54.378750 1.112916 15.076359
v 54.639488 1.112916 15.248142
v 54.378750 1.112916 15.248142
v 54.378750 0.919982 15.248142
v 54.639488 0.919982 15.248142
v 61.202602 0.919982 15.248142
v 61.463341 0.919982 15.248142
v 61.463341 1.112916 15.248142
v 61.202602 1.112916 15.248142
v 54.639488 1.112916 16.464699
v 54.378750 1.112916 16.464699
v 54.378750 0.919982 16.464699
v 54.639488 0.919982 16.464699
v 61.202602 0.919982 16.464699
v 61.463341 0.919982 16.464699
v 61.463341 1.112916 16.464699
v 61.202602 1.112916 16.464699
v 61.463341 2.170069 16.464699
v 61.202599 2.170069 16.464699
v 61.202599 2.170069 16.624779
v 61.463341 2.170069 16.624779
v 54.639488 2.170069 16.624779
v 54.639488 2.170069 16.464699
v 54.378750 2.170069 16.464699
v 54.378750 2.170069 16.624779
v 54.639488 2.170069 15.248142
v 54.378750 2.170069 15.248142
v 54.639488 2.170069 15.076359
v 54.378750 2.170069 15.076359
v 61.202602 2.170069 15.248142
v 61.202602 2.170069 15.076359
v 61.463341 2.170069 15.248142
v 61.463341 2.170069 15.076359
v 61.202602 0.356012 16.464699
v 61.202602 0.356012 16.624779
v 61.463341 0.356012 16.464699
v 61.463341 0.356012 16.624779
v 54.378750 0.356012 16.464699
v 54.639488 0.356012 16.464699
v 54.639488 0.356012 16.624779
v 54.378750 0.356012 16.624779
v 54.639488 0.356012 15.076359
v 54.639488 0.356012 15.248142
v 54.378750 0.356012 15.248142
v 54.378750 0.356012 15.076359
v 61.202602 0.356012 15.248142
v 61.463341 0.356012 15.248142
v 61.202602 0.356012 15.076359
v 61.463341 0.356012 15.076359
vt 0.375000 0.000000
vt 0.625000 0.000000
vt 0.375000 0.250000
vt 0.625000 0.250000
vt 0.375000 0.500000
vt 0.625000 0.500000
vt 0.375000 0.750000
vt 0.625000 0.750000
vt 0.375000 1.000000
vt 0.625000 1.000000
vt 0.875000 0.000000
vt 0.875000 0.250000
vt 0.125000 0.000000
vt 0.125000 0.250000
vt 0.625000 0.000000
vt 0.875000 0.000000
vt 0.875000 0.250000
vt 0.625000 0.250000
vt 0.125000 0.000000
vt 0.375000 0.000000
vt 0.375000 0.250000
vt 0.125000 0.250000
vt 0.166994 0.250000
vt 0.375000 0.458006
vt 0.166994 0.250000
vt 0.166994 0.000000
vt 0.166994 0.000000
vt 0.375000 0.791994
vt 0.625000 0.791994
vt 0.833006 0.000000
vt 0.833006 0.000000
vt 0.833006 0.250000
vt 0.625000 0.458006
vt 0.833006 0.250000
vt 0.314934 0.250000
vt 0.375000 0.310066
vt 0.314934 0.250000
vt 0.314934 0.000000
vt 0.314934 0.000000
vt 0.375000 0.939934
vt 0.625000 0.939934
vt 0.685066 0.000000
vt 0.685066 0.000000
vt 0.685066 0.250000
vt 0.625000 0.310066
vt 0.685066 0.250000
vt 0.685066 0.250000
vt 0.685066 0.250000
vt 0.625000 0.250000
vt 0.625000 0.250000
vt 0.375000 0.250000
vt 0.314934 0.250000
vt 0.314934 0.250000
vt 0.375000 0.250000
vt 0.166994 0.250000
vt 0.166994 0.250000
vt 0.125000 0.250000
vt 0.125000 0.250000
vt 0.875000 0.250000
vt 0.833006 0.250000
vt 0.833006 0.250000
vt 0.875000 0.250000
vt 0.625000 0.000000
vt 0.685066 0.000000
vt 0.685066 0.000000
vt 0.625000 0.000000
vt 0.314934 0.000000
vt 0.314934 0.000000
vt 0.375000 0.000000
vt 0.375000 0.000000
vt 0.125000 0.000000
vt 0.166994 0.000000
vt 0.166994 0.000000
vt 0.125000 0.000000
vt 0.833006 0.000000
vt 0.833006 0.000000
vt 0.875000 0.000000
vt 0.875000 0.000000
vt 0.375000 0.000000
vt 0.625000 0.000000
vt 0.625000 0.250000
vt 0.375000 0.250000
vt 0.625000 0.310066
vt 0.375000 0.310066
vt 0.375000 0.500000
vt 0.625000 0.500000
vt 0.625000 0.750000
vt 0.375000 0.750000
vt 0.375000 0.939934
vt 0.625000 0.939934
vt 0.625000 1.000000
vt 0.375000 1.000000
vt 0.625000 0.000000
vt 0.685066 0.000000
vt 0.685066 0.250000
vt 0.625000 0.250000
vt 0.314934 0.250000
vt 0.314934 0.000000
vt 0.375000 0.000000
vt 0.375000 0.250000
vt 0.625000 0.000000
vt 0.685066 0.000000
vt 0.685066 0.000000
vt 0.625000 0.000000
vt 0.875000 0.000000
vt 0.875000 0.250000
vt 0.875000 0.250000
vt 0.875000 0.000000
vt 0.685066 0.250000
vt 0.685066 0.250000
vt 0.625000 0.250000
vt 0.625000 0.250000
vt 0.314934 0.000000
vt 0.314934 0.000000
vt 0.375000 0.000000
vt 0.375000 0.000000
vt 0.375000 0.250000
vt 0.314934 0.250000
vt 0.314934 0.250000
vt 0.375000 0.250000
vt 0.125000 0.250000
vt 0.125000 0.000000
vt 0.125000 0.000000
vt 0.125000 0.250000
vt 0.166994 0.250000
vt 0.166994 0.250000
vt 0.125000 0.250000
vt 0.125000 0.250000
vt 0.166994 0.000000
vt 0.166994 0.250000
vt 0.125000 0.000000
vt 0.166994 0.000000
vt 0.166994 0.000000
vt 0.125000 0.000000
vt 0.625000 0.791994
vt 0.375000 0.791994
vt 0.833006 0.000000
vt 0.833006 0.000000
vt 0.875000 0.000000
vt 0.875000 0.000000
vt 0.833006 0.250000
vt 0.833006 0.000000
vt 0.875000 0.250000
vt 0.833006 0.250000
vt 0.833006 0.250000
vt 0.875000 0.250000
vt 0.375000 0.458006
vt 0.625000 0.458006
vt 0.314934 0.250000
vt 0.166994 0.250000
vt 0.166994 0.000000
vt 0.314934 0.000000
vt 0.685066 0.000000
vt 0.833006 0.000000
vt 0.833006 0.250000
vt 0.685066 0.250000
vt 0.375000 0.000000
vt 0.625000 0.000000
vt 0.625000 0.250000
vt 0.375000 0.250000
vt 0.625000 0.310066
vt 0.375000 0.310066
vt 0.375000 0.500000
vt 0.625000 0.500000
vt 0.625000 0.750000
vt 0.375000 0.750000
vt 0.375000 0.939934
vt 0.625000 0.939934
vt 0.625000 1.000000
vt 0.375000 1.000000
vt 0.625000 0.000000
vt 0.685066 0.000000
vt 0.685066 0.250000
vt 0.625000 0.250000
vt 0.314934 0.250000
vt 0.314934 0.000000
vt 0.375000 0.000000
vt 0.375000 0.250000
vt 0.625000 0.000000
vt 0.685066 0.000000
vt 0.685066 0.000000
vt 0.625000 0.000000
vt 0.875000 0.000000
vt 0.875000 0.250000
vt 0.875000 0.250000
vt 0.875000 0.000000
vt 0.685066 0.250000
vt 0.685066 0.250000
vt 0.625000 0.250000
vt 0.625000 0.250000
vt 0.314934 0.000000
vt 0.314934 0.000000
vt 0.375000 0.000000
vt 0.375000 0.000000
vt 0.375000 0.250000
vt 0.314934 0.250000
vt 0.314934 0.250000
vt 0.375000 0.250000
vt 0.125000 0.250000
vt 0.125000 0.000000
vt 0.125000 0.000000
vt 0.125000 0.250000
vt 0.166994 0.250000
vt 0.166994 0.250000
vt 0.125000 0.250000
vt 0.125000 0.250000
vt 0.166994 0.000000
vt 0.166994 0.250000
vt 0.125000 0.000000
vt 0.166994 0.000000
vt 0.166994 0.000000
vt 0.125000 0.000000
vt 0.625000 0.791994
vt 0.375000 0.791994
vt 0.833006 0.000000
vt 0.833006 0.000000
vt 0.875000 0.000000
vt 0.875000 0.000000
vt 0.833006 0.250000
vt 0.833006 0.000000
vt 0.875000 0.250000
vt 0.833006 0.250000
vt 0.833006 0.250000
vt 0.875000 0.250000
vt 0.375000 0.458006
vt 0.625000 0.458006
vt 0.314934 0.250000
vt 0.166994 0.250000
vt 0.166994 0.000000
vt 0.314934 0.000000
vt 0.685066 0.000000
vt 0.833006 0.000000
vt 0.833006 0.250000
vt 0.685066 0.250000
vt 0.375000 0.000000
vt 0.625000 0.000000
vt 0.625000 0.250000
vt 0.375000 0.250000
vt 0.625000 0.310066
vt 0.375000 0.310066
vt 0.375000 0.500000
vt 0.625000 0.500000
vt 0.625000 0.750000
vt 0.375000 0.750000
vt 0.375000 0.939934
vt 0.625000 0.939934
vt 0.625000 1.000000
vt 0.375000 1.000000
vt 0.625000 0.000000
vt 0.685066 0.000000
vt 0.685066 0.250000
vt 0.625000 0.250000
vt 0.314934 0.250000
vt 0.314934 0.000000
vt 0.375000 0.000000
vt 0.375000 0.250000
vt 0.625000 0.000000
vt 0.685066 0.000000
vt 0.685066 0.000000
vt 0.625000 0.000000
vt 0.875000 0.000000
vt 0.875000 0.250000
vt 0.875000 0.250000
vt 0.875000 0.000000
vt 0.685066 0.250000
vt 0.685066 0.250000
vt 0.625000 0.250000
vt 0.625000 0.250000
vt 0.314934 0.000000
vt 0.314934 0.000000
vt 0.375000 0.000000
vt 0.375000 0.000000
vt 0.375000 0.250000
vt 0.314934 0.250000
vt 0.314934 0.250000
vt 0.375000 0.250000
vt 0.125000 0.250000
vt 0.125000 0.000000
vt 0.125000 0.000000
vt 0.125000 0.250000
vt 0.166994 0.250000
vt 0.166994 0.250000
vt 0.125000 0.250000
vt 0.125000 0.250000
vt 0.166994 0.000000
vt 0.166994 0.250000
vt 0.125000 0.000000
vt 0.166994 0.000000
vt 0.166994 0.000000
vt 0.125000 0.000000
vt 0.625000 0.791994
vt 0.375000 0.791994
vt 0.833006 0.000000
vt 0.833006 0.000000
vt 0.875000 0.000000
vt 0.875000 0.000000
vt 0.833006 0.250000
vt 0.833006 0.000000
vt 0.875000 0.250000
vt 0.833006 0.250000
vt 0.833006 0.250000
vt 0.875000 0.250000
vt 0.375000 0.458006
vt 0.625000 0.458006
vt 0.314934 0.250000
vt 0.166994 0.250000
vt 0.166994 0.000000
vt 0.314934 0.000000
vt 0.685066 0.000000
vt 0.833006 0.000000
vt 0.833006 0.250000
vt 0.685066 0.250000
vt 0.375000 0.000000
vt 0.625000 0.000000
vt 0.625000 0.250000
vt 0.375000 0.250000
vt 0.625000 0.310066
vt 0.375000 0.310066
vt 0.375000 0.500000
vt 0.625000 0.500000
vt 0.625000 0.750000
vt 0.375000 0.750000
vt 0.375000 0.939934
vt 0.625000 0.939934
vt 0.625000 1.000000
vt 0.375000 1.000000
vt 0.625000 0.000000
vt 0.685066 0.000000
vt 0.685066 0.250000
vt 0.625000 0.250000
vt 0.314934 0.250000
vt 0.314934 0.000000
vt 0.375000 0.000000
vt 0.375000 0.250000
vt 0.625000 0.000000
vt 0.685066 0.000000
vt 0.685066 0.000000
vt 0.625000 0.000000
vt 0.875000 0.000000
vt 0.875000 0.250000
vt 0.875000 0.250000
vt 0.875000 0.000000
vt 0.685066 0.250000
vt 0.685066 0.250000
vt 0.625000 0.250000
vt 0.625000 0.250000
vt 0.314934 0.000000
vt 0.314934 0.000000
vt 0.375000 0.000000
vt 0.375000 0.000000
vt 0.375000 0.250000
vt 0.314934 0.250000
vt 0.314934 0.250000
vt 0.375000 0.250000
vt 0.125000 0.250000
vt 0.125000 0.000000
vt 0.125000 0.000000
vt 0.125000 0.250000
vt 0.166994 0.250000
vt 0.166994 0.250000
vt 0.125000 0.250000
vt 0.125000 0.250000
vt 0.166994 0.000000
vt 0.166994 0.250000
vt 0.125000 0.000000
vt 0.166994 0.000000
vt 0.166994 0.000000
vt 0.125000 0.000000
vt 0.625000 0.791994
vt 0.375000 0.791994
vt 0.833006 0.000000
vt 0.833006 0.000000
vt 0.875000 0.000000
vt 0.875000 0.000000
vt 0.833006 0.250000
vt 0.833006 0.000000
vt 0.875000 0.250000
vt 0.833006 0.250000
vt 0.833006 0.250000
vt 0.875000 0.250000
vt 0.375000 0.458006
vt 0.625000 0.458006
vt 0.314934 0.250000
vt 0.166994 0.250000
vt 0.166994 0.000000
vt 0.314934 0.000000
vt 0.685066 0.000000
vt 0.833006 0.000000
vt 0.833006 0.250000
vt 0.685066 0.250000
vn 0.000000 0.000000 1.000000
vn 0.000000 0.000000 1.000000
vn 0.000000 0.000000 1.000000
vn 0.000000 0.000000 1.000000
vn 0.000000 1.000000 0.000000
vn 0.000000 1.000000 0.000000
vn 0.000000 1.000000 0.000000
vn 0.000000 1.000000 0.000000
vn 0.000000 0.000000 -1.000000
vn 0.000000 0.000000 -1.000000
vn 0.000000 0.000000 -1.000000
vn 0.000000 0.000000 -1.000000
vn 0.000000 -1.000000 0.000000
vn 0.000000 -1.000000 0.000000
vn 0.000000 -1.000000 0.000000
vn 0.000000 -1.000000 0.000000
vn 1.000000 0.000000 0.000000
vn 1.000000 0.000000 0.000000
vn 1.000000 0.000000 0.000000
vn 1.000000 0.000000 0.000000
vn -1.000000 0.000000 0.000000
vn -1.000000 0.000000 0.000000
vn -1.000000 0.000000 0.000000
vn -1.000000 0.000000 0.000000
vn 0.000000 0.000000 -1.000000
vn 0.000000 0.000000 -1.000000
vn 0.000000 0.000000 -1.000000
vn 0.000000 0.000000 -1.000000
vn 0.000000 1.000000 0.000000
vn 0.000000 1.000000 0.000000
vn 0.000000 1.000000 0.000000
vn 0.000000 1.000000 0.000000
vn 0.000000 0.000000 1.000000
vn 0.000000 0.000000 1.000000
vn 0.000000 0.000000 1.000000
vn 0.000000 0.000000 1.000000
vn 0.000000 0.000000 1.000000
vn 0.000000 0.000000 1.000000
vn 0.000000 0.000000 1.000000
vn 0.000000 0.000000 1.000000
vn 0.000000 1.000000 0.000000
vn 0.000000 1.000000 0.000000
vn 0.000000 1.000000 0.000000
vn 0.000000 1.000000 0.000000
vn 0.000000 0.000000 -1.000000
vn 0.000000 0.000000 -1.000000
vn 0.000000 0.000000 -1.000000
vn 0.000000 0.000000 -1.000000
vn 0.000000 1.000000 0.000000
vn 0.000000 1.000000 0.000000
vn 0.000000 1.000000 0.000000
vn 0.000000 1.000000 0.000000
vn -1.000000 0.000000 0.000000
vn -1.000000 0.000000 0.000000
vn -1.000000 0.000000 0.000000
vn -1.000000 0.000000 0.000000
vn 0.000000 -1.000000 0.000000
vn 0.000000 -1.000000 0.000000
vn 0.000000 -1.000000 0.000000
vn 0.000000 -1.000000 0.000000
vn 1.000000 0.000000 0.000000
vn 1.000000 0.000000 0.000000
vn 1.000000 0.000000 0.000000
vn 1.000000 0.000000 0.000000
vn 0.000000 1.000000 0.000000
vn 0.000000 1.000000 0.000000
vn 0.000000 1.000000 0.000000
vn 0.000000 1.000000 0.000000
vn 0.000000 1.000000 0.000000
vn 0.000000 1.000000 0.000000
vn 0.000000 1.000000 0.000000
vn 0.000000 1.000000 0.000000
vn 0.000000 1.000000 0.000000
vn 0.000000 1.000000 0.000000
vn 0.000000 1.000000 0.000000
vn 0.000000 1.000000 0.000000
vn 0.000000 -1.000000 0.000000
vn 0.000000 -1.000000 0.000000
vn 0.000000 -1.000000 0.000000
vn 0.000000 -1.000000 0.000000
vn 0.000000 -1.000000 0.000000
vn 0.000000 -1.000000 0.000000
vn 0.000000 -1.000000 0.000000
vn 0.000000 -1.000000 0.000000
vn 0.000000 1.000000 0.000000
vn 0.000000 1.000000 0.000000
vn 0.000000 1.000000 0.000000
vn 0.000000 1.000000 0.000000
vn 0.000000 0.000000 -1.000000
vn 0.000000 0.000000 -1.000000
vn 0.000000 0.000000 -1.000000
vn 0.000000 0.000000 -1.000000
vn -1.000000 0.000000 0.000000
vn -1.000000 0.000000 0.000000
vn -1.000000 0.000000 0.000000
vn -1.000000 0.000000 0.000000
vn 0.000000 0.000000 1.000000
vn 0.000000 0.000000 1.000000
vn 0.000000 0.000000 1.000000
vn 0.000000 0.000000 1.000000
vn 1.000000 0.000000 0.000000
vn 1.000000 0.000000 0.000000
vn 1.000000 0.000000 0.000000
vn 1.000000 0.000000 0.000000
vn 1.000000 0.000000 0.000000
vn 1.000000 0.000000 0.000000
vn 1.000000 0.000000 0.000000
vn 1.000000 0.000000 0.000000
vn 0.000000 0.000000 -1.000000
vn 0.000000 0.000000 -1.000000
vn 0.000000 0.000000 -1.000000
vn 0.000000 0.000000 -1.000000
vn -1.000000 0.000000 0.000000
vn -1.000000 0.000000 0.000000
vn -1.000000 0.000000 0.000000
vn -1.000000 0.000000 0.000000
vn 0.000000 0.000000 1.000000
vn 0.000000 0.000000 1.000000
vn 0.000000 0.000000 1.000000
vn 0.000000 0.000000 1.000000
vn 0.000000 0.000000 1.000000
vn 0.000000 0.000000 1.000000
vn 0.000000 0.000000 1.000000
vn 0.000000 0.000000 1.000000
vn 1.000000 0.000000 0.000000
vn 1.000000 0.000000 0.000000
vn 1.000000 0.000000 0.000000
vn 1.000000 0.000000 0.000000
vn 0.000000 0.000000 -1.000000
vn 0.000000 0.000000 -1.000000
vn 0.000000 0.000000 -1.000000
vn 0.000000 0.000000 -1.000000
vn -1.000000 0.000000 0.000000
vn -1.000000 0.000000 0.000000
vn -1.000000 0.000000 0.000000
vn -1.000000 0.000000 0.000000
vn -1.000000 0.000000 0.000000
vn -1.000000 0.000000 0.000000
vn -1.000000 0.000000 0.000000
vn -1.000000 0.000000 0.000000
vn 0.000000 0.000000 1.000000
vn 0.000000 0.000000 1.000000
vn 0.000000 0.000000 1.000000
vn 0.000000 0.000000 1.000000
vn 1.000000 0.000000 0.000000
vn 1.000000 0.000000 0.000000
vn 1.000000 0.000000 0.000000
vn 1.000000 0.000000 0.000000
vn 0.000000 0.000000 -1.000000
vn 0.000000 0.000000 -1.000000
vn 0.000000 0.000000 -1.000000
vn 0.000000 0.000000 -1.000000
vn -1.000000 0.000000 0.000000
vn -1.000000 0.000000 0.000000
vn -1.000000 0.000000 0.000000
vn -1.000000 0.000000 0.000000
vn 0.000000 0.000000 -1.000000
vn 0.000000 0.000000 -1.000000
vn 0.000000 0.000000 -1.000000
vn 0.000000 0.000000 -1.000000
vn 1.000000 0.000000 0.000000
vn 1.000000 0.000000 0.000000
vn 1.000000 0.000000 0.000000
vn 1.000000 0.000000 0.000000
vn 0.000000 0.000000 1.000000
vn 0.000000 0.000000 1.000000
vn 0.000000 0.000000 1.000000
vn 0.000000 0.000000 1.000000
vn 0.000000 0.000000 -1.000000
vn 0.000000 0.000000 -1.000000
vn 0.000000 0.000000 -1.000000
vn 0.000000 0.000000 -1.000000
vn 1.000000 0.000000 0.000000
vn 1.000000 0.000000 0.000000
vn 1.000000 0.000000 0.000000
vn 1.000000 0.000000 0.000000
vn 0.000000 0.000000 1.000000
vn 0.000000 0.000000 1.000000
vn 0.000000 0.000000 1.000000
vn 0.000000 0.000000 1.000000
vn -1.000000 0.000000 0.000000
vn -1.000000 0.000000 0.000000
vn -1.000000 0.000000 0.000000
vn -1.000000 0.000000 0.000000
vn 1.000000 0.000000 0.000000
vn 1.000000 0.000000 0.000000
vn 1.000000 0.000000 0.000000
vn 1.000000 0.000000 0.000000
vn 0.000000 0.000000 1.000000
vn 0.000000 0.000000 1.000000
vn 0.000000 0.000000 1.000000
vn 0.000000 0.000000 1.000000
vn -1.000000 0.000000 0.000000
vn -1.000000 0.000000 0.000000
vn -1.000000 0.000000 0.000000
vn -1.000000 0.000000 0.000000
vn 0.000000 0.000000 -1.000000
vn 0.000000 0.000000 -1.000000
vn 0.000000 0.000000 -1.000000
vn 0.000000 0.000000 -1.000000
vn 0.000000 0.000000 1.000000
vn 0.000000 0.000000 1.000000
vn 0.000000 0.000000 1.000000
vn 0.000000 0.000000 1.000000
vn -1.000000 0.000000 0.000000
vn -1.000000 0.000000 0.000000
vn -1.000000 0.000000 0.000000
vn -1.000000 0.000000 0.000000
vn 0.000000 0.000000 -1.000000
vn 0.000000 0.000000 -1.000000
vn 0.000000 0.000000 -1.000000
vn 0.000000 0.000000 -1.000000
vn 1.000000 0.000000 0.000000
vn 1.000000 0.000000 0.000000
vn 1.000000 0.000000 0.000000
vn 1.000000 0.000000 0.000000
vn 0.000000 0.000000 1.000000
vn 0.000000 0.000000 1.000000
vn 0.000000 0.000000 1.000000
vn 0.000000 0.000000 1.000000
vn 0.000000 1.000000 0.000000
vn 0.000000 1.000000 0.000000
vn 0.000000 1.000000 0.000000
vn 0.000000 1.000000 0.000000
vn 0.000000 0.000000 -1.000000
vn 0.000000 0.000000 -1.000000
vn 0.000000 0.000000 -1.000000
vn 0.000000 0.000000 -1.000000
vn 0.000000 -1.000000 0.000000
vn 0.000000 -1.000000 0.000000
vn 0.000000 -1.000000 0.000000
vn 0.000000 -1.000000 0.000000
vn 1.000000 0.000000 0.000000
vn 1.000000 0.000000 0.000000
vn 1.000000 0.000000 0.000000
vn 1.000000 0.000000 0.000000
vn -1.000000 0.000000 0.000000
vn -1.000000 0.000000 0.000000
vn -1.000000 0.000000 0.000000
vn -1.000000 0.000000 0.000000
vn 0.000000 0.000000 -1.000000
vn 0.000000 0.000000 -1.000000
vn 0.000000 0.000000 -1.000000
vn 0.000000 0.000000 -1.000000
vn 0.000000 0.000000 1.000000
vn 0.000000 0.000000 1.000000
vn 0.000000 0.000000 1.000000
vn 0.000000 0.000000 1.000000
vn 0.000000 0.000000 1.000000
vn 0.000000 0.000000 1.000000
vn 0.000000 0.000000 1.000000
vn 0.000000 0.000000 1.000000
vn 0.000000 0.000000 -1.000000
vn 0.000000 0.000000 -1.000000
vn 0.000000 0.000000 -1.000000
vn 0.000000 0.000000 -1.000000
vn -1.000000 0.000000 0.000000
vn -1.000000 0.000000 0.000000
vn -1.000000 0.000000 0.000000
vn -1.000000 0.000000 0.000000
vn 0.000000 -1.000000 0.000000
vn 0.000000 -1.000000 0.000000
vn 0.000000 -1.000000 0.000000
vn 0.000000 -1.000000 0.000000
vn 1.000000 0.000000 0.000000
vn 1.000000 0.000000 0.000000
vn 1.000000 0.000000 0.000000
vn 1.000000 0.000000 0.000000
vn 0.000000 1.000000 0.000000
vn 0.000000 1.000000 0.000000
vn 0.000000 1.000000 0.000000
vn 0.000000 1.000000 0.000000
vn 0.000000 1.000000 0.000000
vn 0.000000 1.000000 0.000000
vn 0.000000 1.000000 0.000000
vn 0.000000 1.000000 0.000000
vn 0.000000 -1.000000 0.000000
vn 0.000000 -1.000000 0.000000
vn 0.000000 -1.000000 0.000000
vn 0.000000 -1.000000 0.000000
vn 0.000000 -1.000000 0.000000
vn 0.000000 -1.000000 0.000000
vn 0.000000 -1.000000 0.000000
vn 0.000000 -1.000000 0.000000
vn 0.000000 1.000000 0.000000
vn 0.000000 1.000000 0.000000
vn 0.000000 1.000000 0.000000
vn 0.000000 1.000000 0.000000
vn 0.000000 0.000000 -1.000000
vn 0.000000 0.000000 -1.000000
vn 0.000000 0.000000 -1.000000
vn 0.000000 0.000000 -1.000000
vn -1.000000 0.000000 0.000000
vn -1.000000 0.000000 0.000000
vn -1.000000 0.000000 0.000000
vn -1.000000 0.000000 0.000000
vn 0.000000 0.000000 1.000000
vn 0.000000 0.000000 1.000000
vn 0.000000 0.000000 1.000000
vn 0.000000 0.000000 1.000000
vn 1.000000 0.000000 0.000000
vn 1.000000 0.000000 0.000000
vn 1.000000 0.000000 0.000000
vn 1.000000 0.000000 0.000000
vn 1.000000 0.000000 0.000000
vn 1.000000 0.000000 0.000000
vn 1.000000 0.000000 0.000000
vn 1.000000 0.000000 0.000000
vn 0.000000 0.000000 -1.000000
vn 0.000000 0.000000 -1.000000
vn 0.000000 0.000000 -1.000000
vn 0.000000 0.000000 -1.000000
vn -1.000000 0.000000 0.000000
vn -1.000000 0.000000 0.000000
vn -1.000000 0.000000 0.000000
vn -1.000000 0.000000 0.000000
vn 0.000000 0.000000 1.000000
vn 0.000000 0.000000 1.000000
vn 0.000000 0.000000 1.000000
vn 0.000000 0.000000 1.000000
vn 0.000000 0.000000 1.000000
vn 0.000000 0.000000 1.000000
vn 0.000000 0.000000 1.000000
vn 0.000000 0.000000 1.000000
vn 1.000000 0.000000 0.000000
vn 1.000000 0.000000 0.000000
vn 1.000000 0.000000 0.000000
vn 1.000000 0.000000 0.000000
vn 0.000000 0.000000 -1.000000
vn 0.000000 0.000000 -1.000000
vn 0.000000 0.000000 -1.000000
vn 0.000000 0.000000 -1.000000
vn -1.000000 0.000000 0.000000
vn -1.000000 0.000000 0.000000
vn -1.000000 0.000000 0.000000
vn -1.000000 0.000000 0.000000
vn -1.000000 0.000000 0.000000
vn -1.000000 0.000000 0.000000
vn -1.000000 0.000000 0.000000
vn -1.000000 0.000000 0.000000
vn 0.000000 0.000000 1.000000
vn 0.000000 0.000000 1.000000
vn 0.000000 0.000000 1.000000
vn 0.000000 0.000000 1.000000
vn 1.000000 0.000000 0.000000
vn 1.000000 0.000000 0.000000
vn 1.000000 0.000000 0.000000
vn 1.000000 0.000000 0.000000
vn 0.000000 0.000000 -1.000000
vn 0.000000 0.000000 -1.000000
vn 0.000000 0.000000 -1.000000
vn 0.000000 0.000000 -1.000000
vn -1.000000 0.000000 0.000000
vn -1.000000 0.000000 0.000000
vn -1.000000 0.000000 0.000000
vn -1.000000 0.000000 0.000000
vn 0.000000 0.000000 -1.000000
vn 0.000000 0.000000 -1.000000
vn 0.000000 0.000000 -1.000000
vn 0.000000 0.000000 -1.000000
vn 1.000000 0.000000 0.000000
vn 1.000000 0.000000 0.000000
vn 1.000000 0.000000 0.000000
vn 1.000000 0.000000 0.000000
vn 0.000000 0.000000 1.000000
vn 0.000000 0.000000 1.000000
vn 0.000000 0.000000 1.000000
vn 0.000000 0.000000 1.000000
vn 0.000000 0.000000 -1.000000
vn 0.000000 0.000000 -1.000000
vn 0.000000 0.000000 -1.000000
vn 0.000000 0.000000 -1.000000
vn 1.000000 0.000000 0.000000
vn 1.000000 0.000000 0.000000
vn 1.000000 0.000000 0.000000
vn 1.000000 0.000000 0.000000
vn 0.000000 0.000000 1.000000
vn 0.000000 0.000000 1.000000
vn 0.000000 0.000000 1.000000
vn 0.000000 0.000000 1.000000
vn -1.000000 0.000000 0.000000
vn -1.000000 0.000000 0.000000
vn -1.000000 0.000000 0.000000
vn -1.000000 0.000000 0.000000
vn 1.000000 0.000000 0.000000
vn 1.000000 0.000000 0.000000
vn 1.000000 0.000000 0.000000
vn 1.000000 0.000000 0.000000
vn 0.000000 0.000000 1.000000
vn 0.000000 0.000000 1.000000
vn 0.000000 0.000000 1.000000
vn 0.000000 0.000000 1.000000
vn -1.000000 0.000000 0.000000
vn -1.000000 0.000000 0.000000
vn -1.000000 0.000000 0.000000
vn -1.000000 0.000000 0.000000
vn 0.000000 0.000000 -1.000000
vn 0.000000 0.000000 -1.000000
vn 0.000000 0.000000 -1.000000
vn 0.000000 0.000000 -1.000000
vn 0.000000 0.000000 1.000000
vn 0.000000 0.000000 1.000000
vn 0.000000 0.000000 1.000000
vn 0.000000 0.000000 1.000000
vn -1.000000 0.000000 0.000000
vn -1.000000 0.000000 0.000000
vn -1.000000 0.000000 0.000000
vn -1.000000 0.000000 0.000000
vn 0.000000 0.000000 -1.000000
vn 0.000000 0.000000 -1.000000
vn 0.000000 0.000000 -1.000000
vn 0.000000 0.000000 -1.000000
vn 1.000000 0.000000 0.000000
vn 1.000000 0.000000 0.000000
vn 1.000000 0.000000 0.000000
vn 1.000000 0.000000 0.000000
vn 0.000000 0.000000 1.000000
vn 0.000000 0.000000 1.000000
vn 0.000000 0.000000 1.000000
vn 0.000000 0.000000 1.000000
vn 0.000000 1.000000 0.000000
vn 0.000000 1.000000 0.000000
vn 0.000000 1.000000 0.000000
vn 0.000000 1.000000 0.000000
vn 0.000000 0.000000 -1.000000
vn 0.000000 0.000000 -1.000000
vn 0.000000 0.000000 -1.000000
vn 0.000000 0.000000 -1.000000
vn 0.000000 -1.000000 0.000000
vn 0.000000 -1.000000 0.000000
vn 0.000000 -1.000000 0.000000
vn 0.000000 -1.000000 0.000000
vn 1.000000 0.000000 0.000000
vn 1.000000 0.000000 0.000000
vn 1.000000 0.000000 0.000000
vn 1.000000 0.000000 0.000000
vn -1.000000 0.000000 0.000000
vn -1.000000 0.000000 0.000000
vn -1.000000 0.000000 0.000000
vn -1.000000 0.000000 0.000000
vn 0.000000 0.000000 -1.000000
vn 0.000000 0.000000 -1.000000
vn 0.000000 0.000000 -1.000000
vn 0.000000 0.000000 -1.000000
vn 0.000000 0.000000 1.000000
vn 0.000000 0.000000 1.000000
vn 0.000000 0.000000 1.000000
vn 0.000000 0.000000 1.000000
vn 0.000000 0.000000 1.000000
vn 0.000000 0.000000 1.000000
vn 0.000000 0.000000 1.000000
vn 0.000000 0.000000 1.000000
vn 0.000000 0.000000 -1.000000
vn 0.000000 0.000000 -1.000000
vn 0.000000 0.000000 -1.000000
vn 0.000000 0.000000 -1.000000
vn -1.000000 0.000000 0.000000
vn -1.000000 0.000000 0.000000
vn -1.000000 0.000000 0.000000
vn -1.000000 0.000000 0.000000
vn 0.000000 -1.000000 0.000000
vn 0.000000 -1.000000 0.000000
vn 0.000000 -1.000000 0.000000
vn 0.000000 -1.000000 0.000000
vn 1.000000 0.000000 0.000000
vn 1.000000 0.000000 0.000000
vn 1.000000 0.000000 0.000000
vn 1.000000 0.000000 0.000000
vn 0.000000 1.000000 0.000000
vn 0.000000 1.000000 0.000000
vn 0.000000 1.000000 0.000000
vn 0.000000 1.000000 0.000000
vn 0.000000 1.000000 0.000000
vn 0.000000 1.000000 0.000000
vn 0.000000 1.000000 0.000000
vn 0.000000 1.000000 0.000000
vn 0.000000 -1.000000 0.000000
vn 0.000000 -1.000000 0.000000
vn 0.000000 -1.000000 0.000000
vn 0.000000 -1.000000 0.000000
vn 0.000000 -1.000000 0.000000
vn 0.000000 -1.000000 0.000000
vn 0.000000 -1.000000 0.000000
vn 0.000000 -1.000000 0.000000
vn 0.000000 1.000000 0.000000
vn 0.000000 1.000000 0.000000
vn 0.000000 1.000000 0.000000
vn 0.000000 1.000000 0.000000
vn 0.000000 0.000000 -1.000000
vn 0.000000 0.000000 -1.000000
vn 0.000000 0.000000 -1.000000
vn 0.000000 0.000000 -1.000000
vn -1.000000 0.000000 0.000000
vn -1.000000 0.000000 0.000000
vn -1.000000 0.000000 0.000000
vn -1.000000 0.000000 0.000000
vn 0.000000 0.000000 1.000000
vn 0.000000 0.000000 1.000000
vn 0.000000 0.000000 1.000000
vn 0.000000 0.000000 1.000000
vn 1.000000 0.000000 0.000000
vn 1.000000 0.000000 0.000000
vn 1.000000 0.000000 0.000000
vn 1.000000 0.000000 0.000000
vn 1.000000 0.000000 0.000000
vn 1.000000 0.000000 0.000000
vn 1.000000 0.000000 0.000000
vn 1.000000 0.000000 0.000000
vn 0.000000 0.000000 -1.000000
vn 0.000000 0.000000 -1.000000
vn 0.000000 0.000000 -1.000000
vn 0.000000 0.000000 -1.000000
vn -1.000000 0.000000 0.000000
vn -1.000000 0.000000 0.000000
vn -1.000000 0.000000 0.000000
vn -1.000000 0.000000 0.000000
vn 0.000000 0.000000 1.000000
vn 0.000000 0.000000 1.000000
vn 0.000000 0.000000 1.000000
vn 0.000000 0.000000 1.000000
vn 0.000000 0.000000 1.000000
vn 0.000000 0.000000 1.000000
vn 0.000000 0.000000 1.000000
vn 0.000000 0.000000 1.000000
vn 1.000000 0.000000 0.000000
vn 1.000000 0.000000 0.000000
vn 1.000000 0.000000 0.000000
vn 1.000000 0.000000 0.000000
vn 0.000000 0.000000 -1.000000
vn 0.000000 0.000000 -1.000000
vn 0.000000 0.000000 -1.000000
vn 0.000000 0.000000 -1.000000
vn -1.000000 0.000000 0.000000
vn -1.000000 0.000000 0.000000
vn -1.000000 0.000000 0.000000
vn -1.000000 0.000000 0.000000
vn -1.000000 0.000000 0.000000
vn -1.000000 0.000000 0.000000
vn -1.000000 0.000000 0.000000
vn -1.000000 0.000000 0.000000
vn 0.000000 0.000000 1.000000
vn 0.000000 0.000000 1.000000
vn 0.000000 0.000000 1.000000
vn 0.000000 0.000000 1.000000
vn 1.000000 0.000000 0.000000
vn 1.000000 0.000000 0.000000
vn 1.000000 0.000000 0.000000
vn 1.000000 0.000000 0.000000
vn 0.000000 0.000000 -1.000000
vn 0.000000 0.000000 -1.000000
vn 0.000000 0.000000 -1.000000
vn 0.000000 0.000000 -1.000000
vn -1.000000 0.000000 0.000000
vn -1.000000 0.000000 0.000000
vn -1.000000 0.000000 0.000000
vn -1.000000 0.000000 0.000000
vn 0.000000 0.000000 -1.000000
vn 0.000000 0.000000 -1.000000
vn 0.000000 0.000000 -1.000000
vn 0.000000 0.000000 -1.000000
vn 1.000000 0.000000 0.000000
vn 1.000000 0.000000 0.000000
vn 1.000000 0.000000 0.000000
vn 1.000000 0.000000 0.000000
vn 0.000000 0.000000 1.000000
vn 0.000000 0.000000 1.000000
vn 0.000000 0.000000 1.000000
vn 0.000000 0.000000 1.000000
vn 0.000000 0.000000 -1.000000
vn 0.000000 0.000000 -1.000000
vn 0.000000 0.000000 -1.000000
vn 0.000000 0.000000 -1.000000
vn 1.000000 0.000000 0.000000
vn 1.000000 0.000000 0.000000
vn 1.000000 0.000000 0.000000
vn 1.000000 0.000000 0.000000
vn 0.000000 0.000000 1.000000
vn 0.000000 0.000000 1.000000
vn 0.000000 0.000000 1.000000
vn 0.000000 0.000000 1.000000
vn -1.000000 0.000000 0.000000
vn -1.000000 0.000000 0.000000
vn -1.000000 0.000000 0.000000
vn -1.000000 0.000000 0.000000
vn 1.000000 0.000000 0.000000
vn 1.000000 0.000000 0.000000
vn 1.000000 0.000000 0.000000
vn 1.000000 0.000000 0.000000
vn 0.000000 0.000000 1.000000
vn 0.000000 0.000000 1.000000
vn 0.000000 0.000000 1.000000
vn 0.000000 0.000000 1.000000
vn -1.000000 0.000000 0.000000
vn -1.000000 0.000000 0.000000
vn -1.000000 0.000000 0.000000
vn -1.000000 0.000000 0.000000
vn 0.000000 0.000000 -1.000000
vn 0.000000 0.000000 -1.000000
vn 0.000000 0.000000 -1.000000
vn 0.000000 0.000000 -1.000000
vn 0.000000 0.000000 1.000000
vn 0.000000 0.000000 1.000000
vn 0.000000 0.000000 1.000000
vn 0.000000 0.000000 1.000000
vn -1.000000 0.000000 0.000000
vn -1.000000 0.000000 0.000000
vn -1.000000 0.000000 0.000000
vn -1.000000 0.000000 0.000000
vn 0.000000 0.000000 -1.000000
vn 0.000000 0.000000 -1.000000
vn 0.000000 0.000000 -1.000000
vn 0.000000 0.000000 -1.000000
vn 1.000000 0.000000 0.000000
vn 1.000000 0.000000 0.000000
vn 1.000000 0.000000 0.000000
vn 1.000000 0.000000 0.000000
vn 0.000000 0.000000 1.000000
vn 0.000000 0.000000 1.000000
vn 0.000000 0.000000 1.000000
vn 0.000000 0.000000 1.000000
vn 0.000000 1.000000 0.000000
vn 0.000000 1.000000 0.000000
vn 0.000000 1.000000 0.000000
vn 0.000000 1.000000 0.000000
vn 0.000000 0.000000 -1.000000
vn 0.000000 0.000000 -1.000000
vn 0.000000 0.000000 -1.000000
vn 0.000000 0.000000 -1.000000
vn 0.000000 -1.000000 0.000000
vn 0.000000 -1.000000 0.000000
vn 0.000000 -1.000000 0.000000
vn 0.000000 -1.000000 0.000000
vn 1.000000 0.000000 0.000000
vn 1.000000 0.000000 0.000000
vn 1.000000 0.000000 0.000000
vn 1.000000 0.000000 0.000000
vn -1.000000 0.000000 0.000000
vn -1.000000 0.000000 0.000000
vn -1.000000 0.000000 0.000000
vn -1.000000 0.000000 0.000000
vn 0.000000 0.000000 -1.000000
vn 0.000000 0.000000 -1.000000
vn 0.000000 0.000000 -1.000000
vn 0.000000 0.000000 -1.000000
vn 0.000000 0.000000 1.000000
vn 0.000000 0.000000 1.000000
vn 0.000000 0.000000 1.000000
vn 0.000000 0.000000 1.000000
vn 0.000000 0.000000 1.000000
vn 0.000000 0.000000 1.000000
vn 0.000000 0.000000 1.000000
vn 0.000000 0.000000 1.000000
vn 0.000000 0.000000 -1.000000
vn 0.000000 0.000000 -1.000000
vn 0.000000 0.000000 -1.000000
vn 0.000000 0.000000 -1.000000
vn -1.000000 0.000000 0.000000
vn -1.000000 0.000000 0.000000
vn -1.000000 0.000000 0.000000
vn -1.000000 0.000000 0.000000
vn 0.000000 -1.000000 0.000000
vn 0.000000 -1.000000 0.000000
vn 0.000000 -1.000000 0.000000
vn 0.000000 -1.000000 0.000000
vn 1.000000 0.000000 0.000000
vn 1.000000 0.000000 0.000000
vn 1.000000 0.000000 0.000000
vn 1.000000 0.000000 0.000000
vn 0.000000 1.000000 0.000000
vn 0.000000 1.000000 0.000000
vn 0.000000 1.000000 0.000000
vn 0.000000 1.000000 0.000000
vn 0.000000 1.000000 0.000000
vn 0.000000 1.000000 0.000000
vn 0.000000 1.000000 0.000000
vn 0.000000 1.000000 0.000000
vn 0.000000 -1.000000 0.000000
vn 0.000000 -1.000000 0.000000
vn 0.000000 -1.000000 0.000000
vn 0.000000 -1.000000 0.000000
vn 0.000000 -1.000000 0.000000
vn 0.000000 -1.000000 0.000000
vn 0.000000 -1.000000 0.000000
vn 0.000000 -1.000000 0.000000
vn 0.000000 1.000000 0.000000
vn 0.000000 1.000000 0.000000
vn 0.000000 1.000000 0.000000
vn 0.000000 1.000000 0.000000
vn 0.000000 0.000000 -1.000000
vn 0.000000 0.000000 -1.000000
vn 0.000000 0.000000 -1.000000
vn 0.000000 0.000000 -1.000000
vn -1.000000 0.000000 0.000000
vn -1.000000 0.000000 0.000000
vn -1.000000 0.000000 0.000000
vn -1.000000 0.000000 0.000000
vn 0.000000 0.000000 1.000000
vn 0.000000 0.000000 1.000000
vn 0.000000 0.000000 1.000000
vn 0.000000 0.000000 1.000000
vn 1.000000 0.000000 0.000000
vn 1.000000 0.000000 0.000000
vn 1.000000 0.000000 0.000000
vn 1.000000 0.000000 0.000000
vn 1.000000 0.000000 0.000000
vn 1.000000 0.000000 0.000000
vn 1.000000 0.000000 0.000000
vn 1.000000 0.000000 0.000000
vn 0.000000 0.000000 -1.000000
vn 0.000000 0.000000 -1.000000
vn 0.000000 0.000000 -1.000000
vn 0.000000 0.000000 -1.000000
vn -1.000000 0.000000 0.000000
vn -1.000000 0.000000 0.000000
vn -1.000000 0.000000 0.000000
vn -1.000000 0.000000 0.000000
vn 0.000000 0.000000 1.000000
vn 0.000000 0.000000 1.000000
vn 0.000000 0.000000 1.000000
vn 0.000000 0.000000 1.000000
vn 0.000000 0.000000 1.000000
vn 0.000000 0.000000 1.000000
vn 0.000000 0.000000 1.000000
vn 0.000000 0.000000 1.000000
vn 1.000000 0.000000 0.000000
vn 1.000000 0.000000 0.000000
vn 1.000000 0.000000 0.000000
vn 1.000000 0.000000 0.000000
vn 0.000000 0.000000 -1.000000
vn 0.000000 0.000000 -1.000000
vn 0.000000 0.000000 -1.000000
vn 0.000000 0.000000 -1.000000
vn -1.000000 0.000000 0.000000
vn -1.000000 0.000000 0.000000
vn -1.000000 0.000000 0.000000
vn -1.000000 0.000000 0.000000
vn -1.000000 0.000000 0.000000
vn -1.000000 0.000000 0.000000
vn -1.000000 0.000000 0.000000
vn -1.000000 0.000000 0.000000
vn 0.000000 0.000000 1.000000
vn 0.000000 0.000000 1.000000
vn 0.000000 0.000000 1.000000
vn 0.000000 0.000000 1.000000
vn 1.000000 0.000000 0.000000
vn 1.000000 0.000000 0.000000
vn 1.000000 0.000000 0.000000
vn 1.000000 0.000000 0.000000
vn 0.000000 0.000000 -1.000000
vn 0.000000 0.000000 -1.000000
vn 0.000000 0.000000 -1.000000
vn 0.000000 0.000000 -1.000000
vn -1.000000 0.000011 0.000000
vn -1.000000 0.000011 0.000000
vn -1.000000 0.000011 0.000000
vn -1.000000 0.000011 0.000000
vn 0.000000 0.000000 -1.000000
vn 0.000000 0.000000 -1.000000
vn 0.000000 0.000000 -1.000000
vn 0.000000 0.000000 -1.000000
vn 1.000000 0.000000 0.000000
vn 1.000000 0.000000 0.000000
vn 1.000000 0.000000 0.000000
vn 1.000000 0.000000 0.000000
vn 0.000000 0.000000 1.000000
vn 0.000000 0.000000 1.000000
vn 0.000000 0.000000 1.000000
vn 0.000000 0.000000 1.000000
vn 0.000000 0.000000 -1.000000
vn 0.000000 0.000000 -1.000000
vn 0.000000 0.000000 -1.000000
vn 0.000000 0.000000 -1.000000
vn 1.000000 0.000000 0.000000
vn 1.000000 0.000000 0.000000
vn 1.000000 0.000000 0.000000
vn 1.000000 0.000000 0.000000
vn 0.000000 0.000000 1.000000
vn 0.000000 0.000000 1.000000
vn 0.000000 0.000000 1.000000
vn 0.000000 0.000000 1.000000
vn -1.000000 0.000000 0.000000
vn -1.000000 0.000000 0.000000
vn -1.000000 0.000000 0.000000
vn -1.000000 0.000000 0.000000
vn 1.000000 0.000000 0.000000
vn 1.000000 0.000000 0.000000
vn 1.000000 0.000000 0.000000
vn 1.000000 0.000000 0.000000
vn 0.000000 0.000000 1.000000
vn 0.000000 0.000000 1.000000
vn 0.000000 0.000000 1.000000
vn 0.000000 0.000000 1.000000
vn -1.000000 0.000000 0.000000
vn -1.000000 0.000000 0.000000
vn -1.000000 0.000000 0.000000
vn -1.000000 0.000000 0.000000
vn 0.000000 0.000000 -1.000000
vn 0.000000 0.000000 -1.000000
vn 0.000000 0.000000 -1.000000
vn 0.000000 0.000000 -1.000000
vn 0.000000 0.000000 1.000000
vn 0.000000 0.000000 1.000000
vn 0.000000 0.000000 1.000000
vn 0.000000 0.000000 1.000000
vn -1.000000 0.000000 0.000000
vn -1.000000 0.000000 0.000000
vn -1.000000 0.000000 0.000000
vn -1.000000 0.000000 0.000000
vn 0.000000 0.000000 -1.000000
vn 0.000000 0.000000 -1.000000
vn 0.000000 0.000000 -1.000000
vn 0.000000 0.000000 -1.000000
vn 1.000000 0.000000 0.000000
vn 1.000000 0.000000 0.000000
vn 1.000000 0.000000 0.000000
vn 1.000000 0.000000 0.000000
vn 0.000000 0.000000 1.000000
vn 0.000000 0.000000 1.000000
vn 0.000000 0.000000 1.000000
vn 0.000000 0.000000 1.000000
vn 0.000000 1.000000 0.000000
vn 0.000000 1.000000 0.000000
vn 0.000000 1.000000 0.000000
vn 0.000000 1.000000 0.000000
vn 0.000000 0.000000 -1.000000
vn 0.000000 0.000000 -1.000000
vn 0.000000 0.000000 -1.000000
vn 0.000000 0.000000 -1.000000
vn 0.000000 -1.000000 0.000000
vn 0.000000 -1.000000 0.000000
vn 0.000000 -1.000000 0.000000
vn 0.000000 -1.000000 0.000000
vn 1.000000 0.000000 0.000000
vn 1.000000 0.000000 0.000000
vn 1.000000 0.000000 0.000000
vn 1.000000 0.000000 0.000000
vn -1.000000 0.000000 0.000000
vn -1.000000 0.000000 0.000000
vn -1.000000 0.000000 0.000000
vn -1.000000 0.000000 0.000000
vn 0.000000 -1.000000 0.000000
vn 0.000000 -1.000000 0.000000
vn 0.000000 -1.000000 0.000000
vn 0.000000 -1.000000 0.000000
vn 0.000000 0.000000 -1.000000
vn 0.000000 0.000000 -1.000000
vn 0.000000 0.000000 -1.000000
vn 0.000000 0.000000 -1.000000
vn 0.000000 0.000000 1.000000
vn 0.000000 0.000000 1.000000
vn 0.000000 0.000000 1.000000
vn 0.000000 0.000000 1.000000
vn 0.000000 -1.000000 0.000000
vn 0.000000 -1.000000 0.000000
vn 0.000000 -1.000000 0.000000
vn 0.000000 -1.000000 0.000000
vn 0.000000 0.000000 1.000000
vn 0.000000 0.000000 1.000000
vn 0.000000 0.000000 1.000000
vn 0.000000 0.000000 1.000000
vn 0.000000 0.000000 -1.000000
vn 0.000000 0.000000 -1.000000
vn 0.000000 0.000000 -1.000000
vn 0.000000 0.000000 -1.000000
vn -1.000000 0.000000 0.000000
vn -1.000000 0.000000 0.000000
vn -1.000000 0.000000 0.000000
vn -1.000000 0.000000 0.000000
vn 0.000000 -1.000000 0.000000
vn 0.000000 -1.000000 0.000000
vn 0.000000 -1.000000 0.000000
vn 0.000000 -1.000000 0.000000
vn 0.000000 -1.000000 0.000000
vn 0.000000 -1.000000 0.000000
vn 0.000000 -1.000000 0.000000
vn 0.000000 -1.000000 0.000000
vn 0.000000 -1.000000 0.000000
vn 0.000000 -1.000000 0.000000
vn 0.000000 -1.000000 0.000000
vn 0.000000 -1.000000 0.000000
vn 1.000000 0.000000 0.000000
vn 1.000000 0.000000 0.000000
vn 1.000000 0.000000 0.000000
vn 1.000000 0.000000 0.000000
vn 0.000000 1.000000 0.000000
vn 0.000000 1.000000 0.000000
vn 0.000000 1.000000 0.000000
vn 0.000000 1.000000 0.000000
vn 0.000000 1.000000 0.000000
vn 0.000000 1.000000 0.000000
vn 0.000000 1.000000 0.000000
vn 0.000000 1.000000 0.000000
vn 0.000000 -1.000000 0.000000
vn 0.000000 -1.000000 0.000000
vn 0.000000 -1.000000 0.000000
vn 0.000000 -1.000000 0.000000
vn 0.000000 -1.000000 0.000000
vn 0.000000 -1.000000 0.000000
vn 0.000000 -1.000000 0.000000
vn 0.000000 -1.000000 0.000000
vn 0.000000 1.000000 0.000000
vn 0.000000 1.000000 0.000000
vn 0.000000 1.000000 0.000000
vn 0.000000 1.000000 0.000000
vn 0.000000 0.000000 -1.000000
vn 0.000000 0.000000 -1.000000
vn 0.000000 0.000000 -1.000000
vn 0.000000 0.000000 -1.000000
vn -1.000000 -0.000006 0.000000
vn -1.000000 -0.000006 0.000000
vn -1.000000 -0.000006 0.000000
vn -1.000000 -0.000006 0.000000
vn 0.000000 0.000000 1.000000
vn 0.000000 0.000000 1.000000
vn 0.000000 0.000000 1.000000
vn 0.000000 0.000000 1.000000
vn 1.000000 0.000000 0.000000
vn 1.000000 0.000000 0.000000
vn 1.000000 0.000000 0.000000
vn 1.000000 0.000000 0.000000
vn 1.000000 0.000000 0.000000
vn 1.000000 0.000000 0.000000
vn 1.000000 0.000000 0.000000
vn 1.000000 0.000000 0.000000
vn 0.000000 0.000000 -1.000000
vn 0.000000 0.000000 -1.000000
vn 0.000000 0.000000 -1.000000
vn 0.000000 0.000000 -1.000000
vn -1.000000 0.000000 0.000000
vn -1.000000 0.000000 0.000000
vn -1.000000 0.000000 0.000000
vn -1.000000 0.000000 0.000000
vn 0.000000 0.000000 1.000000
vn 0.000000 0.000000 1.000000
vn 0.000000 0.000000 1.000000
vn 0.000000 0.000000 1.000000
vn 0.000000 0.000000 1.000000
vn 0.000000 0.000000 1.000000
vn 0.000000 0.000000 1.000000
vn 0.000000 0.000000 1.000000
vn 1.000000 0.000000 0.000000
vn 1.000000 0.000000 0.000000
vn 1.000000 0.000000 0.000000
vn 1.000000 0.000000 0.000000
vn 0.000000 0.000000 -1.000000
vn 0.000000 0.000000 -1.000000
vn 0.000000 0.000000 -1.000000
vn 0.000000 0.000000 -1.000000
vn -1.000000 0.000000 0.000000
vn -1.000000 0.000000 0.000000
vn -1.000000 0.000000 0.000000
vn -1.000000 0.000000 0.000000
vn -1.000000 0.000000 0.000000
vn -1.000000 0.000000 0.000000
vn -1.000000 0.000000 0.000000
vn -1.000000 0.000000 0.000000
vn 0.000000 0.000000 1.000000
vn 0.000000 0.000000 1.000000
vn 0.000000 0.000000 1.000000
vn 0.000000 0.000000 1.000000
vn 1.000000 0.000000 0.000000
vn 1.000000 0.000000 0.000000
vn 1.000000 0.000000 0.000000
vn 1.000000 0.000000 0.000000
vn 0.000000 0.000000 -1.000000
vn 0.000000 0.000000 -1.000000
vn 0.000000 0.000000 -1.000000
vn 0.000000 0.000000 -1.000000
vn -1.000000 0.000000 0.000000
vn -1.000000 0.000000 0.000000
vn -1.000000 0.000000 0.000000
vn -1.000000 0.000000 0.000000
vn 0.000000 0.000000 -1.000000
vn 0.000000 0.000000 -1.000000
vn 0.000000 0.000000 -1.000000
vn 0.000000 0.000000 -1.000000
vn 1.000000 0.000000 0.000000
vn 1.000000 0.000000 0.000000
vn 1.000000 0.000000 0.000000
vn 1.000000 0.000000 0.000000
vn 0.000000 0.000000 1.000000
vn 0.000000 0.000000 1.000000
vn 0.000000 0.000000 1.000000
vn 0.000000 0.000000 1.000000
vn 0.000000 0.000000 -1.000000
vn 0.000000 0.000000 -1.000000
vn 0.000000 0.000000 -1.000000
vn 0.000000 0.000000 -1.000000
vn 1.000000 0.000000 0.000000
vn 1.000000 0.000000 0.000000
vn 1.000000 0.000000 0.000000
vn 1.000000 0.000000 0.000000
vn 0.000000 0.000000 1.000000
vn 0.000000 0.000000 1.000000
vn 0.000000 0.000000 1.000000
vn 0.000000 0.000000 1.000000
vn -1.000000 0.000000 0.000000
vn -1.000000 0.000000 0.000000
vn -1.000000 0.000000 0.000000
vn -1.000000 0.000000 0.000000
vn 1.000000 0.000000 0.000000
vn 1.000000 0.000000 0.000000
vn 1.000000 0.000000 0.000000
vn 1.000000 0.000000 0.000000
vn 0.000000 0.000000 1.000000
vn 0.000000 0.000000 1.000000
vn 0.000000 0.000000 1.000000
vn 0.000000 0.000000 1.000000
vn -1.000000 0.000000 0.000000
vn -1.000000 0.000000 0.000000
vn -1.000000 0.000000 0.000000
vn -1.000000 0.000000 0.000000
vn 0.000000 0.000000 -1.000000
vn 0.000000 0.000000 -1.000000
vn 0.000000 0.000000 -1.000000
vn 0.000000 0.000000 -1.000000
vn 0.000000 0.000000 1.000000
vn 0.000000 0.000000 1.000000
vn 0.000000 0.000000 1.000000
vn 0.000000 0.000000 1.000000
vn -1.000000 0.000000 0.000000
vn -1.000000 0.000000 0.000000
vn -1.000000 0.000000 0.000000
vn -1.000000 0.000000 0.000000
vn 0.000000 0.000000 -1.000000
vn 0.000000 0.000000 -1.000000
vn 0.000000 0.000000 -1.000000
vn 0.000000 0.000000 -1.000000
vn 1.000000 0.000000 0.000000
vn 1.000000 0.000000 0.000000
vn 1.000000 0.000000 0.000000
vn 1.000000 0.000000 0.000000
vn -1.000000 0.000000 0.000000
vn -1.000000 0.000000 0.000000
vn -1.000000 0.000000 0.000000
vn -1.000000 0.000000 0.000000
vn 0.000000 0.000000 -1.000000
vn 0.000000 0.000000 -1.000000
vn 0.000000 0.000000 -1.000000
vn 0.000000 0.000000 -1.000000
vn 1.000000 0.000000 0.000000
vn 1.000000 0.000000 0.000000
vn 1.000000 0.000000 0.000000
vn 1.000000 0.000000 0.000000
vn 0.000000 0.000000 1.000000
vn 0.000000 0.000000 1.000000
vn 0.000000 0.000000 1.000000
vn 0.000000 0.000000 1.000000
vn 0.000000 0.000000 1.000000
vn 0.000000 0.000000 1.000000
vn 0.000000 0.000000 1.000000
vn 0.000000 0.000000 1.000000
vn -1.000000 0.000000 0.000000
vn -1.000000 0.000000 0.000000
vn -1.000000 0.000000 0.000000
vn -1.000000 0.000000 0.000000
vn 0.000000 0.000000 -1.000000
vn 0.000000 0.000000 -1.000000
vn 0.000000 0.000000 -1.000000
vn 0.000000 0.000000 -1.000000
vn 1.000000 0.000000 0.000000
vn 1.000000 0.000000 0.000000
vn 1.000000 0.000000 0.000000
vn 1.000000 0.000000 0.000000
vn -1.000000 0.000000 0.000000
vn -1.000000 0.000000 0.000000
vn -1.000000 0.000000 0.000000
vn -1.000000 0.000000 0.000000
vn 0.000000 0.000000 -1.000000
vn 0.000000 0.000000 -1.000000
vn 0.000000 0.000000 -1.000000
vn 0.000000 0.000000 -1.000000
vn 1.000000 0.000000 0.000000
vn 1.000000 0.000000 0.000000
vn 1.000000 0.000000 0.000000
vn 1.000000 0.000000 0.000000
vn 0.000000 0.000000 1.000000
vn 0.000000 0.000000 1.000000
vn 0.000000 0.000000 1.000000
vn 0.000000 0.000000 1.000000
vn 0.000000 0.000000 1.000000
vn 0.000000 0.000000 1.000000
vn 0.000000 0.000000 1.000000
vn 0.000000 0.000000 1.000000
vn -1.000000 0.000000 0.000000
vn -1.000000 0.000000 0.000000
vn -1.000000 0.000000 0.000000
vn -1.000000 0.000000 0.000000
vn 0.000000 0.000000 -1.000000
vn 0.000000 0.000000 -1.000000
vn 0.000000 0.000000 -1.000000
vn 0.000000 0.000000 -1.000000
vn 1.000000 0.000000 0.000000
vn 1.000000 0.000000 0.000000
vn 1.000000 0.000000 0.000000
vn 1.000000 0.000000 0.000000
vn 0.000000 0.000000 1.000000
vn 0.000000 0.000000 1.000000
vn 0.000000 0.000000 1.000000
vn 0.000000 0.000000 1.000000
vn -1.000000 0.000000 0.000000
vn -1.000000 0.000000 0.000000
vn -1.000000 0.000000 0.000000
vn -1.000000 0.000000 0.000000
vn 0.000000 0.000000 -1.000000
vn 0.000000 0.000000 -1.000000
vn 0.000000 0.000000 -1.000000
vn 0.000000 0.000000 -1.000000
vn 1.000000 0.000000 0.000000
vn 1.000000 0.000000 0.000000
vn 1.000000 0.000000 0.000000
vn 1.000000 0.000000 0.000000
vn -1.000000 0.000000 0.000000
vn -1.000000 0.000000 0.000000
vn -1.000000 0.000000 0.000000
vn -1.000000 0.000000 0.000000
vn 0.000000 0.000000 -1.000000
vn 0.000000 0.000000 -1.000000
vn 0.000000 0.000000 -1.000000
vn 0.000000 0.000000 -1.000000
vn 1.000000 0.000000 0.000000
vn 1.000000 0.000000 0.000000
vn 1.000000 0.000000 0.000000
vn 1.000000 0.000000 0.000000
vn 0.000000 0.000000 1.000000
vn 0.000000 0.000000 1.000000
vn 0.000000 0.000000 1.000000
vn 0.000000 0.000000 1.000000
vn -1.000000 0.000000 0.000000
vn -1.000000 0.000000 0.000000
vn -1.000000 0.000000 0.000000
vn -1.000000 0.000000 0.000000
vn 0.000000 0.000000 -1.000000
vn 0.000000 0.000000 -1.000000
vn 0.000000 0.000000 -1.000000
vn 0.000000 0.000000 -1.000000
vn 1.000000 0.000000 0.000000
vn 1.000000 0.000000 0.000000
vn 1.000000 0.000000 0.000000
vn 1.000000 0.000000 0.000000
vn 0.000000 0.000000 1.000000
vn 0.000000 0.000000 1.000000
vn 0.000000 0.000000 1.000000
vn 0.000000 0.000000 1.000000
vn 0.000000 0.000000 1.000000
vn 0.000000 0.000000 1.000000
vn 0.000000 0.000000 1.000000
vn 0.000000 0.000000 1.000000
vn -1.000000 0.000000 0.000000
vn -1.000000 0.000000 0.000000
vn -1.000000 0.000000 0.000000
vn -1.000000 0.000000 0.000000
vn 0.000000 0.000000 -1.000000
vn 0.000000 0.000000 -1.000000
vn 0.000000 0.000000 -1.000000
vn 0.000000 0.000000 -1.000000
vn 1.000000 0.000000 0.000000
vn 1.000000 0.000000 0.000000
vn 1.000000 0.000000 0.000000
vn 1.000000 0.000000 0.000000
vn 0.000000 0.000000 1.000000
vn 0.000000 0.000000 1.000000
vn 0.000000 0.000000 1.000000
vn 0.000000 0.000000 1.000000
vn -1.000000 0.000000 0.000000
vn -1.000000 0.000000 0.000000
vn -1.000000 0.000000 0.000000
vn -1.000000 0.000000 0.000000
vn 0.000000 0.000000 -1.000000
vn 0.000000 0.000000 -1.000000
vn 0.000000 0.000000 -1.000000
vn 0.000000 0.000000 -1.000000
vn 1.000000 0.000000 0.000000
vn 1.000000 0.000000 0.000000
vn 1.000000 0.000000 0.000000
vn 1.000000 0.000000 0.000000
vn 1.000000 0.000000 0.000000
vn 1.000000 0.000000 0.000000
vn 1.000000 0.000000 0.000000
vn 1.000000 0.000000 0.000000
vn 0.000000 0.000000 1.000000
vn 0.000000 0.000000 1.000000
vn 0.000000 0.000000 1.000000
vn 0.000000 0.000000 1.000000
vn -1.000000 0.000000 0.000000
vn -1.000000 0.000000 0.000000
vn -1.000000 0.000000 0.000000
vn -1.000000 0.000000 0.000000
vn 0.000000 0.000000 -1.000000
vn 0.000000 0.000000 -1.000000
vn 0.000000 0.000000 -1.000000
vn 0.000000 0.000000 -1.000000
vn 1.000000 0.000000 0.000000
vn 1.000000 0.000000 0.000000
vn 1.000000 0.000000 0.000000
vn 1.000000 0.000000 0.000000
vn 0.000000 0.000000 1.000000
vn 0.000000 0.000000 1.000000
vn 0.000000 0.000000 1.000000
vn 0.000000 0.000000 1.000000
vn -1.000000 0.000000 0.000000
vn -1.000000 0.000000 0.000000
vn -1.000000 0.000000 0.000000
vn -1.000000 0.000000 0.000000
vn 0.000000 0.000000 -1.000000
vn 0.000000 0.000000 -1.000000
vn 0.000000 0.000000 -1.000000
vn 0.000000 0.000000 -1.000000
vn 0.000000 0.000000 1.000000
vn 0.000000 0.000000 1.000000
vn 0.000000 0.000000 1.000000
vn 0.000000 0.000000 1.000000
vn -1.000000 0.000000 0.000000
vn -1.000000 0.000000 0.000000
vn -1.000000 0.000000 0.000000
vn -1.000000 0.000000 0.000000
vn 0.000000 0.000000 -1.000000
vn 0.000000 0.000000 -1.000000
vn 0.000000 0.000000 -1.000000
vn 0.000000 0.000000 -1.000000
vn 1.000000 0.000000 0.000000
vn 1.000000 0.000000 0.000000
vn 1.000000 0.000000 0.000000
vn 1.000000 0.000000 0.000000
vn 0.000000 0.000000 1.000000
vn 0.000000 0.000000 1.000000
vn 0.000000 0.000000 1.000000
vn 0.000000 0.000000 1.000000
vn -1.000000 0.000000 0.000000
vn -1.000000 0.000000 0.000000
vn -1.000000 0.000000 0.000000
vn -1.000000 0.000000 0.000000
vn 0.000000 0.000000 -1.000000
vn 0.000000 0.000000 -1.000000
vn 0.000000 0.000000 -1.000000
vn 0.000000 0.000000 -1.000000
vn 1.000000 0.000000 0.000000
vn 1.000000 0.000000 0.000000
vn 1.000000 0.000000 0.000000
vn 1.000000 0.000000 0.000000
vn 1.000000 0.000000 0.000000
vn 1.000000 0.000000 0.000000
vn 1.000000 0.000000 0.000000
vn 1.000000 0.000000 0.000000
vn 0.000000 0.000000 1.000000
vn 0.000000 0.000000 1.000000
vn 0.000000 0.000000 1.000000
vn 0.000000 0.000000 1.000000
vn -1.000000 0.000000 0.000000
vn -1.000000 0.000000 0.000000
vn -1.000000 0.000000 0.000000
vn -1.000000 0.000000 0.000000
vn 0.000000 0.000000 -1.000000
vn 0.000000 0.000000 -1.000000
vn 0.000000 0.000000 -1.000000
vn 0.000000 0.000000 -1.000000
vn 1.000000 0.000000 0.000000
vn 1.000000 0.000000 0.000000
vn 1.000000 0.000000 0.000000
vn 1.000000 0.000000 0.000000
vn 0.000000 0.000000 1.000000
vn 0.000000 0.000000 1.000000
vn 0.000000 0.000000 1.000000
vn 0.000000 0.000000 1.000000
vn -1.000000 0.000000 0.000000
vn -1.000000 0.000000 0.000000
vn -1.000000 0.000000 0.000000
vn -1.000000 0.000000 0.000000
vn 0.000000 0.000000 -1.000000
vn 0.000000 0.000000 -1.000000
vn 0.000000 0.000000 -1.000000
vn 0.000000 0.000000 -1.000000
vn 0.000000 0.000000 1.000000
vn 0.000000 0.000000 1.000000
vn 0.000000 0.000000 1.000000
vn 0.000000 0.000000 1.000000
vn -1.000000 0.000000 0.000000
vn -1.000000 0.000000 0.000000
vn -1.000000 0.000000 0.000000
vn -1.000000 0.000000 0.000000
vn 0.000000 0.000000 -1.000000
vn 0.000000 0.000000 -1.000000
vn 0.000000 0.000000 -1.000000
vn 0.000000 0.000000 -1.000000
vn 1.000000 0.000000 0.000000
vn 1.000000 0.000000 0.000000
vn 1.000000 0.000000 0.000000
vn 1.000000 0.000000 0.000000
s off
g pCube28
usemtl standardSurface8SG
f 159/197/549 160/198/550 162/200/551 161/199/552
s 1
f 161/199/553 162/200/554 190/241/555 183/232/556
s off
f 163/201/557 164/202/558 166/204/559 165/203/560
s 2
f 186/236/561 187/237/562 160/206/563 159/205/564
s 3
f 168/211/565 188/239/566 189/240/567 170/214/568
s 4
f 184/233/569 185/234/570 172/216/571 173/217/572
s off
f 166/207/573 164/208/574 169/213/575 167/212/576
f 191/243/577 192/244/578 193/245/579 194/246/580
f 162/200/581 160/198/582 168/211/583 170/214/584
f 159/197/585 161/199/586 173/217/587 172/216/588
f 195/247/589 196/248/590 197/249/591 198/250/592
f 163/210/593 165/209/594 171/215/595 174/218/596
f 200/251/597 199/252/598 201/253/599 202/254/600
s 4
f 171/215/601 177/222/602 176/221/603 174/218/604
s 2
f 165/203/605 166/204/606 179/225/607 178/224/608
s 3
f 181/228/609 180/227/610 167/212/611 169/213/612
s off
f 204/255/613 203/256/614 205/257/615 206/258/616
s 1
f 175/220/617 182/229/618 164/202/619 163/201/620
s off
f 184/233/621 183/231/622 175/219/623 176/221/624
s 4
f 176/221/603 177/222/602 185/234/570 184/233/569
s off
f 177/222/625 178/223/626 186/235/627 185/234/628
s 2
f 178/224/608 179/225/607 187/237/562 186/236/561
s off
f 188/239/629 187/238/630 179/226/631 180/227/632
s 3
f 189/240/567 188/239/566 180/227/610 181/228/609
s off
f 181/228/633 182/230/634 190/242/635 189/240/636
s 1
f 183/232/556 190/241/555 182/229/618 175/220/617
s off
f 189/240/637 190/242/638 192/244/639 191/243/640
f 190/242/641 162/200/642 193/245/643 192/244/644
f 162/200/645 170/214/646 194/246/647 193/245/648
f 170/214/649 189/240/650 191/243/651 194/246/652
f 161/199/653 183/231/654 196/248/655 195/247/656
f 183/231/657 184/233/658 197/249/659 196/248/660
f 184/233/661 173/217/662 198/250/663 197/249/664
f 173/217/665 161/199/666 195/247/667 198/250/668
f 176/221/669 175/219/670 199/252/671 200/251/672
f 175/219/673 163/210/674 201/253/675 199/252/676
f 163/210/677 174/218/678 202/254/679 201/253/680
f 174/218/681 176/221/682 200/251/683 202/254/684
f 164/208/685 182/230/686 203/256/687 204/255/688
f 182/230/689 181/228/690 205/257/691 203/256/692
f 181/228/693 169/213/694 206/258/695 205/257/696
f 169/213/697 164/208/698 204/255/699 206/258/700
f 160/198/701 187/238/702 207/260/703 208/259/704
f 187/238/705 188/239/706 209/261/707 207/260/708
f 188/239/709 168/211/710 210/262/711 209/261/712
f 168/211/713 160/198/714 208/259/715 210/262/716
f 185/234/717 186/235/718 212/264/719 211/263/720
f 186/235/721 159/197/722 213/265/723 212/264/724
f 159/197/725 172/216/726 214/266/727 213/265/728
f 172/216/729 185/234/730 211/263/731 214/266/732
f 165/209/733 178/223/734 216/268/735 215/267/736
f 178/223/737 177/222/738 217/269/739 216/268/740
f 177/222/741 171/215/742 218/270/743 217/269/744
f 171/215/745 165/209/746 215/267/747 218/270/748
f 180/227/749 179/226/750 219/272/751 220/271/752
f 179/226/753 166/207/754 221/273/755 219/272/756
f 166/207/757 167/212/758 222/274/759 221/273/760
f 167/212/761 180/227/762 220/271/763 222/274/764
f 223/275/765 224/276/766 226/277/767 225/278/768
s 5
f 225/278/769 226/277/770 254/279/771 247/280/772
s off
f 227/281/773 228/282/774 230/283/775 229/284/776
s 6
f 250/285/777 251/286/778 224/287/779 223/288/780
s 7
f 232/289/781 252/290/782 253/291/783 234/292/784
s 8
f 248/293/785 249/294/786 236/295/787 237/296/788
s off
f 230/301/789 228/302/790 233/303/791 231/304/792
f 226/277/793 224/276/794 232/289/795 234/292/796
f 223/275/797 225/278/798 237/296/799 236/295/800
f 227/317/801 229/318/802 235/319/803 238/320/804
s 8
f 235/319/805 241/325/806 240/326/807 238/320/808
s 6
f 229/284/809 230/283/810 243/331/811 242/332/812
s 7
f 245/337/813 244/338/814 231/304/815 233/303/816
s 5
f 239/343/817 246/344/818 228/282/819 227/281/820
s off
f 248/293/821 247/345/822 239/346/823 240/326/824
s 8
f 240/326/807 241/325/806 249/294/786 248/293/785
s off
f 241/325/825 242/347/826 250/348/827 249/294/828
s 6
f 242/332/812 243/331/811 251/286/778 250/285/777
s off
f 252/290/829 251/349/830 243/350/831 244/338/832
s 7
f 253/291/783 252/290/782 244/338/814 245/337/813
s off
f 245/337/833 246/351/834 254/352/835 253/291/836
s 5
f 247/280/772 254/279/771 246/344/818 239/343/817
s off
f 253/291/837 254/352/838 256/306/839 255/305/840
f 254/352/841 226/277/842 257/307/843 256/306/844
f 226/277/845 234/292/846 258/308/847 257/307/848
f 234/292/849 253/291/850 255/305/851 258/308/852
f 225/278/853 247/345/854 260/314/855 259/313/856
f 247/345/857 248/293/858 261/315/859 260/314/860
f 248/293/861 237/296/862 262/316/863 261/315/864
f 237/296/865 225/278/866 259/313/867 262/316/868
f 240/326/869 239/346/870 263/322/871 264/321/872
f 239/346/873 227/317/874 265/323/875 263/322/876
f 227/317/877 238/320/878 266/324/879 265/323/880
f 238/320/881 240/326/882 264/321/883 266/324/884
f 228/302/885 246/351/886 267/340/887 268/339/888
f 246/351/889 245/337/890 269/341/891 267/340/892
f 245/337/893 233/303/894 270/342/895 269/341/896
f 233/303/897 228/302/898 268/339/899 270/342/900
f 224/276/901 251/349/902 271/298/903 272/297/904
f 251/349/905 252/290/906 273/299/907 271/298/908
f 252/290/909 232/289/910 274/300/911 273/299/912
f 232/289/913 224/276/914 272/297/915 274/300/916
f 249/294/917 250/348/918 276/310/919 275/309/920
f 250/348/921 223/275/922 277/311/923 276/310/924
f 223/275/925 236/295/926 278/312/927 277/311/928
f 236/295/929 249/294/930 275/309/931 278/312/932
f 229/318/933 242/347/934 280/328/935 279/327/936
f 242/347/937 241/325/938 281/329/939 280/328/940
f 241/325/941 235/319/942 282/330/943 281/329/944
f 235/319/945 229/318/946 279/327/947 282/330/948
f 244/338/949 243/350/950 283/334/951 284/333/952
f 243/350/953 230/301/954 285/335/955 283/334/956
f 230/301/957 231/304/958 286/336/959 285/335/960
f 231/304/961 244/338/962 284/333/963 286/336/964
f 287/353/965 288/354/966 290/355/967 289/356/968
s 9
f 289/356/969 290/355/970 318/357/971 311/358/972
s off
f 291/359/973 292/360/974 294/361/975 293/362/976
s 10
f 314/363/977 315/364/978 288/365/979 287/366/980
s 11
f 296/367/981 316/368/982 317/369/983 298/370/984
s 12
f 312/371/985 313/372/986 300/373/987 301/374/988
s off
f 294/379/989 292/380/990 297/381/991 295/382/992
f 290/355/993 288/354/994 296/367/995 298/370/996
f 287/353/997 289/356/998 301/374/999 300/373/1000
f 291/395/1001 293/396/1002 299/397/1003 302/398/1004
s 12
f 299/397/1005 305/403/1006 304/404/1007 302/398/1008
s 10
f 293/362/1009 294/361/1010 307/409/1011 306/410/1012
s 11
f 309/415/1013 308/416/1014 295/382/1015 297/381/1016
s 9
f 303/421/1017 310/422/1018 292/360/1019 291/359/1020
s off
f 312/371/1021 311/423/1022 303/424/1023 304/404/1024
s 12
f 304/404/1007 305/403/1006 313/372/986 312/371/985
s off
f 305/403/1025 306/425/1026 314/426/1027 313/372/1028
s 10
f 306/410/1012 307/409/1011 315/364/978 314/363/977
s off
f 316/368/1029 315/427/1030 307/428/1031 308/416/1032
s 11
f 317/369/983 316/368/982 308/416/1014 309/415/1013
s off
f 309/415/1033 310/429/1034 318/430/1035 317/369/1036
s 9
f 311/358/972 318/357/971 310/422/1018 303/421/1017
s off
f 317/369/1037 318/430/1038 320/384/1039 319/383/1040
f 318/430/1041 290/355/1042 321/385/1043 320/384/1044
f 290/355/1045 298/370/1046 322/386/1047 321/385/1048
f 298/370/1049 317/369/1050 319/383/1051 322/386/1052
f 289/356/1053 311/423/1054 324/392/1055 323/391/1056
f 311/423/1057 312/371/1058 325/393/1059 324/392/1060
f 312/371/1061 301/374/1062 326/394/1063 325/393/1064
f 301/374/1065 289/356/1066 323/391/1067 326/394/1068
f 304/404/1069 303/424/1070 327/400/1071 328/399/1072
f 303/424/1073 291/395/1074 329/401/1075 327/400/1076
f 291/395/1077 302/398/1078 330/402/1079 329/401/1080
f 302/398/1081 304/404/1082 328/399/1083 330/402/1084
f 292/380/1085 310/429/1086 331/418/1087 332/417/1088
f 310/429/1089 309/415/1090 333/419/1091 331/418/1092
f 309/415/1093 297/381/1094 334/420/1095 333/419/1096
f 297/381/1097 292/380/1098 332/417/1099 334/420/1100
f 288/354/1101 315/427/1102 335/376/1103 336/375/1104
f 315/427/1105 316/368/1106 337/377/1107 335/376/1108
f 316/368/1109 296/367/1110 338/378/1111 337/377/1112
f 296/367/1113 288/354/1114 336/375/1115 338/378/1116
f 313/372/1117 314/426/1118 340/388/1119 339/387/1120
f 314/426/1121 287/353/1122 341/389/1123 340/388/1124
f 287/353/1125 300/373/1126 342/390/1127 341/389/1128
f 300/373/1129 313/372/1130 339/387/1131 342/390/1132
f 293/396/1133 306/425/1134 344/406/1135 343/405/1136
f 306/425/1137 305/403/1138 345/407/1139 344/406/1140
f 305/403/1141 299/397/1142 346/408/1143 345/407/1144
f 299/397/1145 293/396/1146 343/405/1147 346/408/1148
f 308/416/1149 307/428/1150 347/412/1151 348/411/1152
f 307/428/1153 294/379/1154 349/413/1155 347/412/1156
f 294/379/1157 295/382/1158 350/414/1159 349/413/1160
f 295/382/1161 308/416/1162 348/411/1163 350/414/1164
f 351/431/1165 352/432/1166 354/433/1167 353/434/1168
s 13
f 353/434/1169 354/433/1170 382/435/1171 375/436/1172
s off
f 355/437/1173 356/438/1174 358/439/1175 357/440/1176
s 14
f 378/441/1177 379/442/1178 352/443/1179 351/444/1180
s 15
f 360/445/1181 380/446/1182 381/447/1183 362/448/1184
s 16
f 376/449/1185 377/450/1186 364/451/1187 365/452/1188
s off
f 358/457/1189 356/458/1190 361/459/1191 359/460/1192
f 354/433/1193 352/432/1194 360/445/1195 362/448/1196
f 351/431/1197 353/434/1198 365/452/1199 364/451/1200
f 355/473/1201 357/474/1202 363/475/1203 366/476/1204
s 16
f 363/475/1205 369/481/1206 368/482/1207 366/476/1208
s 14
f 357/440/1209 358/439/1210 371/487/1211 370/488/1212
s 15
f 373/493/1213 372/494/1214 359/460/1215 361/459/1216
s 13
f 367/499/1217 374/500/1218 356/438/1219 355/437/1220
s off
f 376/449/1221 375/501/1222 367/502/1223 368/482/1224
s 16
f 368/482/1207 369/481/1206 377/450/1186 376/449/1185
s off
f 369/481/1225 370/503/1226 378/504/1227 377/450/1228
s 14
f 370/488/1212 371/487/1211 379/442/1178 378/441/1177
s off
f 380/446/1229 379/505/1230 371/506/1231 372/494/1232
s 15
f 381/447/1183 380/446/1182 372/494/1214 373/493/1213
s off
f 373/493/1233 374/507/1234 382/508/1235 381/447/1236
s 13
f 375/436/1172 382/435/1171 374/500/1218 367/499/1217
s off
f 381/447/1237 382/508/1238 384/462/1239 383/461/1240
f 382/508/1241 354/433/1242 385/463/1243 384/462/1244
f 354/433/1245 362/448/1246 386/464/1247 385/463/1248
f 362/448/1249 381/447/1250 383/461/1251 386/464/1252
f 353/434/1253 375/501/1254 388/470/1255 387/469/1256
f 375/501/1257 376/449/1258 389/471/1259 388/470/1260
f 376/449/1261 365/452/1262 390/472/1263 389/471/1264
f 365/452/1265 353/434/1266 387/469/1267 390/472/1268
f 368/482/1269 367/502/1270 391/478/1271 392/477/1272
f 367/502/1273 355/473/1274 393/479/1275 391/478/1276
f 355/473/1277 366/476/1278 394/480/1279 393/479/1280
f 366/476/1281 368/482/1282 392/477/1283 394/480/1284
f 356/458/1285 374/507/1286 395/496/1287 396/495/1288
f 374/507/1289 373/493/1290 397/497/1291 395/496/1292
f 373/493/1293 361/459/1294 398/498/1295 397/497/1296
f 361/459/1297 356/458/1298 396/495/1299 398/498/1300
f 352/432/1301 379/505/1302 399/454/1303 400/453/1304
f 379/505/1305 380/446/1306 401/455/1307 399/454/1308
f 380/446/1309 360/445/1310 402/456/1311 401/455/1312
f 360/445/1313 352/432/1314 400/453/1315 402/456/1316
f 377/450/1317 378/504/1318 404/466/1319 403/465/1320
f 378/504/1321 351/431/1322 405/467/1323 404/466/1324
f 351/431/1325 364/451/1326 406/468/1327 405/467/1328
f 364/451/1329 377/450/1330 403/465/1331 406/468/1332
f 357/474/1333 370/503/1334 408/484/1335 407/483/1336
f 370/503/1337 369/481/1338 409/485/1339 408/484/1340
f 369/481/1341 363/475/1342 410/486/1343 409/485/1344
f 363/475/1345 357/474/1346 407/483/1347 410/486/1348
f 372/494/1349 371/506/1350 411/490/1351 412/489/1352
f 371/506/1353 358/457/1354 413/491/1355 411/490/1356
f 358/457/1357 359/460/1358 414/492/1359 413/491/1360
f 359/460/1361 372/494/1362 412/489/1363 414/492/1364
f 415/509/1365 416/510/1366 418/511/1367 417/512/1368
s 17
f 417/512/1369 418/511/1370 446/513/1371 439/514/1372
s off
f 419/515/1373 420/516/1374 422/517/1375 421/518/1376
s 18
f 442/519/1377 443/520/1378 416/521/1379 415/522/1380
s 19
f 424/523/1381 444/524/1382 445/525/1383 426/526/1384
s 20
f 440/527/1385 441/528/1386 428/529/1387 429/530/1388
s off
f 464/531/1389 463/532/1390 465/533/1391 466/534/1392
f 422/535/1393 420/536/1394 425/537/1395 423/538/1396
f 418/511/1397 416/510/1398 424/523/1399 426/526/1400
f 467/543/1401 468/544/1402 469/545/1403 470/546/1404
f 415/509/1405 417/512/1406 429/530/1407 428/529/1408
f 419/551/1409 421/552/1410 427/553/1411 430/554/1412
s 20
f 427/553/1413 433/559/1414 432/560/1415 430/554/1416
s off
f 471/561/1417 472/562/1418 473/563/1419 474/564/1420
s 18
f 421/518/1421 422/517/1422 435/565/1423 434/566/1424
s off
f 476/567/1425 475/568/1426 477/569/1427 478/570/1428
s 19
f 437/571/1429 436/572/1430 423/538/1431 425/537/1432
s 17
f 431/577/1433 438/578/1434 420/516/1435 419/515/1436
s off
f 440/527/1437 439/579/1438 431/580/1439 432/560/1440
s 20
f 432/560/1415 433/559/1414 441/528/1386 440/527/1385
s off
f 433/559/1441 434/581/1442 442/582/1443 441/528/1444
s 18
f 434/566/1424 435/565/1423 443/520/1378 442/519/1377
s off
f 444/524/1445 443/583/1446 435/584/1447 436/572/1448
s 19
f 445/525/1383 444/524/1382 436/572/1430 437/571/1429
s off
f 437/571/1449 438/585/1450 446/586/1451 445/525/1452
s 17
f 439/514/1372 446/513/1371 438/578/1434 431/577/1433
s off
f 445/525/1453 446/586/1454 448/540/1455 447/539/1456
f 446/586/1457 418/511/1458 449/541/1459 448/540/1460
f 418/511/1461 426/526/1462 450/542/1463 449/541/1464
f 426/526/1465 445/525/1466 447/539/1467 450/542/1468
f 417/512/1469 439/579/1470 452/548/1471 451/547/1472
f 439/579/1473 440/527/1474 453/549/1475 452/548/1476
f 440/527/1477 429/530/1478 454/550/1479 453/549/1480
f 429/530/1481 417/512/1482 451/547/1483 454/550/1484
f 432/560/1485 431/580/1486 455/556/1487 456/555/1488
f 431/580/1489 419/551/1490 457/557/1491 455/556/1492
f 419/551/1493 430/554/1494 458/558/1495 457/557/1496
f 430/554/1497 432/560/1498 456/555/1499 458/558/1500
f 420/536/1501 438/585/1502 459/574/1503 460/573/1504
f 438/585/1505 437/571/1506 461/575/1507 459/574/1508
f 437/571/1509 425/537/1510 462/576/1511 461/575/1512
f 425/537/1513 420/536/1514 460/573/1515 462/576/1516
f 416/510/1517 443/583/1518 463/532/1519 464/531/1520
f 443/583/1521 444/524/1522 465/533/1523 463/532/1524
f 444/524/1525 424/523/1526 466/534/1527 465/533/1528
f 424/523/1529 416/510/1530 464/531/1531 466/534/1532
f 441/528/1533 442/582/1534 468/544/1535 467/543/1536
f 442/582/1537 415/509/1538 469/545/1539 468/544/1540
f 415/509/1541 428/529/1542 470/546/1543 469/545/1544
f 428/529/1545 441/528/1546 467/543/1547 470/546/1548
f 421/552/1549 434/581/1550 472/562/1551 471/561/1552
f 434/581/1553 433/559/1554 473/563/1555 472/562/1556
f 433/559/1557 427/553/1558 474/564/1559 473/563/1560
f 427/553/1561 421/552/1562 471/561/1563 474/564/1564
f 436/572/1565 435/584/1566 475/568/1567 476/567/1568
f 435/584/1569 422/535/1570 477/569/1571 475/568/1572
f 422/535/1573 423/538/1574 478/570/1575 477/569/1576
f 423/538/1577 436/572/1578 476/567/1579 478/570/1580
f 400/453/1581 399/454/1582 448/540/1583 449/541/1584
f 399/454/1585 401/455/1586 447/539/1587 448/540/1588
f 401/455/1589 402/456/1590 450/542/1591 447/539/1592
f 402/456/1593 400/453/1594 449/541/1595 450/542/1596
f 412/489/1597 411/490/1598 459/574/1599 461/575/1600
f 411/490/1601 413/491/1602 460/573/1603 459/574/1604
f 413/491/1605 414/492/1606 462/576/1607 460/573/1608
f 414/492/1609 412/489/1610 461/575/1611 462/576/1612
f 336/375/1613 335/376/1614 384/462/1615 385/463/1616
f 335/376/1617 337/377/1618 383/461/1619 384/462/1620
f 337/377/1621 338/378/1622 386/464/1623 383/461/1624
f 338/378/1625 336/375/1626 385/463/1627 386/464/1628
f 348/411/1629 347/412/1630 395/496/1631 397/497/1632
f 347/412/1633 349/413/1634 396/495/1635 395/496/1636
f 349/413/1637 350/414/1638 398/498/1639 396/495/1640
f 350/414/1641 348/411/1642 397/497/1643 398/498/1644
f 284/333/1645 283/334/1646 331/418/1647 333/419/1648
f 283/334/1649 285/335/1650 332/417/1651 331/418/1652
f 285/335/1653 286/336/1654 334/420/1655 332/417/1656
f 286/336/1657 284/333/1658 333/419/1659 334/420/1660
f 272/297/1661 271/298/1662 320/384/1663 321/385/1664
f 271/298/1665 273/299/1666 319/383/1667 320/384/1668
f 273/299/1669 274/300/1670 322/386/1671 319/383/1672
f 274/300/1673 272/297/1674 321/385/1675 322/386/1676
f 208/259/1677 207/260/1678 256/306/1679 257/307/1680
f 207/260/1681 209/261/1682 255/305/1683 256/306/1684
f 209/261/1685 210/262/1686 258/308/1687 255/305/1688
f 210/262/1689 208/259/1690 257/307/1691 258/308/1692
f 220/271/1693 219/272/1694 267/340/1695 269/341/1696
f 219/272/1697 221/273/1698 268/339/1699 267/340/1700
f 221/273/1701 222/274/1702 270/342/1703 268/339/1704
f 222/274/1705 220/271/1706 269/341/1707 270/342/1708
f 216/268/1709 217/269/1710 264/321/1711 263/322/1712
f 217/269/1713 218/270/1714 266/324/1715 264/321/1716
f 218/270/1717 215/267/1718 265/323/1719 266/324/1720
f 215/267/1721 216/268/1722 263/322/1723 265/323/1724
f 212/264/1725 213/265/1726 259/313/1727 260/314/1728
f 213/265/1729 214/266/1730 262/316/1731 259/313/1732
f 214/266/1733 211/263/1734 261/315/1735 262/316/1736
f 211/263/1737 212/264/1738 260/314/1739 261/315/1740
f 276/310/1741 277/311/1742 323/391/1743 324/392/1744
f 277/311/1745 278/312/1746 326/394/1747 323/391/1748
f 278/312/1749 275/309/1750 325/393/1751 326/394/1752
f 275/309/1753 276/310/1754 324/392/1755 325/393/1756
f 280/328/1757 281/329/1758 328/399/1759 327/400/1760
f 281/329/1761 282/330/1762 330/402/1763 328/399/1764
f 282/330/1765 279/327/1766 329/401/1767 330/402/1768
f 279/327/1769 280/328/1770 327/400/1771 329/401/1772
f 344/406/1773 345/407/1774 392/477/1775 391/478/1776
f 345/407/1777 346/408/1778 394/480/1779 392/477/1780
f 346/408/1781 343/405/1782 393/479/1783 394/480/1784
f 343/405/1785 344/406/1786 391/478/1787 393/479/1788
f 340/388/1789 341/389/1790 387/469/1791 388/470/1792
f 341/389/1793 342/390/1794 390/472/1795 387/469/1796
f 342/390/1797 339/387/1798 389/471/1799 390/472/1800
f 339/387/1801 340/388/1802 388/470/1803 389/471/1804
f 404/466/1805 405/467/1806 451/547/1807 452/548/1808
f 405/467/1809 406/468/1810 454/550/1811 451/547/1812
f 406/468/1813 403/465/1814 453/549/1815 454/550/1816
f 403/465/1817 404/466/1818 452/548/1819 453/549/1820
f 408/484/1821 409/485/1822 456/555/1823 455/556/1824
f 409/485/1825 410/486/1826 458/558/1827 456/555/1828
f 410/486/1829 407/483/1830 457/557/1831 458/558/1832
f 407/483/1833 408/484/1834 455/556/1835 457/557/1836
g default
v 55.478557 5.056323 15.583078
v 55.212450 5.056323 15.472853
v 54.946349 5.056323 15.583078
v 54.836119 5.056323 15.849184
v 54.946349 5.056323 16.115290
v 55.212450 5.056323 16.225516
v 55.478557 5.056323 16.115290
v 55.588782 5.056323 15.849184
v 55.478557 5.808986 15.583078
v 55.212450 5.808986 15.472853
v 54.946349 5.808986 15.583078
v 54.836119 5.808986 15.849184
v 54.946349 5.808986 16.115290
v 55.212450 5.808986 16.225516
v 55.478557 5.808986 16.115290
v 55.588782 5.808986 15.849184
v 55.212450 5.056323 15.849184
v 55.212450 5.808986 15.849184
v 55.497056 5.184513 15.564578
v 55.212449 5.184513 15.446690
v 55.212449 5.940602 15.373153
v 55.549055 5.940602 15.512579
v 54.927848 5.184513 15.564578
v 54.875851 5.940602 15.512579
v 54.809955 5.184513 15.849184
v 54.736418 5.940602 15.849184
v 54.927848 5.184513 16.133790
v 54.875851 5.940602 16.185788
v 55.212449 5.184513 16.251679
v 55.212449 5.940602 16.325216
v 55.497056 5.184513 16.133790
v 55.549055 5.940602 16.185788
v 55.614944 5.184513 15.849184
v 55.688481 5.940602 15.849184
vt 0.610485 0.045765
vt 0.500000 0.000000
vt 0.389515 0.045765
vt 0.343750 0.156250
vt 0.389515 0.266735
vt 0.500000 0.312500
vt 0.610485 0.266735
vt 0.656250 0.156250
vt 0.375000 0.312500
vt 0.406250 0.312500
vt 0.437500 0.312500
vt 0.468750 0.312500
vt 0.500000 0.312500
vt 0.531250 0.312500
vt 0.562500 0.312500
vt 0.593750 0.312500
vt 0.625000 0.312500
vt 0.375000 0.687500
vt 0.406250 0.687500
vt 0.437500 0.687500
vt 0.468750 0.687500
vt 0.500000 0.687500
vt 0.531250 0.687500
vt 0.562500 0.687500
vt 0.593750 0.687500
vt 0.625000 0.687500
vt 0.610485 0.733265
vt 0.500000 0.687500
vt 0.389515 0.733265
vt 0.343750 0.843750
vt 0.389515 0.954235
vt 0.500000 1.000000
vt 0.610485 0.954235
vt 0.656250 0.843750
vt 0.500000 0.156250
vt 0.500000 0.843750
vt 0.375000 0.312500
vt 0.406250 0.312500
vt 0.406250 0.687500
vt 0.375000 0.687500
vt 0.437500 0.312500
vt 0.437500 0.687500
vt 0.468750 0.312500
vt 0.468750 0.687500
vt 0.500000 0.312500
vt 0.500000 0.687500
vt 0.531250 0.312500
vt 0.531250 0.687500
vt 0.562500 0.312500
vt 0.562500 0.687500
vt 0.593750 0.312500
vt 0.593750 0.687500
vt 0.625000 0.312500
vt 0.625000 0.687500
vn 0.381147 -0.089496 -0.920173
vn 0.381147 -0.089496 -0.920173
vn 0.381147 -0.089496 -0.920173
vn 0.381147 -0.089496 -0.920173
vn -0.381154 -0.089496 -0.920170
vn -0.381154 -0.089496 -0.920170
vn -0.381154 -0.089496 -0.920170
vn -0.381154 -0.089496 -0.920170
vn -0.920166 -0.089495 -0.381164
vn -0.920166 -0.089495 -0.381164
vn -0.920166 -0.089495 -0.381164
vn -0.920166 -0.089495 -0.381164
vn -0.920165 -0.089495 0.381165
vn -0.920165 -0.089495 0.381165
vn -0.920165 -0.089495 0.381165
vn -0.920165 -0.089495 0.381165
vn -0.381158 -0.089496 0.920168
vn -0.381158 -0.089496 0.920168
vn -0.381158 -0.089496 0.920168
vn -0.381158 -0.089496 0.920168
vn 0.381151 -0.089496 0.920171
vn 0.381151 -0.089496 0.920171
vn 0.381151 -0.089496 0.920171
vn 0.381151 -0.089496 0.920171
vn 0.920172 -0.089496 0.381148
vn 0.920172 -0.089496 0.381148
vn 0.920172 -0.089496 0.381148
vn 0.920172 -0.089496 0.381148
vn 0.920173 -0.089496 -0.381147
vn 0.920173 -0.089496 -0.381147
vn 0.920173 -0.089496 -0.381147
vn 0.920173 -0.089496 -0.381147
vn 0.000000 -1.000000 0.000000
vn 0.000000 -1.000000 -0.000000
vn 0.000000 -1.000000 0.000000
vn 0.000000 -1.000000 0.000000
vn 0.000000 -1.000000 0.000000
vn 0.000000 -1.000000 0.000000
vn 0.000000 -1.000000 0.000000
vn 0.000000 -1.000000 0.000000
vn 0.000000 -1.000000 -0.000000
vn 0.000000 1.000000 0.000000
vn 0.000000 1.000000 0.000000
vn 0.000000 1.000000 0.000000
vn 0.000000 1.000000 0.000000
vn 0.000000 1.000000 0.000000
vn 0.000000 1.000000 0.000000
vn 0.000000 1.000000 0.000000
vn 0.000000 1.000000 -0.000000
vn 0.000000 1.000000 -0.000000
vn 0.376055 -0.185292 -0.907882
vn 0.376055 -0.185292 -0.907882
vn 0.376055 -0.185292 -0.907882
vn 0.376055 -0.185292 -0.907882
vn -0.313529 0.573375 0.756928
vn -0.313529 0.573375 0.756928
vn -0.313529 0.573375 0.756928
vn -0.313529 0.573375 0.756928
vn -0.376062 -0.185297 -0.907878
vn -0.376062 -0.185297 -0.907878
vn -0.376062 -0.185297 -0.907878
vn -0.376062 -0.185297 -0.907878
vn 0.313534 0.573377 0.756925
vn 0.313534 0.573377 0.756925
vn 0.313534 0.573377 0.756925
vn 0.313534 0.573377 0.756925
vn -0.907873 -0.185300 -0.376072
vn -0.907873 -0.185300 -0.376072
vn -0.907873 -0.185300 -0.376072
vn -0.907873 -0.185300 -0.376072
vn 0.756921 0.573377 0.313542
vn 0.756921 0.573377 0.313542
vn 0.756921 0.573377 0.313542
vn 0.756921 0.573377 0.313542
vn -0.907873 -0.185300 0.376073
vn -0.907873 -0.185300 0.376073
vn -0.907873 -0.185300 0.376073
vn -0.907873 -0.185300 0.376073
vn 0.756921 0.573377 -0.313544
vn 0.756921 0.573377 -0.313544
vn 0.756921 0.573377 -0.313544
vn 0.756921 0.573377 -0.313544
vn -0.376066 -0.185297 0.907876
vn -0.376066 -0.185297 0.907876
vn -0.376066 -0.185296 0.907876
vn -0.376066 -0.185297 0.907876
vn 0.313538 0.573376 -0.756924
vn 0.313538 0.573376 -0.756924
vn 0.313538 0.573376 -0.756924
vn 0.313538 0.573376 -0.756924
vn 0.376060 -0.185292 0.907880
vn 0.376060 -0.185292 0.907880
vn 0.376060 -0.185292 0.907880
vn 0.376060 -0.185292 0.907880
vn -0.313533 0.573375 -0.756927
vn -0.313533 0.573375 -0.756927
vn -0.313533 0.573375 -0.756927
vn -0.313533 0.573375 -0.756927
vn 0.907882 -0.185288 0.376057
vn 0.907882 -0.185288 0.376057
vn 0.907882 -0.185288 0.376057
vn 0.907882 -0.185288 0.376057
vn -0.756929 0.573373 -0.313531
vn -0.756929 0.573373 -0.313531
vn -0.756929 0.573373 -0.313531
vn -0.756929 0.573373 -0.313531
vn 0.907882 -0.185288 -0.376056
vn 0.907882 -0.185289 -0.376056
vn 0.907882 -0.185289 -0.376056
vn 0.907882 -0.185288 -0.376056
vn -0.756930 0.573373 0.313529
vn -0.756930 0.573373 0.313529
vn -0.756930 0.573373 0.313529
vn -0.756930 0.573373 0.313529
s off
g pCylinder11
usemtl initialShadingGroup
f 497/623/1837 498/624/1838 499/625/1839 500/626/1840
f 498/624/1841 501/627/1842 502/628/1843 499/625/1844
f 501/627/1845 503/629/1846 504/630/1847 502/628/1848
f 503/629/1849 505/631/1850 506/632/1851 504/630/1852
f 505/631/1853 507/633/1854 508/634/1855 506/632/1856
f 507/633/1857 509/635/1858 510/636/1859 508/634/1860
f 509/635/1861 511/637/1862 512/638/1863 510/636/1864
f 511/637/1865 497/639/1866 500/640/1867 512/638/1868
s 1
f 480/588/1869 479/587/1870 495/621/1871
f 481/589/1872 480/588/1869 495/621/1871
f 482/590/1873 481/589/1872 495/621/1871
f 483/591/1874 482/590/1873 495/621/1871
f 484/592/1875 483/591/1874 495/621/1871
f 485/593/1876 484/592/1875 495/621/1871
f 486/594/1877 485/593/1876 495/621/1871
f 479/587/1870 486/594/1877 495/621/1871
s 2
f 487/619/1878 488/618/1879 496/622/1880
f 488/618/1879 489/617/1881 496/622/1880
f 489/617/1881 490/616/1882 496/622/1880
f 490/616/1882 491/615/1883 496/622/1880
f 491/615/1883 492/614/1884 496/622/1880
f 492/614/1884 493/613/1885 496/622/1880
f 493/613/1885 494/620/1886 496/622/1880
f 494/620/1886 487/619/1878 496/622/1880
s off
f 479/595/1887 480/596/1888 498/624/1889 497/623/1890
f 488/605/1891 487/604/1892 500/626/1893 499/625/1894
f 480/596/1895 481/597/1896 501/627/1897 498/624/1898
f 489/606/1899 488/605/1900 499/625/1901 502/628/1902
f 481/597/1903 482/598/1904 503/629/1905 501/627/1906
f 490/607/1907 489/606/1908 502/628/1909 504/630/1910
f 482/598/1911 483/599/1912 505/631/1913 503/629/1914
f 491/608/1915 490/607/1916 504/630/1917 506/632/1918
f 483/599/1919 484/600/1920 507/633/1921 505/631/1922
f 492/609/1923 491/608/1924 506/632/1925 508/634/1926
f 484/600/1927 485/601/1928 509/635/1929 507/633/1930
f 493/610/1931 492/609/1932 508/634/1933 510/636/1934
f 485/601/1935 486/602/1936 511/637/1937 509/635/1938
f 494/611/1939 493/610/1940 510/636/1941 512/638/1942
f 486/602/1943 479/603/1944 497/639/1945 511/637/1946
f 487/612/1947 494/611/1948 512/638/1949 500/640/1950
g default
v 59.423204 5.062604 15.487523
v 59.253396 5.118064 15.487523
v 59.834443 6.321748 15.487523
v 59.664635 6.377208 15.487523
v 59.834443 6.321748 16.442868
v 59.791995 6.335612 16.487523
v 59.423204 5.062604 16.442868
v 59.380755 5.076468 16.487523
v 59.664635 6.377208 16.442868
v 59.707084 6.363344 16.487523
v 59.253396 5.118064 16.442868
v 59.295844 5.104200 16.487523
v 59.385503 5.048925 16.523631
v 59.812084 6.355043 16.523631
v 59.702336 6.390887 16.523631
v 59.275755 5.084769 16.523631
v 59.220891 5.102688 16.475751
v 59.647472 6.408806 16.475751
v 59.647472 6.408806 15.451415
v 59.220891 5.102688 15.451415
v 59.866948 6.337124 15.451415
v 59.866948 6.337124 16.475751
v 59.440367 5.031007 16.475751
v 59.440367 5.031007 15.451415
vt 0.625000 0.500000
vt 0.375000 0.750000
vt 0.625000 0.750000
vt 0.625000 0.988836
vt 0.562506 1.000000
vt 0.437494 1.000000
vt 0.375000 0.988835
vt 0.375000 0.261164
vt 0.625000 0.261165
vt 0.375000 0.500000
vt 0.125000 0.000000
vt 0.363836 -0.000000
vt 0.125000 0.250000
vt 0.437494 0.250000
vt 0.562507 -0.000000
vt 0.636164 0.250000
vt 0.875000 0.000000
vt 0.875000 0.250000
vt 0.437493 -0.000000
vt 0.363836 0.250000
vt 0.636164 -0.000000
vt 0.562506 0.250000
vt 0.437493 -0.000000
vt 0.562507 -0.000000
vt 0.562506 0.250000
vt 0.437494 0.250000
vt 0.636164 -0.000000
vt 0.875000 0.000000
vt 0.875000 0.250000
vt 0.636164 0.250000
vt 0.125000 0.000000
vt 0.363836 -0.000000
vt 0.363836 0.250000
vt 0.125000 0.250000
vn 0.000000 0.000000 1.000000
vn 0.000000 0.000000 1.000000
vn 0.000000 0.000000 1.000000
vn 0.000000 0.000000 1.000000
vn -0.000000 0.000000 -1.000000
vn -0.000000 0.000000 -1.000000
vn -0.000000 0.000000 -1.000000
vn -0.000000 0.000000 -1.000000
vn 0.310463 0.950585 0.000000
vn 0.310463 0.950585 0.000000
vn 0.310463 0.950585 0.000000
vn 0.310463 0.950585 0.000000
vn 0.310463 0.950585 0.000000
vn 0.310463 0.950585 0.000000
vn -0.950585 0.310463 0.000000
vn -0.950585 0.310463 0.000000
vn -0.950585 0.310463 0.000000
vn -0.950585 0.310463 0.000000
vn 0.950585 -0.310463 0.000000
vn 0.950585 -0.310463 0.000000
vn 0.950585 -0.310463 0.000000
vn 0.950585 -0.310463 0.000000
vn -0.310463 -0.950585 0.000000
vn -0.310463 -0.950585 0.000000
vn -0.310463 -0.950585 0.000000
vn -0.310463 -0.950585 0.000000
vn -0.310463 -0.950585 0.000000
vn -0.310463 -0.950585 0.000000
vn 0.606922 -0.198222 0.769645
vn 0.606922 -0.198222 0.769645
vn 0.606922 -0.198222 0.769645
vn 0.606922 -0.198222 0.769645
vn -0.606922 0.198222 0.769645
vn -0.606922 0.198222 0.769645
vn -0.606922 0.198222 0.769645
vn -0.606922 0.198222 0.769645
vn 0.256220 0.784501 -0.564721
vn 0.256220 0.784501 -0.564721
vn 0.256220 0.784501 -0.564721
vn 0.256220 0.784501 -0.564721
vn -0.256220 -0.784501 -0.564720
vn -0.256220 -0.784501 -0.564720
vn -0.256220 -0.784501 -0.564720
vn -0.256220 -0.784501 -0.564720
vn 0.878732 0.477316 0.000000
vn 0.878731 0.477316 0.000000
vn 0.878731 0.477316 0.000000
vn 0.878731 0.477316 0.000000
vn 0.770139 -0.251529 -0.586190
vn 0.770139 -0.251529 -0.586190
vn 0.770139 -0.251529 -0.586190
vn 0.770139 -0.251529 -0.586190
vn 0.427601 -0.903967 0.000000
vn 0.427601 -0.903967 0.000000
vn 0.427601 -0.903967 0.000000
vn 0.427601 -0.903967 0.000000
vn -0.427601 0.903967 0.000000
vn -0.427601 0.903967 0.000000
vn -0.427601 0.903967 0.000000
vn -0.427601 0.903967 0.000000
vn -0.878732 -0.477316 0.000000
vn -0.878731 -0.477316 0.000000
vn -0.878731 -0.477316 0.000000
vn -0.878731 -0.477316 0.000000
vn -0.770139 0.251529 -0.586190
vn -0.770139 0.251529 -0.586190
vn -0.770139 0.251529 -0.586190
vn -0.770139 0.251529 -0.586190
vn -0.081089 0.913364 -0.398987
vn -0.081089 0.913364 -0.398987
vn -0.081089 0.913364 -0.398987
vn -0.081090 0.913364 -0.398987
vn -0.604565 -0.689428 -0.398986
vn -0.604565 -0.689428 -0.398986
vn -0.604565 -0.689428 -0.398986
vn -0.604565 -0.689428 -0.398986
vn 0.604565 0.689428 -0.398987
vn 0.604565 0.689428 -0.398987
vn 0.604565 0.689428 -0.398987
vn 0.604565 0.689428 -0.398987
vn 0.081089 -0.913364 -0.398987
vn 0.081089 -0.913364 -0.398987
vn 0.081089 -0.913364 -0.398987
vn 0.081090 -0.913364 -0.398987
s off
g pCube41
usemtl initialShadingGroup
f 525/666/1951 526/663/1952 527/664/1953 528/665/1954
f 513/650/1955 514/641/1956 516/643/1957 515/642/1958
f 515/642/1959 516/643/1960 521/644/1961 522/645/1962 518/646/1963 517/647/1964
f 529/670/1965 530/667/1966 531/668/1967 532/669/1968
f 533/671/1969 534/672/1970 535/673/1971 536/674/1972
f 519/648/1973 520/654/1974 524/662/1975 523/649/1976 514/641/1977 513/650/1978
f 534/672/1979 526/663/1980 525/666/1981 535/673/1982
f 527/664/1983 530/667/1984 529/670/1985 528/665/1986
f 518/659/1987 522/655/1988 527/664/1989 526/663/1990
f 524/662/1991 520/654/1992 525/666/1993 528/665/1994
f 521/661/1995 516/657/1996 531/668/1997 530/667/1998
f 516/657/1999 514/658/2000 532/669/2001 531/668/2002
f 514/658/2003 523/656/2004 529/670/2005 532/669/2006
f 515/651/2007 517/652/2008 534/672/2009 533/671/2010
f 519/660/2011 513/653/2012 536/674/2013 535/673/2014
f 513/653/2015 515/651/2016 533/671/2017 536/674/2018
f 517/652/2019 518/659/2020 526/663/2021 534/672/2022
f 520/654/2023 519/660/2024 535/673/2025 525/666/2026
f 522/655/2027 521/661/2028 530/667/2029 527/664/2030
f 523/656/2031 524/662/2032 528/665/2033 529/670/2034
g default
v 59.930652 5.059647 16.419380
v 60.361727 5.059647 16.419380
v 59.930652 6.204729 16.476457
v 60.361727 6.204729 16.476457
v 59.930652 6.204729 15.274299
v 60.361727 6.204729 15.274299
v 59.930652 5.059647 15.274299
v 60.361727 5.059647 15.274299
v 59.888426 5.071900 16.531550
v 60.403954 5.071900 16.531550
v 60.403954 6.441321 16.531550
v 59.888426 6.441321 16.531550
v 60.403954 5.071900 15.162129
v 60.403954 6.441321 15.162129
v 59.888426 5.071900 15.162129
v 59.888426 6.441321 15.162129
v 59.951720 5.181476 16.531550
v 60.340659 5.181476 16.531550
v 60.340659 5.407438 16.531550
v 59.951720 5.407438 16.531550
v 59.951720 5.181476 16.453566
v 60.340659 5.181476 16.453566
v 60.340659 5.407438 16.453566
v 59.951720 5.407438 16.453566
vt 0.375000 0.000000
vt 0.625000 0.000000
vt 0.375000 0.250000
vt 0.625000 0.250000
vt 0.375000 0.500000
vt 0.625000 0.500000
vt 0.375000 0.750000
vt 0.625000 0.750000
vt 0.375000 1.000000
vt 0.625000 1.000000
vt 0.875000 0.000000
vt 0.875000 0.250000
vt 0.125000 0.000000
vt 0.125000 0.250000
vt 0.375000 0.000000
vt 0.625000 0.000000
vt 0.625000 0.250000
vt 0.375000 0.250000
vt 0.875000 0.000000
vt 0.875000 0.250000
vt 0.125000 0.000000
vt 0.125000 0.250000
vt 0.375000 0.000000
vt 0.625000 0.000000
vt 0.625000 0.250000
vt 0.375000 0.250000
vt 0.375000 0.000000
vt 0.625000 0.000000
vt 0.625000 0.250000
vt 0.375000 0.250000
vn 0.000000 0.000000 1.000000
vn 0.000000 0.000000 1.000000
vn 0.000000 0.000000 1.000000
vn 0.000000 0.000000 1.000000
vn 0.000000 1.000000 0.000000
vn 0.000000 1.000000 0.000000
vn 0.000000 1.000000 0.000000
vn 0.000000 1.000000 0.000000
vn 0.000000 0.000000 -1.000000
vn 0.000000 0.000000 -1.000000
vn 0.000000 0.000000 -1.000000
vn 0.000000 0.000000 -1.000000
vn 0.000000 -1.000000 0.000000
vn 0.000000 -1.000000 0.000000
vn 0.000000 -1.000000 0.000000
vn 0.000000 -1.000000 0.000000
vn 1.000000 0.000000 0.000000
vn 1.000000 0.000000 0.000000
vn 1.000000 0.000000 0.000000
vn 1.000000 0.000000 0.000000
vn -1.000000 0.000000 0.000000
vn -1.000000 0.000000 0.000000
vn -1.000000 0.000000 0.000000
vn -1.000000 0.000000 0.000000
vn 0.000000 -0.994086 0.108592
vn 0.000000 -0.994086 0.108592
vn 0.000000 -0.994086 0.108592
vn 0.000000 -0.994086 0.108592
vn 0.000000 0.226793 -0.973943
vn 0.000000 0.226793 -0.973943
vn 0.000000 0.226793 -0.973943
vn 0.000000 0.226793 -0.973943
vn 0.278680 -0.960384 0.000000
vn 0.278680 -0.960384 0.000000
vn 0.278680 -0.960384 0.000000
vn 0.278680 -0.960384 0.000000
vn -0.935881 0.000000 -0.352317
vn -0.935881 0.000000 -0.352317
vn -0.935881 0.000000 -0.352317
vn -0.935881 0.000000 -0.352317
vn -0.984443 0.175702 0.000000
vn -0.984443 0.175703 0.000000
vn -0.984443 0.175702 0.000000
vn -0.984443 0.175703 0.000000
vn -0.278680 -0.960384 0.000000
vn -0.278680 -0.960384 0.000000
vn -0.278680 -0.960384 0.000000
vn -0.278680 -0.960384 0.000000
vn 0.984443 0.175702 0.000000
vn 0.984443 0.175702 0.000000
vn 0.984443 0.175703 0.000000
vn 0.984443 0.175702 0.000000
vn 0.935881 0.000000 -0.352317
vn 0.935881 0.000000 -0.352317
vn 0.935881 0.000000 -0.352317
vn 0.935881 0.000000 -0.352317
vn 0.000000 0.000000 1.000000
vn 0.000000 0.000000 1.000000
vn 0.000000 0.000000 1.000000
vn 0.000000 0.000000 1.000000
vn -0.000001 0.000000 1.000000
vn -0.000001 0.000000 1.000000
vn -0.000001 0.000000 1.000000
vn -0.000001 0.000000 1.000000
vn 0.000000 0.000000 1.000000
vn 0.000000 0.000000 1.000000
vn 0.000000 0.000000 1.000000
vn 0.000000 0.000000 1.000000
vn 0.000002 0.000000 1.000000
vn 0.000002 0.000000 1.000000
vn 0.000002 0.000000 1.000000
vn 0.000002 0.000000 1.000000
vn 0.000000 1.000000 0.000000
vn 0.000000 1.000000 0.000000
vn 0.000000 1.000000 0.000000
vn 0.000000 1.000000 0.000000
vn -1.000000 0.000000 0.000000
vn -1.000000 0.000000 0.000000
vn -1.000000 0.000000 0.000000
vn -1.000000 0.000000 0.000000
vn 0.000000 -1.000000 0.000000
vn 0.000000 -1.000000 0.000000
vn 0.000000 -1.000000 0.000000
vn 0.000000 -1.000000 0.000000
vn 1.000000 0.000000 0.000000
vn 1.000000 0.000000 0.000000
vn 1.000000 0.000000 0.000000
vn 1.000000 0.000000 0.000000
s off
g pCube40
usemtl initialShadingGroup
f 557/701/2035 558/702/2036 559/703/2037 560/704/2038
f 539/677/2039 540/678/2040 542/680/2041 541/679/2042
f 541/679/2043 542/680/2044 544/682/2045 543/681/2046
f 543/681/2047 544/682/2048 538/684/2049 537/683/2050
f 546/690/2051 549/693/2052 550/694/2053 547/691/2054
f 551/695/2055 545/689/2056 548/692/2057 552/696/2058
f 537/675/2059 538/676/2060 546/690/2061 545/689/2062
f 540/678/2063 539/677/2064 548/692/2065 547/691/2066
f 538/676/2067 544/685/2068 549/693/2069 546/690/2070
f 544/685/2071 542/686/2072 550/694/2073 549/693/2074
f 542/686/2075 540/678/2076 547/691/2077 550/694/2078
f 543/687/2079 537/675/2080 545/689/2081 551/695/2082
f 539/677/2083 541/688/2084 552/696/2085 548/692/2086
f 541/688/2087 543/687/2088 551/695/2089 552/696/2090
f 545/689/2091 546/690/2092 554/698/2093 553/697/2094
f 546/690/2095 547/691/2096 555/699/2097 554/698/2098
f 547/691/2099 548/692/2100 556/700/2101 555/699/2102
f 548/692/2103 545/689/2104 553/697/2105 556/700/2106
f 553/697/2107 554/698/2108 558/702/2109 557/701/2110
f 554/698/2111 555/699/2112 559/703/2113 558/702/2114
f 555/699/2115 556/700/2116 560/704/2117 559/703/2118
f 556/700/2119 553/697/2120 557/701/2121 560/704/2122
g default
v 60.523927 5.059647 16.419380
v 60.955001 5.059647 16.419380
v 60.523927 6.204729 16.476457
v 60.955001 6.204729 16.476457
v 60.523927 6.204729 15.274299
v 60.955001 6.204729 15.274299
v 60.523927 5.059647 15.274299
v 60.955001 5.059647 15.274299
v 60.481700 5.071900 16.531550
v 60.997228 5.071900 16.531550
v 60.997228 6.441321 16.531550
v 60.481700 6.441321 16.531550
v 60.997228 5.071900 15.162129
v 60.997228 6.441321 15.162129
v 60.481700 5.071900 15.162129
v 60.481700 6.441321 15.162129
v 60.544994 5.181476 16.531550
v 60.933933 5.181476 16.531550
v 60.933933 5.407438 16.531550
v 60.544994 5.407438 16.531550
v 60.544994 5.181476 16.453566
v 60.933933 5.181476 16.453566
v 60.933933 5.407438 16.453566
v 60.544994 5.407438 16.453566
vt 0.375000 0.000000
vt 0.625000 0.000000
vt 0.375000 0.250000
vt 0.625000 0.250000
vt 0.375000 0.500000
vt 0.625000 0.500000
vt 0.375000 0.750000
vt 0.625000 0.750000
vt 0.375000 1.000000
vt 0.625000 1.000000
vt 0.875000 0.000000
vt 0.875000 0.250000
vt 0.125000 0.000000
vt 0.125000 0.250000
vt 0.375000 0.000000
vt 0.625000 0.000000
vt 0.625000 0.250000
vt 0.375000 0.250000
vt 0.875000 0.000000
vt 0.875000 0.250000
vt 0.125000 0.000000
vt 0.125000 0.250000
vt 0.375000 0.000000
vt 0.625000 0.000000
vt 0.625000 0.250000
vt 0.375000 0.250000
vt 0.375000 0.000000
vt 0.625000 0.000000
vt 0.625000 0.250000
vt 0.375000 0.250000
vn 0.000000 0.000000 1.000000
vn 0.000000 0.000000 1.000000
vn 0.000000 0.000000 1.000000
vn 0.000000 0.000000 1.000000
vn 0.000000 1.000000 0.000000
vn 0.000000 1.000000 0.000000
vn 0.000000 1.000000 0.000000
vn 0.000000 1.000000 0.000000
vn 0.000000 0.000000 -1.000000
vn 0.000000 0.000000 -1.000000
vn 0.000000 0.000000 -1.000000
vn 0.000000 0.000000 -1.000000
vn 0.000000 -1.000000 0.000000
vn 0.000000 -1.000000 0.000000
vn 0.000000 -1.000000 0.000000
vn 0.000000 -1.000000 0.000000
vn 1.000000 0.000000 0.000000
vn 1.000000 0.000000 0.000000
vn 1.000000 0.000000 0.000000
vn 1.000000 0.000000 0.000000
vn -1.000000 0.000000 0.000000
vn -1.000000 0.000000 0.000000
vn -1.000000 0.000000 0.000000
vn -1.000000 0.000000 0.000000
vn 0.000000 -0.994086 0.108592
vn 0.000000 -0.994086 0.108592
vn 0.000000 -0.994086 0.108592
vn 0.000000 -0.994086 0.108592
vn 0.000000 0.226793 -0.973943
vn 0.000000 0.226793 -0.973943
vn 0.000000 0.226793 -0.973943
vn 0.000000 0.226793 -0.973943
vn 0.278680 -0.960384 0.000000
vn 0.278680 -0.960384 0.000000
vn 0.278680 -0.960384 0.000000
vn 0.278680 -0.960384 0.000000
vn -0.935881 0.000000 -0.352317
vn -0.935881 0.000000 -0.352317
vn -0.935881 0.000000 -0.352317
vn -0.935881 0.000000 -0.352317
vn -0.984443 0.175702 0.000000
vn -0.984443 0.175703 0.000000
vn -0.984443 0.175702 0.000000
vn -0.984443 0.175703 0.000000
vn -0.278680 -0.960384 0.000000
vn -0.278680 -0.960384 0.000000
vn -0.278680 -0.960384 0.000000
vn -0.278680 -0.960384 0.000000
vn 0.984443 0.175702 0.000000
vn 0.984443 0.175702 0.000000
vn 0.984443 0.175703 0.000000
vn 0.984443 0.175702 0.000000
vn 0.935881 0.000000 -0.352317
vn 0.935881 0.000000 -0.352317
vn 0.935881 0.000000 -0.352317
vn 0.935881 0.000000 -0.352317
vn 0.000000 0.000000 1.000000
vn 0.000000 0.000000 1.000000
vn 0.000000 0.000000 1.000000
vn 0.000000 0.000000 1.000000
vn -0.000001 0.000000 1.000000
vn -0.000001 0.000000 1.000000
vn -0.000001 0.000000 1.000000
vn -0.000001 0.000000 1.000000
vn 0.000000 0.000000 1.000000
vn 0.000000 0.000000 1.000000
vn 0.000000 0.000000 1.000000
vn 0.000000 0.000000 1.000000
vn 0.000002 0.000000 1.000000
vn 0.000002 0.000000 1.000000
vn 0.000002 0.000000 1.000000
vn 0.000002 0.000000 1.000000
vn 0.000000 1.000000 0.000000
vn 0.000000 1.000000 0.000000
vn 0.000000 1.000000 0.000000
vn 0.000000 1.000000 0.000000
vn -1.000000 0.000000 0.000000
vn -1.000000 0.000000 0.000000
vn -1.000000 0.000000 0.000000
vn -1.000000 0.000000 0.000000
vn 0.000000 -1.000000 0.000000
vn 0.000000 -1.000000 0.000000
vn 0.000000 -1.000000 0.000000
vn 0.000000 -1.000000 0.000000
vn 1.000000 0.000000 0.000000
vn 1.000000 0.000000 0.000000
vn 1.000000 0.000000 0.000000
vn 1.000000 0.000000 0.000000
s off
g pCube39
usemtl initialShadingGroup
f 581/731/2123 582/732/2124 583/733/2125 584/734/2126
f 563/707/2127 564/708/2128 566/710/2129 565/709/2130
f 565/709/2131 566/710/2132 568/712/2133 567/711/2134
f 567/711/2135 568/712/2136 562/714/2137 561/713/2138
f 570/720/2139 573/723/2140 574/724/2141 571/721/2142
f 575/725/2143 569/719/2144 572/722/2145 576/726/2146
f 561/705/2147 562/706/2148 570/720/2149 569/719/2150
f 564/708/2151 563/707/2152 572/722/2153 571/721/2154
f 562/706/2155 568/715/2156 573/723/2157 570/720/2158
f 568/715/2159 566/716/2160 574/724/2161 573/723/2162
f 566/716/2163 564/708/2164 571/721/2165 574/724/2166
f 567/717/2167 561/705/2168 569/719/2169 575/725/2170
f 563/707/2171 565/718/2172 576/726/2173 572/722/2174
f 565/718/2175 567/717/2176 575/725/2177 576/726/2178
f 569/719/2179 570/720/2180 578/728/2181 577/727/2182
f 570/720/2183 571/721/2184 579/729/2185 578/728/2186
f 571/721/2187 572/722/2188 580/730/2189 579/729/2190
f 572/722/2191 569/719/2192 577/727/2193 580/730/2194
f 577/727/2195 578/728/2196 582/732/2197 581/731/2198
f 578/728/2199 579/729/2200 583/733/2201 582/732/2202
f 579/729/2203 580/730/2204 584/734/2205 583/733/2206
f 580/730/2207 577/727/2208 581/731/2209 584/734/2210
g default
v 59.000034 3.798900 15.487523
v 59.000034 3.977535 15.487523
v 60.324633 3.798900 15.487523
v 60.324633 3.977535 15.487523
v 60.324633 3.798900 16.442868
v 60.324633 3.843555 16.487523
v 59.000034 3.798900 16.442868
v 59.000034 3.843555 16.487523
v 60.324633 3.977535 16.442868
v 60.324633 3.932880 16.487523
v 59.000034 3.977535 16.442868
v 59.000034 3.932880 16.487523
v 58.975327 3.830491 16.523631
v 60.349341 3.830491 16.523631
v 60.349341 3.945944 16.523631
v 58.975327 3.945944 16.523631
v 58.975327 4.003660 16.475751
v 60.349341 4.003660 16.475751
v 60.349341 4.003660 15.451415
v 58.975327 4.003660 15.451415
v 60.349341 3.772775 15.451415
v 60.349341 3.772775 16.475751
v 58.975327 3.772775 16.475751
v 58.975327 3.772775 15.451415
vt 0.625000 0.500000
vt 0.375000 0.750000
vt 0.625000 0.750000
vt 0.625000 0.988836
vt 0.562506 1.000000
vt 0.437494 1.000000
vt 0.375000 0.988835
vt 0.375000 0.261164
vt 0.625000 0.261165
vt 0.375000 0.500000
vt 0.125000 0.000000
vt 0.363836 -0.000000
vt 0.125000 0.250000
vt 0.437494 0.250000
vt 0.562507 -0.000000
vt 0.636164 0.250000
vt 0.875000 0.000000
vt 0.875000 0.250000
vt 0.437493 -0.000000
vt 0.363836 0.250000
vt 0.636164 -0.000000
vt 0.562506 0.250000
vt 0.437493 -0.000000
vt 0.562507 -0.000000
vt 0.562506 0.250000
vt 0.437494 0.250000
vt 0.636164 -0.000000
vt 0.875000 0.000000
vt 0.875000 0.250000
vt 0.636164 0.250000
vt 0.125000 0.000000
vt 0.363836 -0.000000
vt 0.363836 0.250000
vt 0.125000 0.250000
vn 0.000000 0.000000 1.000000
vn 0.000000 0.000000 1.000000
vn 0.000000 0.000000 1.000000
vn 0.000000 0.000000 1.000000
vn 0.000000 0.000000 -1.000000
vn 0.000000 0.000000 -1.000000
vn 0.000000 0.000000 -1.000000
vn 0.000000 0.000000 -1.000000
vn 1.000000 0.000000 0.000000
vn 1.000000 0.000000 0.000000
vn 1.000000 0.000000 0.000000
vn 1.000000 0.000000 0.000000
vn 1.000000 0.000000 0.000000
vn 1.000000 0.000000 0.000000
vn 0.000000 1.000000 0.000000
vn 0.000000 1.000000 0.000000
vn 0.000000 1.000000 0.000000
vn 0.000000 1.000000 0.000000
vn 0.000000 -1.000000 0.000000
vn 0.000000 -1.000000 0.000000
vn 0.000000 -1.000000 0.000000
vn 0.000000 -1.000000 0.000000
vn -1.000000 0.000000 0.000000
vn -1.000000 0.000000 0.000000
vn -1.000000 0.000000 0.000000
vn -1.000000 0.000000 0.000000
vn -1.000000 0.000000 0.000000
vn -1.000000 0.000000 0.000000
vn 0.000000 -0.638472 0.769645
vn 0.000000 -0.638472 0.769645
vn 0.000000 -0.638472 0.769645
vn 0.000000 -0.638472 0.769645
vn 0.000000 0.638472 0.769645
vn 0.000000 0.638472 0.769645
vn 0.000000 0.638472 0.769645
vn 0.000000 0.638472 0.769645
vn 0.825282 0.000000 -0.564721
vn 0.825282 0.000000 -0.564721
vn 0.825282 0.000000 -0.564721
vn 0.825282 0.000000 -0.564721
vn -0.825283 0.000000 -0.564720
vn -0.825283 0.000000 -0.564720
vn -0.825283 0.000000 -0.564720
vn -0.825283 0.000000 -0.564720
vn 0.726544 -0.687120 0.000000
vn 0.726544 -0.687120 0.000000
vn 0.726544 -0.687120 0.000000
vn 0.726544 -0.687120 0.000000
vn -0.000000 -0.810174 -0.586190
vn -0.000000 -0.810174 -0.586190
vn -0.000000 -0.810174 -0.586190
vn -0.000000 -0.810174 -0.586190
vn -0.726544 -0.687120 0.000000
vn -0.726544 -0.687120 0.000000
vn -0.726544 -0.687120 0.000000
vn -0.726544 -0.687120 0.000000
vn 0.726544 0.687120 0.000000
vn 0.726544 0.687120 0.000000
vn 0.726544 0.687120 0.000000
vn 0.726544 0.687120 0.000000
vn -0.726544 0.687120 0.000000
vn -0.726544 0.687120 0.000000
vn -0.726544 0.687120 0.000000
vn -0.726544 0.687120 0.000000
vn 0.000000 0.810174 -0.586190
vn 0.000000 0.810174 -0.586190
vn 0.000000 0.810174 -0.586190
vn 0.000000 0.810174 -0.586190
vn 0.843055 0.360649 -0.398987
vn 0.843055 0.360649 -0.398987
vn 0.843055 0.360649 -0.398987
vn 0.843055 0.360649 -0.398987
vn -0.843056 0.360649 -0.398986
vn -0.843056 0.360649 -0.398986
vn -0.843056 0.360649 -0.398986
vn -0.843056 0.360649 -0.398986
vn 0.843055 -0.360649 -0.398987
vn 0.843055 -0.360649 -0.398987
vn 0.843055 -0.360649 -0.398987
vn 0.843055 -0.360649 -0.398987
vn -0.843055 -0.360649 -0.398987
vn -0.843055 -0.360649 -0.398987
vn -0.843055 -0.360649 -0.398987
vn -0.843055 -0.360649 -0.398987
s off
g pCube37
usemtl initialShadingGroup
f 597/760/2211 598/757/2212 599/758/2213 600/759/2214
f 585/744/2215 586/735/2216 588/737/2217 587/736/2218
f 587/736/2219 588/737/2220 593/738/2221 594/739/2222 590/740/2223 589/741/2224
f 601/764/2225 602/761/2226 603/762/2227 604/763/2228
f 605/765/2229 606/766/2230 607/767/2231 608/768/2232
f 591/742/2233 592/748/2234 596/756/2235 595/743/2236 586/735/2237 585/744/2238
f 606/766/2239 598/757/2240 597/760/2241 607/767/2242
f 599/758/2243 602/761/2244 601/764/2245 600/759/2246
f 590/753/2247 594/749/2248 599/758/2249 598/757/2250
f 596/756/2251 592/748/2252 597/760/2253 600/759/2254
f 593/755/2255 588/751/2256 603/762/2257 602/761/2258
f 588/751/2259 586/752/2260 604/763/2261 603/762/2262
f 586/752/2263 595/750/2264 601/764/2265 604/763/2266
f 587/745/2267 589/746/2268 606/766/2269 605/765/2270
f 591/754/2271 585/747/2272 608/768/2273 607/767/2274
f 585/747/2275 587/745/2276 605/765/2277 608/768/2278
f 589/746/2279 590/753/2280 598/757/2281 606/766/2282
f 592/748/2283 591/754/2284 607/767/2285 597/760/2286
f 594/749/2287 593/755/2288 602/761/2289 599/758/2290
f 595/750/2291 596/756/2292 600/759/2293 601/764/2294
g default
v 58.979457 3.554262 15.487523
v 58.979457 3.732897 15.487523
v 60.304056 3.554262 15.487523
v 60.304056 3.732897 15.487523
v 60.304056 3.554262 16.442868
v 60.304056 3.598917 16.487523
v 58.979457 3.554262 16.442868
v 58.979457 3.598917 16.487523
v 60.304056 3.732897 16.442868
v 60.304056 3.688242 16.487523
v 58.979457 3.732897 16.442868
v 58.979457 3.688242 16.487523
v 58.954750 3.585853 16.523631
v 60.328764 3.585853 16.523631
v 60.328764 3.701306 16.523631
v 58.954750 3.701306 16.523631
v 58.954750 3.759022 16.475751
v 60.328764 3.759022 16.475751
v 60.328764 3.759022 15.451415
v 58.954750 3.759022 15.451415
v 60.328764 3.528137 15.451415
v 60.328764 3.528137 16.475751
v 58.954750 3.528137 16.475751
v 58.954750 3.528137 15.451415
vt 0.625000 0.500000
vt 0.375000 0.750000
vt 0.625000 0.750000
vt 0.625000 0.988836
vt 0.562506 1.000000
vt 0.437494 1.000000
vt 0.375000 0.988835
vt 0.375000 0.261164
vt 0.625000 0.261165
vt 0.375000 0.500000
vt 0.125000 0.000000
vt 0.363836 -0.000000
vt 0.125000 0.250000
vt 0.437494 0.250000
vt 0.562507 -0.000000
vt 0.636164 0.250000
vt 0.875000 0.000000
vt 0.875000 0.250000
vt 0.437493 -0.000000
vt 0.363836 0.250000
vt 0.636164 -0.000000
vt 0.562506 0.250000
vt 0.437493 -0.000000
vt 0.562507 -0.000000
vt 0.562506 0.250000
vt 0.437494 0.250000
vt 0.636164 -0.000000
vt 0.875000 0.000000
vt 0.875000 0.250000
vt 0.636164 0.250000
vt 0.125000 0.000000
vt 0.363836 -0.000000
vt 0.363836 0.250000
vt 0.125000 0.250000
vn 0.000000 0.000000 1.000000
vn 0.000000 0.000000 1.000000
vn 0.000000 0.000000 1.000000
vn 0.000000 0.000000 1.000000
vn 0.000000 0.000000 -1.000000
vn 0.000000 0.000000 -1.000000
vn 0.000000 0.000000 -1.000000
vn 0.000000 0.000000 -1.000000
vn 1.000000 0.000000 0.000000
vn 1.000000 0.000000 0.000000
vn 1.000000 0.000000 0.000000
vn 1.000000 0.000000 0.000000
vn 1.000000 0.000000 0.000000
vn 1.000000 0.000000 0.000000
vn 0.000000 1.000000 0.000000
vn 0.000000 1.000000 0.000000
vn 0.000000 1.000000 0.000000
vn 0.000000 1.000000 0.000000
vn 0.000000 -1.000000 0.000000
vn 0.000000 -1.000000 0.000000
vn 0.000000 -1.000000 0.000000
vn 0.000000 -1.000000 0.000000
vn -1.000000 0.000000 0.000000
vn -1.000000 0.000000 0.000000
vn -1.000000 0.000000 0.000000
vn -1.000000 0.000000 0.000000
vn -1.000000 0.000000 0.000000
vn -1.000000 0.000000 0.000000
vn 0.000000 -0.638472 0.769645
vn 0.000000 -0.638472 0.769645
vn 0.000000 -0.638472 0.769645
vn 0.000000 -0.638472 0.769645
vn 0.000000 0.638472 0.769645
vn 0.000000 0.638472 0.769645
vn 0.000000 0.638472 0.769645
vn 0.000000 0.638472 0.769645
vn 0.825282 0.000000 -0.564721
vn 0.825282 0.000000 -0.564721
vn 0.825282 0.000000 -0.564721
vn 0.825282 0.000000 -0.564721
vn -0.825283 0.000000 -0.564720
vn -0.825283 0.000000 -0.564720
vn -0.825283 0.000000 -0.564720
vn -0.825283 0.000000 -0.564720
vn 0.726544 -0.687120 0.000000
vn 0.726544 -0.687120 0.000000
vn 0.726544 -0.687120 0.000000
vn 0.726544 -0.687120 0.000000
vn -0.000000 -0.810174 -0.586190
vn -0.000000 -0.810174 -0.586190
vn -0.000000 -0.810174 -0.586190
vn -0.000000 -0.810174 -0.586190
vn -0.726544 -0.687120 0.000000
vn -0.726544 -0.687120 0.000000
vn -0.726544 -0.687120 0.000000
vn -0.726544 -0.687120 0.000000
vn 0.726544 0.687120 0.000000
vn 0.726544 0.687120 0.000000
vn 0.726544 0.687120 0.000000
vn 0.726544 0.687120 0.000000
vn -0.726544 0.687120 0.000000
vn -0.726544 0.687120 0.000000
vn -0.726544 0.687120 0.000000
vn -0.726544 0.687120 0.000000
vn 0.000000 0.810174 -0.586190
vn 0.000000 0.810174 -0.586190
vn 0.000000 0.810174 -0.586190
vn 0.000000 0.810174 -0.586190
vn 0.843055 0.360649 -0.398987
vn 0.843055 0.360649 -0.398987
vn 0.843055 0.360649 -0.398987
vn 0.843055 0.360649 -0.398987
vn -0.843056 0.360649 -0.398986
vn -0.843056 0.360649 -0.398986
vn -0.843056 0.360649 -0.398986
vn -0.843056 0.360649 -0.398986
vn 0.843055 -0.360649 -0.398987
vn 0.843055 -0.360649 -0.398987
vn 0.843055 -0.360649 -0.398987
vn 0.843055 -0.360649 -0.398987
vn -0.843055 -0.360649 -0.398987
vn -0.843055 -0.360649 -0.398987
vn -0.843055 -0.360649 -0.398987
vn -0.843055 -0.360649 -0.398987
s off
g pCube36
usemtl initialShadingGroup
f 621/794/2295 622/791/2296 623/792/2297 624/793/2298
f 609/778/2299 610/769/2300 612/771/2301 611/770/2302
f 611/770/2303 612/771/2304 617/772/2305 618/773/2306 614/774/2307 613/775/2308
f 625/798/2309 626/795/2310 627/796/2311 628/797/2312
f 629/799/2313 630/800/2314 631/801/2315 632/802/2316
f 615/776/2317 616/782/2318 620/790/2319 619/777/2320 610/769/2321 609/778/2322
f 630/800/2323 622/791/2324 621/794/2325 631/801/2326
f 623/792/2327 626/795/2328 625/798/2329 624/793/2330
f 614/787/2331 618/783/2332 623/792/2333 622/791/2334
f 620/790/2335 616/782/2336 621/794/2337 624/793/2338
f 617/789/2339 612/785/2340 627/796/2341 626/795/2342
f 612/785/2343 610/786/2344 628/797/2345 627/796/2346
f 610/786/2347 619/784/2348 625/798/2349 628/797/2350
f 611/779/2351 613/780/2352 630/800/2353 629/799/2354
f 615/788/2355 609/781/2356 632/802/2357 631/801/2358
f 609/781/2359 611/779/2360 629/799/2361 632/802/2362
f 613/780/2363 614/787/2364 622/791/2365 630/800/2366
f 616/782/2367 615/788/2368 631/801/2369 621/794/2370
f 618/783/2371 617/789/2372 626/795/2373 623/792/2374
f 619/784/2375 620/790/2376 624/793/2377 625/798/2378
g default
v 58.826466 3.309625 15.487523
v 58.826466 3.488259 15.487523
v 60.151065 3.309625 15.487523
v 60.151065 3.488259 15.487523
v 60.151065 3.309625 16.442868
v 60.151065 3.354279 16.487523
v 58.826466 3.309625 16.442868
v 58.826466 3.354279 16.487523
v 60.151065 3.488259 16.442868
v 60.151065 3.443604 16.487523
v 58.826466 3.488259 16.442868
v 58.826466 3.443604 16.487523
v 58.801759 3.341216 16.523631
v 60.175773 3.341216 16.523631
v 60.175773 3.456668 16.523631
v 58.801759 3.456668 16.523631
v 58.801759 3.514385 16.475751
v 60.175773 3.514385 16.475751
v 60.175773 3.514385 15.451415
v 58.801759 3.514385 15.451415
v 60.175773 3.283499 15.451415
v 60.175773 3.283499 16.475751
v 58.801759 3.283499 16.475751
v 58.801759 3.283499 15.451415
vt 0.625000 0.500000
vt 0.375000 0.750000
vt 0.625000 0.750000
vt 0.625000 0.988836
vt 0.562506 1.000000
vt 0.437494 1.000000
vt 0.375000 0.988835
vt 0.375000 0.261164
vt 0.625000 0.261165
vt 0.375000 0.500000
vt 0.125000 0.000000
vt 0.363836 -0.000000
vt 0.125000 0.250000
vt 0.437494 0.250000
vt 0.562507 -0.000000
vt 0.636164 0.250000
vt 0.875000 0.000000
vt 0.875000 0.250000
vt 0.437493 -0.000000
vt 0.363836 0.250000
vt 0.636164 -0.000000
vt 0.562506 0.250000
vt 0.437493 -0.000000
vt 0.562507 -0.000000
vt 0.562506 0.250000
vt 0.437494 0.250000
vt 0.636164 -0.000000
vt 0.875000 0.000000
vt 0.875000 0.250000
vt 0.636164 0.250000
vt 0.125000 0.000000
vt 0.363836 -0.000000
vt 0.363836 0.250000
vt 0.125000 0.250000
vn 0.000000 0.000000 1.000000
vn 0.000000 0.000000 1.000000
vn 0.000000 0.000000 1.000000
vn 0.000000 0.000000 1.000000
vn 0.000000 0.000000 -1.000000
vn 0.000000 0.000000 -1.000000
vn 0.000000 0.000000 -1.000000
vn 0.000000 0.000000 -1.000000
vn 1.000000 0.000000 0.000000
vn 1.000000 0.000000 0.000000
vn 1.000000 0.000000 0.000000
vn 1.000000 0.000000 0.000000
vn 1.000000 0.000000 0.000000
vn 1.000000 0.000000 0.000000
vn 0.000000 1.000000 0.000000
vn 0.000000 1.000000 0.000000
vn 0.000000 1.000000 0.000000
vn 0.000000 1.000000 0.000000
vn 0.000000 -1.000000 0.000000
vn 0.000000 -1.000000 0.000000
vn 0.000000 -1.000000 0.000000
vn 0.000000 -1.000000 0.000000
vn -1.000000 0.000000 0.000000
vn -1.000000 0.000000 0.000000
vn -1.000000 0.000000 0.000000
vn -1.000000 0.000000 0.000000
vn -1.000000 0.000000 0.000000
vn -1.000000 0.000000 0.000000
vn 0.000000 -0.638472 0.769645
vn 0.000000 -0.638472 0.769645
vn 0.000000 -0.638472 0.769645
vn 0.000000 -0.638472 0.769645
vn 0.000000 0.638472 0.769645
vn 0.000000 0.638472 0.769645
vn 0.000000 0.638472 0.769645
vn 0.000000 0.638472 0.769645
vn 0.825282 0.000000 -0.564721
vn 0.825282 0.000000 -0.564721
vn 0.825282 0.000000 -0.564721
vn 0.825282 0.000000 -0.564721
vn -0.825283 0.000000 -0.564720
vn -0.825283 0.000000 -0.564720
vn -0.825283 0.000000 -0.564720
vn -0.825283 0.000000 -0.564720
vn 0.726544 -0.687120 0.000000
vn 0.726544 -0.687120 0.000000
vn 0.726544 -0.687120 0.000000
vn 0.726544 -0.687120 0.000000
vn -0.000000 -0.810174 -0.586190
vn -0.000000 -0.810174 -0.586190
vn -0.000000 -0.810174 -0.586190
vn -0.000000 -0.810174 -0.586190
vn -0.726544 -0.687120 0.000000
vn -0.726544 -0.687120 0.000000
vn -0.726544 -0.687120 0.000000
vn -0.726544 -0.687120 0.000000
vn 0.726544 0.687120 0.000000
vn 0.726544 0.687120 0.000000
vn 0.726544 0.687120 0.000000
vn 0.726544 0.687120 0.000000
vn -0.726544 0.687120 0.000000
vn -0.726544 0.687120 0.000000
vn -0.726544 0.687120 0.000000
vn -0.726544 0.687120 0.000000
vn 0.000000 0.810174 -0.586190
vn 0.000000 0.810174 -0.586190
vn 0.000000 0.810174 -0.586190
vn 0.000000 0.810174 -0.586190
vn 0.843055 0.360649 -0.398987
vn 0.843055 0.360649 -0.398987
vn 0.843055 0.360649 -0.398987
vn 0.843055 0.360649 -0.398987
vn -0.843056 0.360649 -0.398986
vn -0.843056 0.360649 -0.398986
vn -0.843056 0.360649 -0.398986
vn -0.843056 0.360649 -0.398986
vn 0.843055 -0.360649 -0.398987
vn 0.843055 -0.360649 -0.398987
vn 0.843055 -0.360649 -0.398987
vn 0.843055 -0.360649 -0.398987
vn -0.843055 -0.360649 -0.398987
vn -0.843055 -0.360649 -0.398987
vn -0.843055 -0.360649 -0.398987
vn -0.843055 -0.360649 -0.398987
s off
g pCube35
usemtl initialShadingGroup
f 645/828/2379 646/825/2380 647/826/2381 648/827/2382
f 633/812/2383 634/803/2384 636/805/2385 635/804/2386
f 635/804/2387 636/805/2388 641/806/2389 642/807/2390 638/808/2391 637/809/2392
f 649/832/2393 650/829/2394 651/830/2395 652/831/2396
f 653/833/2397 654/834/2398 655/835/2399 656/836/2400
f 639/810/2401 640/816/2402 644/824/2403 643/811/2404 634/803/2405 633/812/2406
f 654/834/2407 646/825/2408 645/828/2409 655/835/2410
f 647/826/2411 650/829/2412 649/832/2413 648/827/2414
f 638/821/2415 642/817/2416 647/826/2417 646/825/2418
f 644/824/2419 640/816/2420 645/828/2421 648/827/2422
f 641/823/2423 636/819/2424 651/830/2425 650/829/2426
f 636/819/2427 634/820/2428 652/831/2429 651/830/2430
f 634/820/2431 643/818/2432 649/832/2433 652/831/2434
f 635/813/2435 637/814/2436 654/834/2437 653/833/2438
f 639/822/2439 633/815/2440 656/836/2441 655/835/2442
f 633/815/2443 635/813/2444 653/833/2445 656/836/2446
f 637/814/2447 638/821/2448 646/825/2449 654/834/2450
f 640/816/2451 639/822/2452 655/835/2453 645/828/2454
f 642/817/2455 641/823/2456 650/829/2457 647/826/2458
f 643/818/2459 644/824/2460 648/827/2461 649/832/2462
g default
v 59.084646 3.064987 15.487523
v 59.084646 3.243622 15.487523
v 60.409244 3.064987 15.487523
v 60.409244 3.243622 15.487523
v 60.409244 3.064987 16.442868
v 60.409244 3.109642 16.487523
v 59.084646 3.064987 16.442868
v 59.084646 3.109642 16.487523
v 60.409244 3.243622 16.442868
v 60.409244 3.198967 16.487523
v 59.084646 3.243622 16.442868
v 59.084646 3.198967 16.487523
v 59.059938 3.096578 16.523631
v 60.433952 3.096578 16.523631
v 60.433952 3.212031 16.523631
v 59.059938 3.212031 16.523631
v 59.059938 3.269747 16.475751
v 60.433952 3.269747 16.475751
v 60.433952 3.269747 15.451415
v 59.059938 3.269747 15.451415
v 60.433952 3.038861 15.451415
v 60.433952 3.038861 16.475751
v 59.059938 3.038861 16.475751
v 59.059938 3.038861 15.451415
vt 0.625000 0.500000
vt 0.375000 0.750000
vt 0.625000 0.750000
vt 0.625000 0.988836
vt 0.562506 1.000000
vt 0.437494 1.000000
vt 0.375000 0.988835
vt 0.375000 0.261164
vt 0.625000 0.261165
vt 0.375000 0.500000
vt 0.125000 0.000000
vt 0.363836 -0.000000
vt 0.125000 0.250000
vt 0.437494 0.250000
vt 0.562507 -0.000000
vt 0.636164 0.250000
vt 0.875000 0.000000
vt 0.875000 0.250000
vt 0.437493 -0.000000
vt 0.363836 0.250000
vt 0.636164 -0.000000
vt 0.562506 0.250000
vt 0.437493 -0.000000
vt 0.562507 -0.000000
vt 0.562506 0.250000
vt 0.437494 0.250000
vt 0.636164 -0.000000
vt 0.875000 0.000000
vt 0.875000 0.250000
vt 0.636164 0.250000
vt 0.125000 0.000000
vt 0.363836 -0.000000
vt 0.363836 0.250000
vt 0.125000 0.250000
vn 0.000000 0.000000 1.000000
vn 0.000000 0.000000 1.000000
vn 0.000000 0.000000 1.000000
vn 0.000000 0.000000 1.000000
vn 0.000000 0.000000 -1.000000
vn 0.000000 0.000000 -1.000000
vn 0.000000 0.000000 -1.000000
vn 0.000000 0.000000 -1.000000
vn 1.000000 0.000000 0.000000
vn 1.000000 0.000000 0.000000
vn 1.000000 0.000000 0.000000
vn 1.000000 0.000000 0.000000
vn 1.000000 0.000000 0.000000
vn 1.000000 0.000000 0.000000
vn 0.000000 1.000000 0.000000
vn 0.000000 1.000000 0.000000
vn 0.000000 1.000000 0.000000
vn 0.000000 1.000000 0.000000
vn 0.000000 -1.000000 0.000000
vn 0.000000 -1.000000 0.000000
vn 0.000000 -1.000000 0.000000
vn 0.000000 -1.000000 0.000000
vn -1.000000 0.000000 0.000000
vn -1.000000 0.000000 0.000000
vn -1.000000 0.000000 0.000000
vn -1.000000 0.000000 0.000000
vn -1.000000 0.000000 0.000000
vn -1.000000 0.000000 0.000000
vn 0.000000 -0.638472 0.769645
vn 0.000000 -0.638472 0.769645
vn 0.000000 -0.638472 0.769645
vn 0.000000 -0.638472 0.769645
vn 0.000000 0.638472 0.769645
vn 0.000000 0.638472 0.769645
vn 0.000000 0.638472 0.769645
vn 0.000000 0.638472 0.769645
vn 0.825282 0.000000 -0.564721
vn 0.825282 0.000000 -0.564721
vn 0.825282 0.000000 -0.564721
vn 0.825282 0.000000 -0.564721
vn -0.825283 0.000000 -0.564720
vn -0.825283 0.000000 -0.564720
vn -0.825283 0.000000 -0.564720
vn -0.825283 0.000000 -0.564720
vn 0.726544 -0.687120 0.000000
vn 0.726544 -0.687120 0.000000
vn 0.726544 -0.687120 0.000000
vn 0.726544 -0.687120 0.000000
vn -0.000000 -0.810174 -0.586190
vn -0.000000 -0.810174 -0.586190
vn -0.000000 -0.810174 -0.586190
vn -0.000000 -0.810174 -0.586190
vn -0.726544 -0.687120 0.000000
vn -0.726544 -0.687120 0.000000
vn -0.726544 -0.687120 0.000000
vn -0.726544 -0.687120 0.000000
vn 0.726544 0.687120 0.000000
vn 0.726544 0.687120 0.000000
vn 0.726544 0.687120 0.000000
vn 0.726544 0.687120 0.000000
vn -0.726544 0.687120 0.000000
vn -0.726544 0.687120 0.000000
vn -0.726544 0.687120 0.000000
vn -0.726544 0.687120 0.000000
vn 0.000000 0.810174 -0.586190
vn 0.000000 0.810174 -0.586190
vn 0.000000 0.810174 -0.586190
vn 0.000000 0.810174 -0.586190
vn 0.843055 0.360649 -0.398987
vn 0.843055 0.360649 -0.398987
vn 0.843055 0.360649 -0.398987
vn 0.843055 0.360649 -0.398987
vn -0.843056 0.360649 -0.398986
vn -0.843056 0.360649 -0.398986
vn -0.843056 0.360649 -0.398986
vn -0.843056 0.360649 -0.398986
vn 0.843055 -0.360649 -0.398987
vn 0.843055 -0.360649 -0.398987
vn 0.843055 -0.360649 -0.398987
vn 0.843055 -0.360649 -0.398987
vn -0.843055 -0.360649 -0.398987
vn -0.843055 -0.360649 -0.398987
vn -0.843055 -0.360649 -0.398987
vn -0.843055 -0.360649 -0.398987
s off
g pCube34
usemtl initialShadingGroup
f 669/862/2463 670/859/2464 671/860/2465 672/861/2466
f 657/846/2467 658/837/2468 660/839/2469 659/838/2470
f 659/838/2471 660/839/2472 665/840/2473 666/841/2474 662/842/2475 661/843/2476
f 673/866/2477 674/863/2478 675/864/2479 676/865/2480
f 677/867/2481 678/868/2482 679/869/2483 680/870/2484
f 663/844/2485 664/850/2486 668/858/2487 667/845/2488 658/837/2489 657/846/2490
f 678/868/2491 670/859/2492 669/862/2493 679/869/2494
f 671/860/2495 674/863/2496 673/866/2497 672/861/2498
f 662/855/2499 666/851/2500 671/860/2501 670/859/2502
f 668/858/2503 664/850/2504 669/862/2505 672/861/2506
f 665/857/2507 660/853/2508 675/864/2509 674/863/2510
f 660/853/2511 658/854/2512 676/865/2513 675/864/2514
f 658/854/2515 667/852/2516 673/866/2517 676/865/2518
f 659/847/2519 661/848/2520 678/868/2521 677/867/2522
f 663/856/2523 657/849/2524 680/870/2525 679/869/2526
f 657/849/2527 659/847/2528 677/867/2529 680/870/2530
f 661/848/2531 662/855/2532 670/859/2533 678/868/2534
f 664/850/2535 663/856/2536 679/869/2537 669/862/2538
f 666/851/2539 665/857/2540 674/863/2541 671/860/2542
f 667/852/2543 668/858/2544 672/861/2545 673/866/2546
g default
v 58.379500 3.049092 16.234527
v 58.635893 3.049092 16.234527
v 58.379500 4.515939 16.234527
v 58.635893 4.515939 16.234527
v 58.379500 4.515939 15.234528
v 58.635893 4.515939 15.234528
v 58.379500 3.049092 15.234528
v 58.635893 3.049092 15.234528
v 58.379500 4.334368 16.234527
v 58.379500 4.334368 15.234528
v 58.635893 4.334368 15.234528
v 58.635893 4.334368 16.234527
v 58.139697 3.049092 15.234528
v 58.139697 3.049092 16.234527
v 58.139697 4.334368 16.234527
v 58.139697 4.334368 15.234528
v 57.287646 3.049092 15.234528
v 57.287646 3.049092 16.234527
v 57.287646 4.334368 16.234527
v 57.287646 4.334368 15.234528
v 58.139697 4.423319 16.234527
v 58.139697 4.423319 15.234528
v 57.287646 4.423319 15.234528
v 57.287646 4.423319 16.234527
v 57.138487 3.049092 15.234528
v 57.138487 3.049092 16.234527
v 57.138487 4.334368 16.234527
v 57.138487 4.334368 15.234528
v 58.379500 4.021014 16.234527
v 58.139697 4.021014 16.234527
v 57.287646 4.021014 16.234527
v 57.138487 4.021014 16.234527
v 57.138487 4.021014 15.234528
v 57.287646 4.021014 15.234528
v 58.139697 4.021014 15.234528
v 58.379500 4.021014 15.234528
v 58.635893 4.021014 15.234528
v 58.635893 4.021014 16.234527
v 56.918257 3.049092 15.234528
v 56.918257 3.049092 16.234527
v 56.918257 4.021014 16.234527
v 56.918257 4.021014 15.234528
v 56.618979 3.049092 15.234528
v 56.618979 3.049092 16.234527
v 56.618979 4.021014 15.234528
v 56.918257 4.399840 16.234527
v 56.918257 4.399840 15.234528
v 56.618979 4.399840 15.234528
v 56.618979 4.399840 16.234527
v 58.379500 3.049092 16.320343
v 58.635893 3.049092 16.320343
v 58.635893 4.021014 16.320343
v 58.379500 4.021014 16.320343
v 58.635893 4.334368 16.320343
v 58.379500 4.334368 16.320343
v 58.635893 4.515939 16.320343
v 58.379500 4.515939 16.320343
v 58.139697 3.049092 16.328003
v 58.139697 4.021014 16.328003
v 57.287646 4.021014 16.328003
v 57.287646 3.049092 16.328003
v 58.139697 4.334368 16.328003
v 57.287646 4.334368 16.328003
v 58.139697 4.423319 16.328003
v 57.287646 4.423319 16.328003
v 56.918257 3.049092 16.313295
v 56.918257 4.021014 16.313295
v 56.618979 4.021014 16.313295
v 56.618979 3.049092 16.313295
v 56.918257 4.399840 16.313295
v 56.618979 4.399840 16.313295
v 54.858458 3.049092 16.234527
v 54.602065 3.049092 16.234527
v 54.858458 4.515939 16.234527
v 54.602065 4.515939 16.234527
v 54.858458 4.515939 15.234528
v 54.602065 4.515939 15.234528
v 54.858458 3.049092 15.234528
v 54.602065 3.049092 15.234528
v 54.858458 4.334368 16.234527
v 54.858458 4.334368 15.234528
v 54.602065 4.334368 15.234528
v 54.602065 4.334368 16.234527
v 55.098262 3.049092 15.234528
v 55.098262 3.049092 16.234527
v 55.098262 4.334368 16.234527
v 55.098262 4.334368 15.234528
v 55.950312 3.049092 15.234528
v 55.950312 3.049092 16.234527
v 55.950312 4.334368 16.234527
v 55.950312 4.334368 15.234528
v 55.098262 4.423319 16.234527
v 55.098262 4.423319 15.234528
v 55.950312 4.423319 15.234528
v 55.950312 4.423319 16.234527
v 56.099471 3.049092 15.234528
v 56.099471 3.049092 16.234527
v 56.099471 4.334368 16.234527
v 56.099471 4.334368 15.234528
v 54.858458 4.021014 16.234527
v 55.098262 4.021014 16.234527
v 55.950312 4.021014 16.234527
v 56.099471 4.021014 16.234527
v 56.099471 4.021014 15.234528
v 55.950312 4.021014 15.234528
v 55.098262 4.021014 15.234528
v 54.858458 4.021014 15.234528
v 54.602065 4.021014 15.234528
v 54.602065 4.021014 16.234527
v 56.319701 3.049092 15.234528
v 56.319701 3.049092 16.234527
v 56.319701 4.021014 16.234527
v 56.319701 4.021014 15.234528
v 56.319701 4.399840 16.234527
v 56.319701 4.399840 15.234528
v 54.858458 3.049092 16.320343
v 54.602065 3.049092 16.320343
v 54.602065 4.021014 16.320343
v 54.858458 4.021014 16.320343
v 54.602065 4.334368 16.320343
v 54.858458 4.334368 16.320343
v 54.602065 4.515939 16.320343
v 54.858458 4.515939 16.320343
v 55.098262 3.049092 16.328003
v 55.098262 4.021014 16.328003
v 55.950312 4.021014 16.328003
v 55.950312 3.049092 16.328003
v 55.098262 4.334368 16.328003
v 55.950312 4.334368 16.328003
v 55.098262 4.423319 16.328003
v 55.950312 4.423319 16.328003
v 56.319701 3.049092 16.313295
v 56.319701 4.021014 16.313295
v 56.319701 4.399840 16.313295
vt 0.375000 0.000000
vt 0.625000 0.000000
vt 0.375000 0.250000
vt 0.625000 0.250000
vt 0.375000 0.500000
vt 0.625000 0.500000
vt 0.375000 0.750000
vt 0.625000 0.750000
vt 0.375000 1.000000
vt 0.625000 1.000000
vt 0.875000 0.000000
vt 0.875000 0.250000
vt 0.125000 0.000000
vt 0.125000 0.250000
vt 0.375000 0.219054
vt 0.125000 0.219054
vt 0.375000 0.530946
vt 0.625000 0.530946
vt 0.875000 0.219054
vt 0.625000 0.219054
vt 0.125000 0.000000
vt 0.375000 0.000000
vt 0.375000 0.219054
vt 0.125000 0.219054
vt 0.125000 0.000000
vt 0.375000 0.000000
vt 0.375000 0.219054
vt 0.125000 0.219054
vt 0.375000 0.219054
vt 0.125000 0.219054
vt 0.125000 0.219054
vt 0.375000 0.219054
vt 0.125000 0.000000
vt 0.375000 0.000000
vt 0.375000 0.219054
vt 0.125000 0.219054
vt 0.375000 0.165648
vt 0.375000 0.165648
vt 0.375000 0.165648
vt 0.375000 0.165648
vt 0.125000 0.165648
vt 0.125000 0.165648
vt 0.125000 0.165648
vt 0.125000 0.165648
vt 0.375000 0.584352
vt 0.625000 0.584352
vt 0.875000 0.165648
vt 0.625000 0.165648
vt 0.125000 0.000000
vt 0.375000 0.000000
vt 0.375000 0.165648
vt 0.125000 0.165648
vt 0.125000 0.000000
vt 0.375000 0.000000
vt 0.125000 0.165648
vt 0.375000 0.165648
vt 0.125000 0.165648
vt 0.125000 0.165648
vt 0.375000 0.165648
vt 0.375000 0.000000
vt 0.625000 0.000000
vt 0.625000 0.165648
vt 0.375000 0.165648
vt 0.625000 0.219054
vt 0.625000 0.250000
vt 0.375000 0.250000
vt 0.375000 0.219054
vt 0.375000 0.000000
vt 0.375000 0.165648
vt 0.375000 0.165648
vt 0.375000 0.000000
vt 0.375000 0.219054
vt 0.375000 0.219054
vt 0.375000 0.219054
vt 0.375000 0.219054
vt 0.375000 0.000000
vt 0.375000 0.165648
vt 0.375000 0.165648
vt 0.375000 0.000000
vt 0.375000 0.165648
vt 0.375000 0.165648
vt 0.375000 0.000000
vt 0.625000 0.000000
vt 0.625000 0.165648
vt 0.375000 0.165648
vt 0.375000 0.250000
vt 0.625000 0.250000
vt 0.625000 0.500000
vt 0.375000 0.500000
vt 0.375000 0.584352
vt 0.625000 0.584352
vt 0.625000 0.750000
vt 0.375000 0.750000
vt 0.625000 1.000000
vt 0.375000 1.000000
vt 0.625000 0.000000
vt 0.875000 0.000000
vt 0.875000 0.165648
vt 0.625000 0.165648
vt 0.125000 0.219054
vt 0.375000 0.219054
vt 0.125000 0.250000
vt 0.625000 0.530946
vt 0.375000 0.530946
vt 0.625000 0.219054
vt 0.875000 0.219054
vt 0.875000 0.250000
vt 0.375000 0.219054
vt 0.625000 0.219054
vt 0.625000 0.250000
vt 0.375000 0.250000
vt 0.125000 0.000000
vt 0.375000 0.000000
vt 0.375000 0.000000
vt 0.125000 0.000000
vt 0.375000 0.165648
vt 0.375000 0.165648
vt 0.125000 0.219054
vt 0.375000 0.219054
vt 0.125000 0.165648
vt 0.125000 0.165648
vt 0.375000 0.000000
vt 0.125000 0.000000
vt 0.375000 0.000000
vt 0.375000 0.165648
vt 0.375000 0.165648
vt 0.375000 0.000000
vt 0.375000 0.219054
vt 0.125000 0.219054
vt 0.125000 0.219054
vt 0.375000 0.219054
vt 0.125000 0.165648
vt 0.125000 0.219054
vt 0.375000 0.219054
vt 0.375000 0.219054
vt 0.375000 0.219054
vt 0.375000 0.219054
vt 0.375000 0.219054
vt 0.375000 0.000000
vt 0.125000 0.000000
vt 0.375000 0.165648
vt 0.375000 0.165648
vt 0.125000 0.219054
vt 0.375000 0.219054
vt 0.125000 0.165648
vt 0.375000 0.000000
vt 0.125000 0.000000
vt 0.375000 0.165648
vt 0.125000 0.165648
vt 0.375000 0.000000
vt 0.125000 0.000000
vt 0.375000 0.000000
vt 0.375000 0.165648
vt 0.375000 0.165648
vt 0.375000 0.000000
vt 0.375000 0.165648
vt 0.125000 0.165648
vt 0.125000 0.165648
vt 0.375000 0.165648
vt 0.125000 0.165648
vt 0.375000 0.165648
vt 0.375000 0.165648
vn 0.000000 0.000000 1.000000
vn 0.000000 0.000000 1.000000
vn 0.000000 0.000000 1.000000
vn 0.000000 0.000000 1.000000
vn 0.000000 1.000000 0.000000
vn 0.000000 1.000000 0.000000
vn 0.000000 1.000000 0.000000
vn 0.000000 1.000000 0.000000
vn 0.000000 0.000000 -1.000000
vn 0.000000 0.000000 -1.000000
vn 0.000000 0.000000 -1.000000
vn 0.000000 0.000000 -1.000000
vn 0.000000 -1.000000 0.000000
vn 0.000000 -1.000000 0.000000
vn 0.000000 -1.000000 0.000000
vn 0.000000 -1.000000 0.000000
vn 1.000000 0.000000 0.000000
vn 1.000000 0.000000 0.000000
vn 1.000000 0.000000 0.000000
vn 1.000000 0.000000 0.000000
vn -1.000000 0.000000 0.000000
vn -1.000000 0.000000 0.000000
vn -1.000000 0.000000 0.000000
vn -1.000000 0.000000 0.000000
vn 0.000000 0.000000 -1.000000
vn 0.000000 0.000000 -1.000000
vn 0.000000 0.000000 -1.000000
vn 0.000000 0.000000 -1.000000
vn 1.000000 0.000000 0.000000
vn 1.000000 0.000000 0.000000
vn 1.000000 0.000000 0.000000
vn 1.000000 0.000000 0.000000
vn 0.000000 0.000000 1.000000
vn 0.000000 0.000000 1.000000
vn 0.000000 0.000000 1.000000
vn 0.000000 0.000000 1.000000
vn 0.000000 -1.000000 0.000000
vn 0.000000 -1.000000 0.000000
vn 0.000000 -1.000000 0.000000
vn 0.000000 -1.000000 0.000000
vn 0.000000 0.000000 1.000000
vn 0.000000 0.000000 1.000000
vn 0.000000 0.000000 1.000000
vn 0.000000 0.000000 1.000000
vn 0.000000 1.000000 0.000000
vn 0.000000 1.000000 0.000000
vn 0.000000 1.000000 0.000000
vn 0.000000 1.000000 0.000000
vn 0.000000 0.000000 -1.000000
vn 0.000000 0.000000 -1.000000
vn 0.000000 0.000000 -1.000000
vn 0.000000 0.000000 -1.000000
vn 0.000000 -1.000000 0.000000
vn 0.000000 -1.000000 0.000000
vn 0.000000 -1.000000 0.000000
vn 0.000000 -1.000000 0.000000
vn 0.000000 0.000000 1.000000
vn 0.000000 0.000000 1.000000
vn 0.000000 0.000000 1.000000
vn 0.000000 0.000000 1.000000
vn 0.000000 1.000000 0.000000
vn 0.000000 1.000000 0.000000
vn 0.000000 1.000000 0.000000
vn 0.000000 1.000000 0.000000
vn 0.000000 0.000000 -1.000000
vn 0.000000 0.000000 -1.000000
vn 0.000000 0.000000 -1.000000
vn 0.000000 0.000000 -1.000000
vn 1.000000 0.000000 0.000000
vn 1.000000 0.000000 0.000000
vn 1.000000 0.000000 0.000000
vn 1.000000 0.000000 0.000000
vn 0.000000 0.000000 -1.000000
vn 0.000000 0.000000 -1.000000
vn 0.000000 0.000000 -1.000000
vn 0.000000 0.000000 -1.000000
vn -1.000000 0.000000 0.000000
vn -1.000000 0.000000 0.000000
vn -1.000000 0.000000 0.000000
vn -1.000000 0.000000 0.000000
vn 0.000000 0.000000 1.000000
vn 0.000000 0.000000 1.000000
vn 0.000000 0.000000 1.000000
vn 0.000000 0.000000 1.000000
vn 0.000000 -1.000000 0.000000
vn 0.000000 -1.000000 0.000000
vn 0.000000 -1.000000 0.000000
vn 0.000000 -1.000000 0.000000
vn 0.000000 0.000000 1.000000
vn 0.000000 0.000000 1.000000
vn 0.000000 0.000000 1.000000
vn 0.000000 0.000000 1.000000
vn 0.000000 1.000000 0.000000
vn 0.000000 1.000000 0.000000
vn 0.000000 1.000000 0.000000
vn 0.000000 1.000000 0.000000
vn 0.000000 0.000000 -1.000000
vn 0.000000 0.000000 -1.000000
vn 0.000000 0.000000 -1.000000
vn 0.000000 0.000000 -1.000000
vn 0.000000 0.000000 1.000000
vn 0.000000 0.000000 1.000000
vn 0.000000 0.000000 1.000000
vn 0.000000 0.000000 1.000000
vn 0.000000 0.000000 1.000000
vn 0.000000 0.000000 1.000000
vn -1.000000 0.000000 0.000000
vn -1.000000 0.000000 0.000000
vn -1.000000 0.000000 0.000000
vn -1.000000 0.000000 0.000000
vn 0.000000 0.000000 -1.000000
vn 0.000000 0.000000 -1.000000
vn 0.000000 0.000000 -1.000000
vn 0.000000 0.000000 -1.000000
vn 0.000000 0.000000 -1.000000
vn 0.000000 0.000000 -1.000000
vn 0.000000 -1.000000 0.000000
vn 0.000000 -1.000000 0.000000
vn 0.000000 -1.000000 0.000000
vn 0.000000 -1.000000 0.000000
vn 0.000000 0.000000 1.000000
vn 0.000000 0.000000 1.000000
vn 0.000000 0.000000 1.000000
vn 0.000000 0.000000 1.000000
vn 0.000000 1.000000 0.000000
vn 0.000000 1.000000 0.000000
vn 0.000000 1.000000 0.000000
vn 0.000000 1.000000 0.000000
vn 0.000000 0.000000 -1.000000
vn 0.000000 0.000000 -1.000000
vn 0.000000 0.000000 -1.000000
vn 0.000000 0.000000 -1.000000
vn 0.000000 -1.000000 0.000000
vn 0.000000 -1.000000 0.000000
vn 0.000000 -1.000000 0.000000
vn 0.000000 -1.000000 0.000000
vn 0.000000 0.000000 1.000000
vn 0.000000 0.000000 1.000000
vn 0.000000 0.000000 1.000000
vn 0.000000 0.000000 1.000000
vn 0.000000 1.000000 0.000000
vn 0.000000 1.000000 0.000000
vn 0.000000 1.000000 0.000000
vn 0.000000 1.000000 0.000000
vn 0.000000 0.000000 -1.000000
vn 0.000000 0.000000 -1.000000
vn 0.000000 0.000000 -1.000000
vn 0.000000 0.000000 -1.000000
vn 1.000000 0.000000 0.000000
vn 1.000000 0.000000 0.000000
vn 1.000000 0.000000 0.000000
vn 1.000000 0.000000 0.000000
vn 0.000000 0.000000 -1.000000
vn 0.000000 0.000000 -1.000000
vn 0.000000 0.000000 -1.000000
vn 0.000000 0.000000 -1.000000
vn 0.000000 0.000000 1.000000
vn 0.000000 0.000000 1.000000
vn 0.000000 0.000000 1.000000
vn 0.000000 0.000000 1.000000
vn 0.000000 -1.000000 0.000000
vn 0.000000 -1.000000 0.000000
vn 0.000000 -1.000000 0.000000
vn 0.000000 -1.000000 0.000000
vn 1.000000 0.000000 0.000000
vn 1.000000 0.000000 0.000000
vn 1.000000 0.000000 0.000000
vn 1.000000 0.000000 0.000000
vn -1.000000 0.000000 0.000000
vn -1.000000 0.000000 0.000000
vn -1.000000 0.000000 0.000000
vn -1.000000 0.000000 0.000000
vn 1.000000 0.000000 0.000000
vn 1.000000 0.000000 0.000000
vn 1.000000 0.000000 0.000000
vn 1.000000 0.000000 0.000000
vn 0.000000 1.000000 0.000000
vn 0.000000 1.000000 0.000000
vn 0.000000 1.000000 0.000000
vn 0.000000 1.000000 0.000000
vn -1.000000 0.000000 0.000000
vn -1.000000 0.000000 0.000000
vn -1.000000 0.000000 0.000000
vn -1.000000 0.000000 0.000000
vn 1.000000 0.000000 0.000000
vn 1.000000 0.000000 0.000000
vn 1.000000 0.000000 0.000000
vn 1.000000 0.000000 0.000000
vn -1.000000 0.000000 0.000000
vn -1.000000 0.000000 0.000000
vn -1.000000 0.000000 0.000000
vn -1.000000 0.000000 0.000000
vn 1.000000 0.000000 0.000000
vn 1.000000 0.000000 0.000000
vn 1.000000 0.000000 0.000000
vn 1.000000 0.000000 0.000000
vn -1.000000 0.000000 0.000000
vn -1.000000 0.000000 0.000000
vn -1.000000 0.000000 0.000000
vn -1.000000 0.000000 0.000000
vn 0.000000 -1.000000 0.000000
vn 0.000000 -1.000000 0.000000
vn 0.000000 -1.000000 0.000000
vn 0.000000 -1.000000 0.000000
vn 1.000000 0.000000 0.000000
vn 1.000000 0.000000 0.000000
vn 1.000000 0.000000 0.000000
vn 1.000000 0.000000 0.000000
vn 0.000000 1.000000 0.000000
vn 0.000000 1.000000 0.000000
vn 0.000000 1.000000 0.000000
vn 0.000000 1.000000 0.000000
vn -1.000000 0.000000 0.000000
vn -1.000000 0.000000 0.000000
vn -1.000000 0.000000 0.000000
vn -1.000000 0.000000 0.000000
vn 1.000000 0.000000 0.000000
vn 1.000000 0.000000 0.000000
vn 1.000000 0.000000 0.000000
vn 1.000000 0.000000 0.000000
vn -1.000000 0.000000 0.000000
vn -1.000000 0.000000 0.000000
vn -1.000000 0.000000 0.000000
vn -1.000000 0.000000 0.000000
vn 1.000000 0.000000 0.000000
vn 1.000000 0.000000 0.000000
vn 1.000000 0.000000 0.000000
vn 1.000000 0.000000 0.000000
vn 0.000000 -1.000000 0.000000
vn 0.000000 -1.000000 0.000000
vn 0.000000 -1.000000 0.000000
vn 0.000000 -1.000000 0.000000
vn 1.000000 0.000000 0.000000
vn 1.000000 0.000000 0.000000
vn 1.000000 0.000000 0.000000
vn 1.000000 0.000000 0.000000
vn 0.000000 1.000000 0.000000
vn 0.000000 1.000000 0.000000
vn 0.000000 1.000000 0.000000
vn 0.000000 1.000000 0.000000
vn 0.000000 0.000000 1.000000
vn 0.000000 0.000000 1.000000
vn 0.000000 0.000000 1.000000
vn 0.000000 0.000000 1.000000
vn 0.000000 1.000000 0.000000
vn 0.000000 1.000000 0.000000
vn 0.000000 1.000000 0.000000
vn 0.000000 1.000000 0.000000
vn 0.000000 0.000000 -1.000000
vn 0.000000 0.000000 -1.000000
vn 0.000000 0.000000 -1.000000
vn 0.000000 0.000000 -1.000000
vn 0.000000 -1.000000 0.000000
vn 0.000000 -1.000000 0.000000
vn 0.000000 -1.000000 0.000000
vn 0.000000 -1.000000 0.000000
vn -1.000000 0.000000 0.000000
vn -1.000000 0.000000 0.000000
vn -1.000000 0.000000 0.000000
vn -1.000000 0.000000 0.000000
vn 1.000000 0.000000 0.000000
vn 1.000000 0.000000 0.000000
vn 1.000000 0.000000 0.000000
vn 1.000000 0.000000 0.000000
vn 0.000000 0.000000 -1.000000
vn 0.000000 0.000000 -1.000000
vn 0.000000 0.000000 -1.000000
vn 0.000000 0.000000 -1.000000
vn -1.000000 0.000000 0.000000
vn -1.000000 0.000000 0.000000
vn -1.000000 0.000000 0.000000
vn -1.000000 0.000000 0.000000
vn 0.000000 0.000000 1.000000
vn 0.000000 0.000000 1.000000
vn 0.000000 0.000000 1.000000
vn 0.000000 0.000000 1.000000
vn 0.000000 -1.000000 0.000000
vn 0.000000 -1.000000 0.000000
vn 0.000000 -1.000000 0.000000
vn 0.000000 -1.000000 0.000000
vn 0.000000 0.000000 1.000000
vn 0.000000 0.000000 1.000000
vn 0.000000 0.000000 1.000000
vn 0.000000 0.000000 1.000000
vn 0.000000 1.000000 0.000000
vn 0.000000 1.000000 0.000000
vn 0.000000 1.000000 0.000000
vn 0.000000 1.000000 0.000000
vn 0.000000 0.000000 -1.000000
vn 0.000000 0.000000 -1.000000
vn 0.000000 0.000000 -1.000000
vn 0.000000 0.000000 -1.000000
vn 0.000000 -1.000000 0.000000
vn 0.000000 -1.000000 0.000000
vn 0.000000 -1.000000 0.000000
vn 0.000000 -1.000000 0.000000
vn 0.000000 0.000000 1.000000
vn 0.000000 0.000000 1.000000
vn 0.000000 0.000000 1.000000
vn 0.000000 0.000000 1.000000
vn 0.000000 1.000000 0.000000
vn 0.000000 1.000000 0.000000
vn 0.000000 1.000000 0.000000
vn 0.000000 1.000000 0.000000
vn 0.000000 0.000000 -1.000000
vn 0.000000 0.000000 -1.000000
vn 0.000000 0.000000 -1.000000
vn 0.000000 0.000000 -1.000000
vn -1.000000 0.000000 0.000000
vn -1.000000 0.000000 0.000000
vn -1.000000 0.000000 0.000000
vn -1.000000 0.000000 0.000000
vn 0.000000 0.000000 -1.000000
vn 0.000000 0.000000 -1.000000
vn 0.000000 0.000000 -1.000000
vn 0.000000 0.000000 -1.000000
vn 1.000000 0.000000 0.000000
vn 1.000000 0.000000 0.000000
vn 1.000000 0.000000 0.000000
vn 1.000000 0.000000 0.000000
vn 0.000000 0.000000 1.000000
vn 0.000000 0.000000 1.000000
vn 0.000000 0.000000 1.000000
vn 0.000000 0.000000 1.000000
vn 0.000000 -1.000000 0.000000
vn 0.000000 -1.000000 0.000000
vn 0.000000 -1.000000 0.000000
vn 0.000000 -1.000000 0.000000
vn 0.000000 0.000000 1.000000
vn 0.000000 0.000000 1.000000
vn 0.000000 0.000000 1.000000
vn 0.000000 0.000000 1.000000
vn 0.000000 1.000000 0.000000
vn 0.000000 1.000000 0.000000
vn 0.000000 1.000000 0.000000
vn 0.000000 1.000000 0.000000
vn 0.000000 0.000000 -1.000000
vn 0.000000 0.000000 -1.000000
vn 0.000000 0.000000 -1.000000
vn 0.000000 0.000000 -1.000000
vn 0.000000 0.000000 1.000000
vn 0.000000 0.000000 1.000000
vn 0.000000 0.000000 1.000000
vn 0.000000 0.000000 1.000000
vn 0.000000 0.000000 1.000000
vn 0.000000 0.000000 1.000000
vn 1.000000 0.000000 0.000000
vn 1.000000 0.000000 0.000000
vn 1.000000 0.000000 0.000000
vn 1.000000 0.000000 0.000000
vn 0.000000 0.000000 -1.000000
vn 0.000000 0.000000 -1.000000
vn 0.000000 0.000000 -1.000000
vn 0.000000 0.000000 -1.000000
vn 0.000000 0.000000 -1.000000
vn 0.000000 0.000000 -1.000000
vn 0.000000 -1.000000 0.000000
vn 0.000000 -1.000000 0.000000
vn 0.000000 -1.000000 0.000000
vn 0.000000 -1.000000 0.000000
vn 0.000000 0.000000 1.000000
vn 0.000000 0.000000 1.000000
vn 0.000000 0.000000 1.000000
vn 0.000000 0.000000 1.000000
vn 0.000000 1.000000 0.000000
vn 0.000000 1.000000 0.000000
vn 0.000000 1.000000 0.000000
vn 0.000000 1.000000 0.000000
vn 0.000000 0.000000 -1.000000
vn 0.000000 0.000000 -1.000000
vn 0.000000 0.000000 -1.000000
vn 0.000000 0.000000 -1.000000
vn 0.000000 -1.000000 0.000000
vn 0.000000 -1.000000 0.000000
vn 0.000000 0.000000 1.000000
vn 0.000000 0.000000 1.000000
vn 0.000000 1.000000 0.000000
vn 0.000000 1.000000 0.000000
vn 0.000000 0.000000 -1.000000
vn 0.000000 0.000000 -1.000000
vn -1.000000 0.000000 0.000000
vn -1.000000 0.000000 0.000000
vn -1.000000 0.000000 0.000000
vn -1.000000 0.000000 0.000000
vn 0.000000 0.000000 -1.000000
vn 0.000000 0.000000 -1.000000
vn 0.000000 0.000000 1.000000
vn 0.000000 0.000000 1.000000
vn 0.000000 -1.000000 0.000000
vn 0.000000 -1.000000 0.000000
vn 0.000000 -1.000000 0.000000
vn 0.000000 -1.000000 0.000000
vn -1.000000 0.000000 0.000000
vn -1.000000 0.000000 0.000000
vn -1.000000 0.000000 0.000000
vn -1.000000 0.000000 0.000000
vn 1.000000 0.000000 0.000000
vn 1.000000 0.000000 0.000000
vn 1.000000 0.000000 0.000000
vn 1.000000 0.000000 0.000000
vn -1.000000 0.000000 0.000000
vn -1.000000 0.000000 0.000000
vn -1.000000 0.000000 0.000000
vn -1.000000 0.000000 0.000000
vn 0.000000 1.000000 0.000000
vn 0.000000 1.000000 0.000000
vn 0.000000 1.000000 0.000000
vn 0.000000 1.000000 0.000000
vn 1.000000 0.000000 0.000000
vn 1.000000 0.000000 0.000000
vn 1.000000 0.000000 0.000000
vn 1.000000 0.000000 0.000000
vn -1.000000 0.000000 0.000000
vn -1.000000 0.000000 0.000000
vn -1.000000 0.000000 0.000000
vn -1.000000 0.000000 0.000000
vn 1.000000 0.000000 0.000000
vn 1.000000 0.000000 0.000000
vn 1.000000 0.000000 0.000000
vn 1.000000 0.000000 0.000000
vn -1.000000 0.000000 0.000000
vn -1.000000 0.000000 0.000000
vn -1.000000 0.000000 0.000000
vn -1.000000 0.000000 0.000000
vn 1.000000 0.000000 0.000000
vn 1.000000 0.000000 0.000000
vn 1.000000 0.000000 0.000000
vn 1.000000 0.000000 0.000000
vn 0.000000 -1.000000 0.000000
vn 0.000000 -1.000000 0.000000
vn 0.000000 -1.000000 0.000000
vn 0.000000 -1.000000 0.000000
vn -1.000000 0.000000 0.000000
vn -1.000000 0.000000 0.000000
vn -1.000000 0.000000 0.000000
vn -1.000000 0.000000 0.000000
vn 0.000000 1.000000 0.000000
vn 0.000000 1.000000 0.000000
vn 0.000000 1.000000 0.000000
vn 0.000000 1.000000 0.000000
vn 1.000000 0.000000 0.000000
vn 1.000000 0.000000 0.000000
vn 1.000000 0.000000 0.000000
vn 1.000000 0.000000 0.000000
vn -1.000000 0.000000 0.000000
vn -1.000000 0.000000 0.000000
vn -1.000000 0.000000 0.000000
vn -1.000000 0.000000 0.000000
vn 1.000000 0.000000 0.000000
vn 1.000000 0.000000 0.000000
vn 1.000000 0.000000 0.000000
vn 1.000000 0.000000 0.000000
vn -1.000000 0.000000 0.000000
vn -1.000000 0.000000 0.000000
vn -1.000000 0.000000 0.000000
vn -1.000000 0.000000 0.000000
vn 0.000000 -1.000000 0.000000
vn 0.000000 -1.000000 0.000000
vn -1.000000 0.000000 0.000000
vn -1.000000 0.000000 0.000000
vn -1.000000 0.000000 0.000000
vn -1.000000 0.000000 0.000000
vn 0.000000 1.000000 0.000000
vn 0.000000 1.000000 0.000000
s 1
g pCube42
usemtl initialShadingGroup
f 730/930/2547 731/931/2548 732/932/2549 733/933/2550
s off
f 683/873/2551 684/874/2552 686/876/2553 685/875/2554
s 2
usemtl standardSurface11SG
f 716/915/2555 717/916/2556 688/878/2557 687/877/2558
s off
f 687/877/2559 688/878/2560 682/880/2561 681/879/2562
s 3
usemtl initialShadingGroup
f 682/872/2563 688/881/2564 717/917/2565 718/918/2566
s off
f 690/886/2567 689/885/2568 683/873/2569 685/884/2570
s 2
f 685/875/2571 686/876/2572 691/888/2573 690/887/2574
s 3
f 692/890/2575 691/889/2576 686/882/2577 684/874/2578
s 1
f 735/937/2579 734/934/2580 736/935/2581 737/936/2582
s off
usemtl standardSurface11SG
f 687/883/2583 681/871/2584 694/892/2585 693/891/2586
s 4
f 681/871/2587 709/907/2588 710/908/2589 694/892/2590
s off
f 689/885/2591 690/886/2592 696/894/2593 695/893/2594
s 5
f 715/913/2595 716/914/2596 687/883/2597 693/891/2598
s off
usemtl initialShadingGroup
f 693/891/2599 694/892/2600 698/896/2601 697/895/2602
s 6
f 738/938/2603 739/939/2604 740/940/2605 741/941/2606
s off
f 701/899/2607 702/900/2608 703/901/2609 704/902/2610
s 7
f 714/912/2611 715/913/2612 693/891/2613 697/895/2614
s off
f 695/893/2615 696/894/2616 702/900/2617 701/899/2618
f 696/894/2619 700/898/2620 703/901/2621 702/900/2622
f 700/898/2623 699/897/2624 704/902/2625 703/901/2626
f 743/945/2627 742/942/2628 744/943/2629 745/944/2630
usemtl standardSurface9SG
f 697/895/2631 698/896/2632 706/904/2633 705/903/2634
s 8
f 698/896/2635 711/909/2636 712/910/2637 706/904/2638
s off
f 699/897/2639 700/898/2640 708/906/2641 707/905/2642
s 9
f 713/911/2643 714/912/2644 697/895/2645 705/903/2646
s 4
usemtl standardSurface11SG
f 710/908/2589 709/907/2588 689/885/2647 695/893/2648
s 6
usemtl initialShadingGroup
f 740/940/2605 739/939/2604 742/942/2649 743/945/2650
s 8
usemtl standardSurface9SG
f 712/910/2637 711/909/2636 699/897/2651 707/905/2652
s off
f 713/911/2653 712/910/2654 707/905/2655 708/906/2656
s 9
f 700/898/2657 714/912/2644 713/911/2643 708/906/2658
s 7
usemtl initialShadingGroup
f 696/894/2659 715/913/2612 714/912/2611 700/898/2660
s 5
usemtl standardSurface11SG
f 690/886/2661 716/914/2596 715/913/2595 696/894/2662
s 2
usemtl initialShadingGroup
f 690/887/2574 691/888/2573 717/916/2556 716/915/2555
s 3
f 718/918/2566 717/917/2565 691/889/2576 692/890/2575
s 1
f 733/933/2550 732/932/2549 734/934/2580 735/937/2579
s off
usemtl standardSurface9SG
f 705/903/2663 706/904/2664 720/920/2665 719/919/2666
f 706/904/2667 712/910/2668 721/921/2669 720/920/2670
f 712/910/2671 713/911/2672 722/922/2673 721/921/2674
f 713/911/2675 705/903/2676 719/919/2677 722/922/2678
s 10
usemtl standardSurface11SG
f 719/919/2679 720/920/2680 724/924/2681 723/923/2682
s 11
f 746/946/2683 747/947/2684 748/948/2685 749/949/2686
s 12
f 726/926/2687 727/927/2688 728/928/2689 729/929/2690
s 13
f 722/922/2691 719/919/2692 723/923/2693 725/925/2694
s off
usemtl initialShadingGroup
f 721/921/2695 722/922/2696 727/927/2697 726/926/2698
s 14
usemtl standardSurface11SG
f 722/922/2699 725/925/2700 728/928/2701 727/927/2702
s 15
f 748/948/2703 747/947/2704 750/950/2705 751/951/2706
s off
usemtl initialShadingGroup
f 681/871/2707 682/872/2708 731/931/2709 730/930/2710
f 682/872/2711 718/918/2712 732/932/2713 731/931/2714
f 709/907/2715 681/871/2716 730/930/2717 733/933/2718
f 692/890/2719 684/874/2720 736/935/2721 734/934/2722
f 684/874/2723 683/873/2724 737/936/2725 736/935/2726
f 683/873/2727 689/885/2728 735/937/2729 737/936/2730
f 718/918/2731 692/890/2732 734/934/2733 732/932/2734
f 689/885/2735 709/907/2736 733/933/2737 735/937/2738
f 694/892/2739 710/908/2740 739/939/2741 738/938/2742
f 711/909/2743 698/896/2744 741/941/2745 740/940/2746
f 698/896/2747 694/892/2748 738/938/2749 741/941/2750
f 695/893/2751 701/899/2752 744/943/2753 742/942/2754
f 701/899/2755 704/902/2756 745/944/2757 744/943/2758
f 704/902/2759 699/897/2760 743/945/2761 745/944/2762
f 710/908/2763 695/893/2764 742/942/2765 739/939/2766
f 699/897/2767 711/909/2768 740/940/2769 743/945/2770
f 720/920/2771 721/921/2772 747/947/2773 746/946/2774
s 16
usemtl standardSurface11SG
f 724/924/2775 720/920/2776 746/946/2777 749/949/2778
s off
usemtl initialShadingGroup
f 721/921/2779 726/926/2780 750/950/2781 747/947/2782
s 17
usemtl standardSurface11SG
f 726/926/2783 729/929/2784 751/951/2785 750/950/2786
s 18
usemtl standardSurface9SG
f 796/952/2787 799/955/2788 798/954/2789 797/953/2790
s off
f 754/956/2791 756/959/2792 757/958/2793 755/957/2794
s 19
f 787/960/2795 758/963/2796 759/962/2797 788/961/2798
s off
f 758/963/2799 752/965/2800 753/964/2801 759/962/2802
s 20
f 753/966/2803 789/969/2804 788/968/2805 759/967/2806
s off
f 761/970/2807 756/972/2808 754/956/2809 760/971/2810
s 19
f 756/959/2811 761/974/2812 762/973/2813 757/958/2814
s 20
f 763/975/2815 755/957/2816 757/977/2817 762/976/2818
s 18
f 801/978/2819 803/981/2820 802/980/2821 800/979/2822
s off
usemtl initialShadingGroup
f 758/982/2823 764/985/2824 765/984/2825 752/983/2826
s 21
f 752/983/2827 765/984/2828 781/987/2829 780/986/2830
s off
f 760/971/2831 766/989/2832 767/988/2833 761/970/2834
s 22
f 786/990/2835 764/985/2836 758/982/2837 787/991/2838
s off
usemtl standardSurface10SG
f 764/985/2839 768/993/2840 769/992/2841 765/984/2842
s 23
f 804/994/2843 807/997/2844 806/996/2845 805/995/2846
s off
f 772/998/2847 775/1001/2848 774/1000/2849 773/999/2850
s 24
f 785/1002/2851 768/993/2852 764/985/2853 786/990/2854
s off
f 766/989/2855 772/998/2856 773/999/2857 767/988/2858
f 767/988/2859 773/999/2860 774/1000/2861 771/1003/2862
f 771/1003/2863 774/1000/2864 775/1001/2865 770/1004/2866
f 809/1005/2867 811/1008/2868 810/1007/2869 808/1006/2870
usemtl initialShadingGroup
f 768/993/2871 776/1010/2872 777/1009/2873 769/992/2874
s 25
f 769/992/2875 777/1009/2876 783/1012/2877 782/1011/2878
s off
f 770/1004/2879 778/1014/2880 779/1013/2881 771/1003/2882
s 26
f 784/1015/2883 776/1010/2884 768/993/2885 785/1002/2886
s 21
f 781/987/2829 766/989/2887 760/971/2888 780/986/2830
s 23
usemtl standardSurface10SG
f 806/996/2845 809/1005/2889 808/1006/2890 805/995/2846
s 25
usemtl initialShadingGroup
f 783/1012/2877 778/1014/2891 770/1004/2892 782/1011/2878
s off
f 784/1015/2893 779/1013/2894 778/1014/2895 783/1012/2896
s 26
f 771/1003/2897 779/1013/2898 784/1015/2883 785/1002/2886
s 24
usemtl standardSurface10SG
f 767/988/2899 771/1003/2900 785/1002/2851 786/990/2854
s 22
usemtl initialShadingGroup
f 761/970/2901 767/988/2902 786/990/2835 787/991/2838
s 19
usemtl standardSurface9SG
f 761/974/2812 787/960/2795 788/961/2798 762/973/2813
s 20
f 789/969/2804 763/975/2815 762/976/2818 788/968/2805
s 18
f 799/955/2788 801/978/2819 800/979/2822 798/954/2789
s off
usemtl standardSurface11SG
f 776/1010/2903 790/1017/2904 791/1016/2905 777/1009/2906
usemtl initialShadingGroup
f 777/1009/2907 791/1016/2908 792/1018/2909 783/1012/2910
f 783/1012/2911 792/1018/2912 793/1019/2913 784/1015/2914
f 784/1015/2915 793/1019/2916 790/1017/2917 776/1010/2918
s 10
usemtl standardSurface11SG
f 790/1017/2919 723/1021/2682 724/1020/2681 791/1016/2920
s 11
f 812/1022/2921 749/1025/2686 748/1024/2685 813/1023/2922
s 12
f 794/1026/2923 729/1029/2690 728/1028/2689 795/1027/2924
s 13
f 793/1019/2925 725/1030/2694 723/1021/2693 790/1017/2926
s off
f 792/1018/2927 794/1026/2928 795/1027/2929 793/1019/2930
s 14
f 793/1019/2931 795/1027/2932 728/1028/2701 725/1030/2700
s 15
f 748/1024/2703 751/1032/2706 814/1031/2933 813/1023/2934
s off
usemtl standardSurface9SG
f 752/983/2935 796/952/2936 797/953/2937 753/966/2938
f 753/966/2939 797/953/2940 798/954/2941 789/969/2942
f 780/986/2943 799/955/2944 796/952/2945 752/983/2946
f 763/975/2947 800/979/2948 802/980/2949 755/957/2950
f 755/957/2951 802/980/2952 803/981/2953 754/956/2954
f 754/956/2955 803/981/2956 801/978/2957 760/971/2958
f 789/969/2959 798/954/2960 800/979/2961 763/975/2962
f 760/971/2963 801/978/2964 799/955/2965 780/986/2966
usemtl standardSurface10SG
f 765/984/2967 804/994/2968 805/995/2969 781/987/2970
f 782/1011/2971 806/996/2972 807/997/2973 769/992/2974
usemtl initialShadingGroup
f 769/992/2975 807/997/2976 804/994/2977 765/984/2978
usemtl standardSurface10SG
f 766/989/2979 808/1006/2980 810/1007/2981 772/998/2982
f 772/998/2983 810/1007/2984 811/1008/2985 775/1001/2986
f 775/1001/2987 811/1008/2988 809/1005/2989 770/1004/2990
f 781/987/2991 805/995/2992 808/1006/2993 766/989/2994
f 770/1004/2995 809/1005/2996 806/996/2997 782/1011/2998
usemtl standardSurface11SG
f 791/1016/2999 812/1022/3000 813/1023/3001 792/1018/3002
s 16
f 724/1020/2775 749/1025/2778 812/1022/3003 791/1016/3004
s off
f 792/1018/3005 813/1023/3006 814/1031/3007 794/1026/3008
s 17
f 794/1026/3009 814/1031/3010 751/1032/2785 729/1029/2784
g default
v 57.729835 1.116016 15.583078
v 57.463728 1.116016 15.472853
v 57.197627 1.116016 15.583078
v 57.087397 1.116016 15.849184
v 57.197627 1.116016 16.115290
v 57.463728 1.116016 16.225516
v 57.729835 1.116016 16.115290
v 57.840060 1.116016 15.849184
v 57.729835 1.868679 15.583078
v 57.463728 1.868679 15.472853
v 57.197627 1.868679 15.583078
v 57.087397 1.868679 15.849184
v 57.197627 1.868679 16.115290
v 57.463728 1.868679 16.225516
v 57.729835 1.868679 16.115290
v 57.840060 1.868679 15.849184
v 57.463728 1.116016 15.849184
v 57.463728 1.868679 15.849184
v 57.748334 1.244207 15.564578
v 57.463727 1.244207 15.446690
v 57.463727 2.000296 15.373153
v 57.800333 2.000296 15.512579
v 57.179127 1.244207 15.564578
v 57.127129 2.000296 15.512579
v 57.061233 1.244207 15.849184
v 56.987696 2.000296 15.849184
v 57.179127 1.244207 16.133790
v 57.127129 2.000296 16.185788
v 57.463727 1.244207 16.251679
v 57.463727 2.000296 16.325216
v 57.748334 1.244207 16.133790
v 57.800333 2.000296 16.185788
v 57.866222 1.244207 15.849184
v 57.939759 2.000296 15.849184
vt 0.610485 0.045765
vt 0.500000 0.000000
vt 0.389515 0.045765
vt 0.343750 0.156250
vt 0.389515 0.266735
vt 0.500000 0.312500
vt 0.610485 0.266735
vt 0.656250 0.156250
vt 0.375000 0.312500
vt 0.406250 0.312500
vt 0.437500 0.312500
vt 0.468750 0.312500
vt 0.500000 0.312500
vt 0.531250 0.312500
vt 0.562500 0.312500
vt 0.593750 0.312500
vt 0.625000 0.312500
vt 0.375000 0.687500
vt 0.406250 0.687500
vt 0.437500 0.687500
vt 0.468750 0.687500
vt 0.500000 0.687500
vt 0.531250 0.687500
vt 0.562500 0.687500
vt 0.593750 0.687500
vt 0.625000 0.687500
vt 0.610485 0.733265
vt 0.500000 0.687500
vt 0.389515 0.733265
vt 0.343750 0.843750
vt 0.389515 0.954235
vt 0.500000 1.000000
vt 0.610485 0.954235
vt 0.656250 0.843750
vt 0.500000 0.156250
vt 0.500000 0.843750
vt 0.375000 0.312500
vt 0.406250 0.312500
vt 0.406250 0.687500
vt 0.375000 0.687500
vt 0.437500 0.312500
vt 0.437500 0.687500
vt 0.468750 0.312500
vt 0.468750 0.687500
vt 0.500000 0.312500
vt 0.500000 0.687500
vt 0.531250 0.312500
vt 0.531250 0.687500
vt 0.562500 0.312500
vt 0.562500 0.687500
vt 0.593750 0.312500
vt 0.593750 0.687500
vt 0.625000 0.312500
vt 0.625000 0.687500
vn 0.381147 -0.089496 -0.920173
vn 0.381147 -0.089496 -0.920173
vn 0.381147 -0.089496 -0.920173
vn 0.381147 -0.089496 -0.920173
vn -0.381154 -0.089496 -0.920170
vn -0.381154 -0.089496 -0.920170
vn -0.381154 -0.089496 -0.920170
vn -0.381154 -0.089496 -0.920170
vn -0.920166 -0.089495 -0.381164
vn -0.920166 -0.089495 -0.381164
vn -0.920166 -0.089495 -0.381164
vn -0.920166 -0.089495 -0.381164
vn -0.920165 -0.089495 0.381165
vn -0.920165 -0.089495 0.381165
vn -0.920165 -0.089495 0.381165
vn -0.920165 -0.089495 0.381165
vn -0.381158 -0.089496 0.920168
vn -0.381158 -0.089496 0.920168
vn -0.381158 -0.089496 0.920168
vn -0.381158 -0.089496 0.920168
vn 0.381151 -0.089496 0.920171
vn 0.381151 -0.089496 0.920171
vn 0.381151 -0.089496 0.920171
vn 0.381151 -0.089496 0.920171
vn 0.920172 -0.089496 0.381148
vn 0.920172 -0.089496 0.381148
vn 0.920172 -0.089496 0.381148
vn 0.920172 -0.089496 0.381148
vn 0.920173 -0.089496 -0.381147
vn 0.920173 -0.089496 -0.381147
vn 0.920173 -0.089496 -0.381147
vn 0.920173 -0.089496 -0.381147
vn 0.000000 -1.000000 0.000000
vn 0.000000 -1.000000 -0.000000
vn 0.000000 -1.000000 0.000000
vn 0.000000 -1.000000 0.000000
vn 0.000000 -1.000000 0.000000
vn 0.000000 -1.000000 0.000000
vn 0.000000 -1.000000 0.000000
vn 0.000000 -1.000000 0.000000
vn 0.000000 -1.000000 -0.000000
vn 0.000000 1.000000 0.000000
vn 0.000000 1.000000 0.000000
vn 0.000000 1.000000 0.000000
vn 0.000000 1.000000 0.000000
vn 0.000000 1.000000 0.000000
vn 0.000000 1.000000 0.000000
vn 0.000000 1.000000 0.000000
vn 0.000000 1.000000 -0.000000
vn 0.000000 1.000000 -0.000000
vn 0.376055 -0.185292 -0.907882
vn 0.376055 -0.185292 -0.907882
vn 0.376055 -0.185292 -0.907882
vn 0.376055 -0.185292 -0.907882
vn -0.313529 0.573375 0.756928
vn -0.313529 0.573375 0.756928
vn -0.313529 0.573375 0.756928
vn -0.313529 0.573375 0.756928
vn -0.376062 -0.185297 -0.907878
vn -0.376062 -0.185297 -0.907878
vn -0.376062 -0.185297 -0.907878
vn -0.376062 -0.185297 -0.907878
vn 0.313534 0.573377 0.756925
vn 0.313534 0.573377 0.756925
vn 0.313534 0.573377 0.756925
vn 0.313534 0.573377 0.756925
vn -0.907873 -0.185300 -0.376072
vn -0.907873 -0.185300 -0.376072
vn -0.907873 -0.185300 -0.376072
vn -0.907873 -0.185300 -0.376072
vn 0.756921 0.573377 0.313542
vn 0.756921 0.573377 0.313542
vn 0.756921 0.573377 0.313542
vn 0.756921 0.573377 0.313542
vn -0.907873 -0.185300 0.376073
vn -0.907873 -0.185300 0.376073
vn -0.907873 -0.185300 0.376073
vn -0.907873 -0.185300 0.376073
vn 0.756921 0.573377 -0.313544
vn 0.756921 0.573377 -0.313544
vn 0.756921 0.573377 -0.313544
vn 0.756921 0.573377 -0.313544
vn -0.376066 -0.185297 0.907876
vn -0.376066 -0.185297 0.907876
vn -0.376066 -0.185296 0.907876
vn -0.376066 -0.185297 0.907876
vn 0.313538 0.573376 -0.756924
vn 0.313538 0.573376 -0.756924
vn 0.313538 0.573376 -0.756924
vn 0.313538 0.573376 -0.756924
vn 0.376060 -0.185292 0.907880
vn 0.376060 -0.185292 0.907880
vn 0.376060 -0.185292 0.907880
vn 0.376060 -0.185292 0.907880
vn -0.313533 0.573375 -0.756927
vn -0.313533 0.573375 -0.756927
vn -0.313533 0.573375 -0.756927
vn -0.313533 0.573375 -0.756927
vn 0.907882 -0.185288 0.376057
vn 0.907882 -0.185288 0.376057
vn 0.907882 -0.185288 0.376057
vn 0.907882 -0.185288 0.376057
vn -0.756929 0.573373 -0.313531
vn -0.756929 0.573373 -0.313531
vn -0.756929 0.573373 -0.313531
vn -0.756929 0.573373 -0.313531
vn 0.907882 -0.185288 -0.376056
vn 0.907882 -0.185289 -0.376056
vn 0.907882 -0.185289 -0.376056
vn 0.907882 -0.185288 -0.376056
vn -0.756930 0.573373 0.313529
vn -0.756930 0.573373 0.313529
vn -0.756930 0.573373 0.313529
vn -0.756930 0.573373 0.313529
s off
g pCylinder12
usemtl initialShadingGroup
f 833/1069/3011 834/1070/3012 835/1071/3013 836/1072/3014
f 834/1070/3015 837/1073/3016 838/1074/3017 835/1071/3018
f 837/1073/3019 839/1075/3020 840/1076/3021 838/1074/3022
f 839/1075/3023 841/1077/3024 842/1078/3025 840/1076/3026
f 841/1077/3027 843/1079/3028 844/1080/3029 842/1078/3030
f 843/1079/3031 845/1081/3032 846/1082/3033 844/1080/3034
f 845/1081/3035 847/1083/3036 848/1084/3037 846/1082/3038
f 847/1083/3039 833/1085/3040 836/1086/3041 848/1084/3042
s 1
f 816/1034/3043 815/1033/3044 831/1067/3045
f 817/1035/3046 816/1034/3043 831/1067/3045
f 818/1036/3047 817/1035/3046 831/1067/3045
f 819/1037/3048 818/1036/3047 831/1067/3045
f 820/1038/3049 819/1037/3048 831/1067/3045
f 821/1039/3050 820/1038/3049 831/1067/3045
f 822/1040/3051 821/1039/3050 831/1067/3045
f 815/1033/3044 822/1040/3051 831/1067/3045
s 2
f 823/1065/3052 824/1064/3053 832/1068/3054
f 824/1064/3053 825/1063/3055 832/1068/3054
f 825/1063/3055 826/1062/3056 832/1068/3054
f 826/1062/3056 827/1061/3057 832/1068/3054
f 827/1061/3057 828/1060/3058 832/1068/3054
f 828/1060/3058 829/1059/3059 832/1068/3054
f 829/1059/3059 830/1066/3060 832/1068/3054
f 830/1066/3060 823/1065/3052 832/1068/3054
s off
f 815/1041/3061 816/1042/3062 834/1070/3063 833/1069/3064
f 824/1051/3065 823/1050/3066 836/1072/3067 835/1071/3068
f 816/1042/3069 817/1043/3070 837/1073/3071 834/1070/3072
f 825/1052/3073 824/1051/3074 835/1071/3075 838/1074/3076
f 817/1043/3077 818/1044/3078 839/1075/3079 837/1073/3080
f 826/1053/3081 825/1052/3082 838/1074/3083 840/1076/3084
f 818/1044/3085 819/1045/3086 841/1077/3087 839/1075/3088
f 827/1054/3089 826/1053/3090 840/1076/3091 842/1078/3092
f 819/1045/3093 820/1046/3094 843/1079/3095 841/1077/3096
f 828/1055/3097 827/1054/3098 842/1078/3099 844/1080/3100
f 820/1046/3101 821/1047/3102 845/1081/3103 843/1079/3104
f 829/1056/3105 828/1055/3106 844/1080/3107 846/1082/3108
f 821/1047/3109 822/1048/3110 847/1083/3111 845/1081/3112
f 830/1057/3113 829/1056/3114 846/1082/3115 848/1084/3116
f 822/1048/3117 815/1049/3118 833/1085/3119 847/1083/3120
f 823/1058/3121 830/1057/3122 848/1084/3123 836/1086/3124
g default
v 58.661707 2.329778 15.487523
v 58.809266 2.229097 15.487523
v 57.915148 1.235606 15.487523
v 58.062708 1.134925 15.487523
v 57.915148 1.235606 16.442868
v 57.952035 1.210438 16.487523
v 58.661707 2.329778 16.442868
v 58.698593 2.304610 16.487523
v 58.062708 1.134925 16.442868
v 58.025821 1.160093 16.487523
v 58.809266 2.229097 16.442868
v 58.772379 2.254265 16.487523
v 58.701728 2.332382 16.523631
v 57.927318 1.197391 16.523631
v 58.022687 1.132321 16.523631
v 58.797096 2.267312 16.523631
v 58.844772 2.234782 16.475751
v 58.070363 1.099791 16.475751
v 58.070363 1.099791 15.451415
v 58.844772 2.234782 15.451415
v 57.879642 1.229921 15.451415
v 57.879642 1.229921 16.475751
v 58.654052 2.364912 16.475751
v 58.654052 2.364912 15.451415
vt 0.625000 0.500000
vt 0.375000 0.750000
vt 0.625000 0.750000
vt 0.625000 0.988836
vt 0.562506 1.000000
vt 0.437494 1.000000
vt 0.375000 0.988835
vt 0.375000 0.261164
vt 0.625000 0.261165
vt 0.375000 0.500000
vt 0.125000 0.000000
vt 0.363836 -0.000000
vt 0.125000 0.250000
vt 0.437494 0.250000
vt 0.562507 -0.000000
vt 0.636164 0.250000
vt 0.875000 0.000000
vt 0.875000 0.250000
vt 0.437493 -0.000000
vt 0.363836 0.250000
vt 0.636164 -0.000000
vt 0.562506 0.250000
vt 0.437493 -0.000000
vt 0.562507 -0.000000
vt 0.562506 0.250000
vt 0.437494 0.250000
vt 0.636164 -0.000000
vt 0.875000 0.000000
vt 0.875000 0.250000
vt 0.636164 0.250000
vt 0.125000 0.000000
vt 0.363836 -0.000000
vt 0.363836 0.250000
vt 0.125000 0.250000
vn 0.000000 0.000000 1.000000
vn 0.000000 0.000000 1.000000
vn 0.000000 0.000000 1.000000
vn 0.000000 0.000000 1.000000
vn 0.000000 0.000000 -1.000000
vn 0.000000 0.000000 -1.000000
vn 0.000000 0.000000 -1.000000
vn 0.000000 0.000000 -1.000000
vn -0.563611 -0.826040 0.000000
vn -0.563611 -0.826040 0.000000
vn -0.563611 -0.826040 0.000000
vn -0.563611 -0.826040 0.000000
vn -0.563611 -0.826040 0.000000
vn -0.563611 -0.826040 0.000000
vn 0.826040 -0.563611 0.000000
vn 0.826040 -0.563611 0.000000
vn 0.826040 -0.563611 0.000000
vn 0.826040 -0.563611 0.000000
vn -0.826040 0.563611 0.000000
vn -0.826040 0.563611 0.000000
vn -0.826040 0.563611 0.000000
vn -0.826040 0.563611 0.000000
vn 0.563611 0.826040 0.000000
vn 0.563611 0.826040 0.000000
vn 0.563611 0.826040 0.000000
vn 0.563611 0.826040 0.000000
vn 0.563611 0.826040 0.000000
vn 0.563611 0.826040 0.000000
vn -0.527403 0.359850 0.769645
vn -0.527403 0.359850 0.769645
vn -0.527403 0.359850 0.769645
vn -0.527403 0.359850 0.769645
vn 0.527403 -0.359850 0.769645
vn 0.527403 -0.359850 0.769645
vn 0.527403 -0.359850 0.769645
vn 0.527403 -0.359850 0.769645
vn -0.465138 -0.681716 -0.564721
vn -0.465138 -0.681716 -0.564721
vn -0.465138 -0.681716 -0.564721
vn -0.465138 -0.681716 -0.564721
vn 0.465138 0.681717 -0.564720
vn 0.465138 0.681717 -0.564720
vn 0.465138 0.681717 -0.564720
vn 0.465138 0.681717 -0.564720
vn -0.977077 -0.212886 0.000000
vn -0.977077 -0.212886 0.000000
vn -0.977077 -0.212886 0.000000
vn -0.977077 -0.212886 0.000000
vn -0.669236 0.456623 -0.586190
vn -0.669236 0.456623 -0.586190
vn -0.669236 0.456623 -0.586190
vn -0.669236 0.456623 -0.586190
vn -0.158101 0.987423 0.000000
vn -0.158101 0.987423 0.000000
vn -0.158101 0.987423 0.000000
vn -0.158101 0.987423 0.000000
vn 0.158101 -0.987423 0.000000
vn 0.158101 -0.987423 0.000000
vn 0.158101 -0.987423 0.000000
vn 0.158101 -0.987423 0.000000
vn 0.977077 0.212886 0.000000
vn 0.977077 0.212886 0.000000
vn 0.977077 0.212886 0.000000
vn 0.977077 0.212886 0.000000
vn 0.669236 -0.456623 -0.586190
vn 0.669236 -0.456623 -0.586190
vn 0.669236 -0.456623 -0.586190
vn 0.669236 -0.456623 -0.586190
vn -0.177245 -0.899663 -0.398987
vn -0.177245 -0.899663 -0.398987
vn -0.177245 -0.899663 -0.398987
vn -0.177245 -0.899663 -0.398987
vn 0.773066 0.493132 -0.398986
vn 0.773066 0.493132 -0.398986
vn 0.773066 0.493132 -0.398986
vn 0.773066 0.493132 -0.398986
vn -0.773066 -0.493132 -0.398987
vn -0.773066 -0.493132 -0.398987
vn -0.773066 -0.493132 -0.398987
vn -0.773066 -0.493132 -0.398987
vn 0.177245 0.899663 -0.398987
vn 0.177245 0.899663 -0.398987
vn 0.177245 0.899663 -0.398987
vn 0.177245 0.899663 -0.398987
s off
g pCube33
usemtl initialShadingGroup
f 861/1112/3125 862/1109/3126 863/1110/3127 864/1111/3128
f 849/1096/3129 850/1087/3130 852/1089/3131 851/1088/3132
f 851/1088/3133 852/1089/3134 857/1090/3135 858/1091/3136 854/1092/3137 853/1093/3138
f 865/1116/3139 866/1113/3140 867/1114/3141 868/1115/3142
f 869/1117/3143 870/1118/3144 871/1119/3145 872/1120/3146
f 855/1094/3147 856/1100/3148 860/1108/3149 859/1095/3150 850/1087/3151 849/1096/3152
f 870/1118/3153 862/1109/3154 861/1112/3155 871/1119/3156
f 863/1110/3157 866/1113/3158 865/1116/3159 864/1111/3160
f 854/1105/3161 858/1101/3162 863/1110/3163 862/1109/3164
f 860/1108/3165 856/1100/3166 861/1112/3167 864/1111/3168
f 857/1107/3169 852/1103/3170 867/1114/3171 866/1113/3172
f 852/1103/3173 850/1104/3174 868/1115/3175 867/1114/3176
f 850/1104/3177 859/1102/3178 865/1116/3179 868/1115/3180
f 851/1097/3181 853/1098/3182 870/1118/3183 869/1117/3184
f 855/1106/3185 849/1099/3186 872/1120/3187 871/1119/3188
f 849/1099/3189 851/1097/3190 869/1117/3191 872/1120/3192
f 853/1098/3193 854/1105/3194 862/1109/3195 870/1118/3196
f 856/1100/3197 855/1106/3198 871/1119/3199 861/1112/3200
f 858/1101/3201 857/1107/3202 866/1113/3203 863/1110/3204
f 859/1102/3205 860/1108/3206 864/1111/3207 865/1116/3208
g default
v 58.958257 2.480419 15.487523
v 59.128226 2.425456 15.487523
v 58.550699 1.220079 15.487523
v 58.720668 1.165116 15.487523
v 58.550699 1.220079 16.442868
v 58.593188 1.206340 16.487523
v 58.958257 2.480419 16.442868
v 59.000746 2.466680 16.487523
v 58.720668 1.165116 16.442868
v 58.678180 1.178856 16.487523
v 59.128226 2.425456 16.442868
v 59.085738 2.439196 16.487523
v 58.995918 2.494209 16.523631
v 58.573156 1.186850 16.523631
v 58.683007 1.151327 16.523631
v 59.105770 2.458686 16.523631
v 59.160686 2.440927 16.475751
v 58.737924 1.133569 16.475751
v 58.737924 1.133569 15.451415
v 59.160686 2.440927 15.451415
v 58.518239 1.204608 15.451415
v 58.518239 1.204608 16.475751
v 58.941001 2.511967 16.475751
v 58.941001 2.511967 15.451415
vt 0.625000 0.500000
vt 0.375000 0.750000
vt 0.625000 0.750000
vt 0.625000 0.988836
vt 0.562506 1.000000
vt 0.437494 1.000000
vt 0.375000 0.988835
vt 0.375000 0.261164
vt 0.625000 0.261165
vt 0.375000 0.500000
vt 0.125000 0.000000
vt 0.363836 -0.000000
vt 0.125000 0.250000
vt 0.437494 0.250000
vt 0.562507 -0.000000
vt 0.636164 0.250000
vt 0.875000 0.000000
vt 0.875000 0.250000
vt 0.437493 -0.000000
vt 0.363836 0.250000
vt 0.636164 -0.000000
vt 0.562506 0.250000
vt 0.437493 -0.000000
vt 0.562507 -0.000000
vt 0.562506 0.250000
vt 0.437494 0.250000
vt 0.636164 -0.000000
vt 0.875000 0.000000
vt 0.875000 0.250000
vt 0.636164 0.250000
vt 0.125000 0.000000
vt 0.363836 -0.000000
vt 0.363836 0.250000
vt 0.125000 0.250000
vn 0.000000 0.000000 1.000000
vn 0.000000 0.000000 1.000000
vn 0.000000 0.000000 1.000000
vn 0.000000 0.000000 1.000000
vn 0.000000 0.000000 -1.000000
vn 0.000000 0.000000 -1.000000
vn 0.000000 0.000000 -1.000000
vn 0.000000 0.000000 -1.000000
vn -0.307684 -0.951489 0.000000
vn -0.307684 -0.951489 0.000000
vn -0.307684 -0.951489 0.000000
vn -0.307684 -0.951489 0.000000
vn -0.307684 -0.951489 0.000000
vn -0.307684 -0.951489 0.000000
vn 0.951489 -0.307684 0.000000
vn 0.951489 -0.307684 0.000000
vn 0.951489 -0.307684 0.000000
vn 0.951489 -0.307684 0.000000
vn -0.951489 0.307684 0.000000
vn -0.951489 0.307684 0.000000
vn -0.951489 0.307684 0.000000
vn -0.951489 0.307684 0.000000
vn 0.307684 0.951489 0.000000
vn 0.307684 0.951489 0.000000
vn 0.307684 0.951489 0.000000
vn 0.307684 0.951489 0.000000
vn 0.307684 0.951489 0.000000
vn 0.307684 0.951489 0.000000
vn -0.607499 0.196448 0.769645
vn -0.607499 0.196448 0.769645
vn -0.607499 0.196448 0.769645
vn -0.607499 0.196448 0.769645
vn 0.607499 -0.196448 0.769645
vn 0.607499 -0.196448 0.769645
vn 0.607499 -0.196448 0.769645
vn 0.607499 -0.196448 0.769645
vn -0.253926 -0.785246 -0.564721
vn -0.253926 -0.785246 -0.564721
vn -0.253926 -0.785246 -0.564721
vn -0.253926 -0.785246 -0.564721
vn 0.253926 0.785247 -0.564720
vn 0.253926 0.785247 -0.564720
vn 0.253926 0.785247 -0.564720
vn 0.253926 0.785247 -0.564720
vn -0.877333 -0.479882 0.000000
vn -0.877333 -0.479882 0.000000
vn -0.877333 -0.479882 0.000000
vn -0.877333 -0.479882 0.000000
vn -0.770871 0.249278 -0.586190
vn -0.770871 0.249278 -0.586190
vn -0.770871 0.249278 -0.586190
vn -0.770871 0.249278 -0.586190
vn -0.430241 0.902714 0.000000
vn -0.430241 0.902714 0.000000
vn -0.430241 0.902714 0.000000
vn -0.430241 0.902714 0.000000
vn 0.430241 -0.902714 0.000000
vn 0.430241 -0.902714 0.000000
vn 0.430241 -0.902714 0.000000
vn 0.430241 -0.902714 0.000000
vn 0.877333 0.479882 0.000000
vn 0.877333 0.479882 0.000000
vn 0.877333 0.479882 0.000000
vn 0.877333 0.479882 0.000000
vn 0.770871 -0.249278 -0.586190
vn 0.770871 -0.249278 -0.586190
vn 0.770871 -0.249278 -0.586190
vn 0.770871 -0.249278 -0.586190
vn 0.083758 -0.913123 -0.398987
vn 0.083758 -0.913123 -0.398987
vn 0.083758 -0.913123 -0.398987
vn 0.083758 -0.913123 -0.398987
vn 0.602548 0.691192 -0.398986
vn 0.602548 0.691192 -0.398986
vn 0.602548 0.691192 -0.398986
vn 0.602548 0.691192 -0.398986
vn -0.602548 -0.691192 -0.398987
vn -0.602548 -0.691192 -0.398987
vn -0.602548 -0.691192 -0.398987
vn -0.602548 -0.691192 -0.398987
vn -0.083758 0.913123 -0.398987
vn -0.083758 0.913123 -0.398987
vn -0.083758 0.913123 -0.398987
vn -0.083758 0.913123 -0.398987
s off
g pCube32
usemtl initialShadingGroup
f 885/1146/3209 886/1143/3210 887/1144/3211 888/1145/3212
f 873/1130/3213 874/1121/3214 876/1123/3215 875/1122/3216
f 875/1122/3217 876/1123/3218 881/1124/3219 882/1125/3220 878/1126/3221 877/1127/3222
f 889/1150/3223 890/1147/3224 891/1148/3225 892/1149/3226
f 893/1151/3227 894/1152/3228 895/1153/3229 896/1154/3230
f 879/1128/3231 880/1134/3232 884/1142/3233 883/1129/3234 874/1121/3235 873/1130/3236
f 894/1152/3237 886/1143/3238 885/1146/3239 895/1153/3240
f 887/1144/3241 890/1147/3242 889/1150/3243 888/1145/3244
f 878/1139/3245 882/1135/3246 887/1144/3247 886/1143/3248
f 884/1142/3249 880/1134/3250 885/1146/3251 888/1145/3252
f 881/1141/3253 876/1137/3254 891/1148/3255 890/1147/3256
f 876/1137/3257 874/1138/3258 892/1149/3259 891/1148/3260
f 874/1138/3261 883/1136/3262 889/1150/3263 892/1149/3264
f 875/1131/3265 877/1132/3266 894/1152/3267 893/1151/3268
f 879/1140/3269 873/1133/3270 896/1154/3271 895/1153/3272
f 873/1133/3273 875/1131/3274 893/1151/3275 896/1154/3276
f 877/1132/3277 878/1139/3278 886/1143/3279 894/1152/3280
f 880/1134/3281 879/1140/3282 895/1153/3283 885/1146/3284
f 882/1135/3285 881/1141/3286 890/1147/3287 887/1144/3288
f 883/1136/3289 884/1142/3290 888/1145/3291 889/1150/3292
g default
v 60.925898 1.121106 16.234528
v 61.182292 1.121106 16.234528
v 60.925898 2.587953 16.234528
v 61.182292 2.587953 16.234528
v 60.925898 2.587953 15.234528
v 61.182292 2.587953 15.234528
v 60.925898 1.121106 15.234528
v 61.182292 1.121106 15.234528
v 60.925898 2.406383 16.234528
v 60.925898 2.406383 15.234528
v 61.182292 2.406383 15.234528
v 61.182292 2.406383 16.234528
v 60.686095 1.121106 15.234528
v 60.686095 1.121106 16.234528
v 60.686095 2.406383 16.234528
v 60.686095 2.406383 15.234528
v 59.834044 1.121106 15.234528
v 59.834044 1.121106 16.234528
v 59.834044 2.406383 16.234528
v 59.834044 2.406383 15.234528
v 60.686095 2.495334 16.234528
v 60.686095 2.495334 15.234528
v 59.834044 2.495334 15.234528
v 59.834044 2.495334 16.234528
v 59.684886 1.121106 15.234528
v 59.684886 1.121106 16.234528
v 59.684886 2.406383 16.234528
v 59.684886 2.406383 15.234528
v 60.925898 2.093028 16.234528
v 60.686095 2.093028 16.234528
v 59.834044 2.093028 16.234528
v 59.684886 2.093028 16.234528
v 59.684886 2.093028 15.234528
v 59.834044 2.093028 15.234528
v 60.686095 2.093028 15.234528
v 60.925898 2.093028 15.234528
v 61.182292 2.093028 15.234528
v 61.182292 2.093028 16.234528
v 59.464656 1.121106 15.234528
v 59.464656 1.121106 16.234528
v 59.464656 2.093028 16.234528
v 59.464656 2.093028 15.234528
v 59.165377 1.121106 15.234528
v 59.165377 1.121106 16.234528
v 59.165377 2.093028 16.234528
v 59.165377 2.093028 15.234528
v 59.464656 2.471855 16.234528
v 59.464656 2.471855 15.234528
v 59.165377 2.471855 15.234528
v 59.165377 2.471855 16.234528
v 60.925898 1.121106 16.320342
v 61.182292 1.121106 16.320342
v 61.182292 2.093028 16.320342
v 60.925898 2.093028 16.320342
v 61.182292 2.406383 16.320342
v 60.925898 2.406383 16.320342
v 61.182292 2.587953 16.320342
v 60.925898 2.587953 16.320342
v 60.686095 1.121106 16.328002
v 60.686095 2.093028 16.328002
v 59.834044 2.093028 16.328002
v 59.834044 1.121106 16.328002
v 60.686095 2.406383 16.328002
v 59.834044 2.406383 16.328002
v 60.686095 2.495334 16.328002
v 59.834044 2.495334 16.328002
v 59.464656 1.121106 16.313295
v 59.464656 2.093028 16.313295
v 59.165377 2.093028 16.313295
v 59.165377 1.121106 16.313295
v 59.464656 2.471855 16.313295
v 59.165377 2.471855 16.313295
vt 0.375000 0.000000
vt 0.625000 0.000000
vt 0.375000 0.250000
vt 0.625000 0.250000
vt 0.375000 0.500000
vt 0.625000 0.500000
vt 0.375000 0.750000
vt 0.625000 0.750000
vt 0.375000 1.000000
vt 0.625000 1.000000
vt 0.875000 0.000000
vt 0.875000 0.250000
vt 0.125000 0.000000
vt 0.125000 0.250000
vt 0.375000 0.219054
vt 0.125000 0.219054
vt 0.375000 0.530946
vt 0.625000 0.530946
vt 0.875000 0.219054
vt 0.625000 0.219054
vt 0.125000 0.000000
vt 0.375000 0.000000
vt 0.375000 0.219054
vt 0.125000 0.219054
vt 0.125000 0.000000
vt 0.375000 0.000000
vt 0.375000 0.219054
vt 0.125000 0.219054
vt 0.375000 0.219054
vt 0.125000 0.219054
vt 0.125000 0.219054
vt 0.375000 0.219054
vt 0.125000 0.000000
vt 0.375000 0.000000
vt 0.375000 0.219054
vt 0.125000 0.219054
vt 0.375000 0.165648
vt 0.375000 0.165648
vt 0.375000 0.165648
vt 0.375000 0.165648
vt 0.125000 0.165648
vt 0.125000 0.165648
vt 0.125000 0.165648
vt 0.125000 0.165648
vt 0.375000 0.584352
vt 0.625000 0.584352
vt 0.875000 0.165648
vt 0.625000 0.165648
vt 0.125000 0.000000
vt 0.375000 0.000000
vt 0.375000 0.165648
vt 0.125000 0.165648
vt 0.125000 0.000000
vt 0.375000 0.000000
vt 0.375000 0.165648
vt 0.125000 0.165648
vt 0.375000 0.165648
vt 0.125000 0.165648
vt 0.125000 0.165648
vt 0.375000 0.165648
vt 0.375000 0.000000
vt 0.625000 0.000000
vt 0.625000 0.165648
vt 0.375000 0.165648
vt 0.625000 0.219054
vt 0.625000 0.250000
vt 0.375000 0.250000
vt 0.375000 0.219054
vt 0.375000 0.000000
vt 0.375000 0.165648
vt 0.375000 0.165648
vt 0.375000 0.000000
vt 0.375000 0.219054
vt 0.375000 0.219054
vt 0.375000 0.219054
vt 0.375000 0.219054
vt 0.375000 0.000000
vt 0.375000 0.165648
vt 0.375000 0.165648
vt 0.375000 0.000000
vt 0.375000 0.165648
vt 0.375000 0.165648
vn 0.000000 0.000000 1.000000
vn 0.000000 0.000000 1.000000
vn 0.000000 0.000000 1.000000
vn 0.000000 0.000000 1.000000
vn 0.000000 1.000000 0.000000
vn 0.000000 1.000000 0.000000
vn 0.000000 1.000000 0.000000
vn 0.000000 1.000000 0.000000
vn 0.000000 0.000000 -1.000000
vn 0.000000 0.000000 -1.000000
vn 0.000000 0.000000 -1.000000
vn 0.000000 0.000000 -1.000000
vn 0.000000 -1.000000 0.000000
vn 0.000000 -1.000000 0.000000
vn 0.000000 -1.000000 0.000000
vn 0.000000 -1.000000 0.000000
vn 1.000000 0.000000 0.000000
vn 1.000000 0.000000 0.000000
vn 1.000000 0.000000 0.000000
vn 1.000000 0.000000 0.000000
vn -1.000000 0.000000 0.000000
vn -1.000000 0.000000 0.000000
vn -1.000000 0.000000 0.000000
vn -1.000000 0.000000 0.000000
vn -1.000000 0.000000 0.000000
vn -1.000000 0.000000 0.000000
vn -1.000000 0.000000 0.000000
vn -1.000000 0.000000 0.000000
vn 0.000000 0.000000 -1.000000
vn 0.000000 0.000000 -1.000000
vn 0.000000 0.000000 -1.000000
vn 0.000000 0.000000 -1.000000
vn 1.000000 0.000000 0.000000
vn 1.000000 0.000000 0.000000
vn 1.000000 0.000000 0.000000
vn 1.000000 0.000000 0.000000
vn 0.000000 0.000000 1.000000
vn 0.000000 0.000000 1.000000
vn 0.000000 0.000000 1.000000
vn 0.000000 0.000000 1.000000
vn 0.000000 -1.000000 0.000000
vn 0.000000 -1.000000 0.000000
vn 0.000000 -1.000000 0.000000
vn 0.000000 -1.000000 0.000000
vn 0.000000 0.000000 1.000000
vn 0.000000 0.000000 1.000000
vn 0.000000 0.000000 1.000000
vn 0.000000 0.000000 1.000000
vn 0.000000 1.000000 0.000000
vn 0.000000 1.000000 0.000000
vn 0.000000 1.000000 0.000000
vn 0.000000 1.000000 0.000000
vn 0.000000 0.000000 -1.000000
vn 0.000000 0.000000 -1.000000
vn 0.000000 0.000000 -1.000000
vn 0.000000 0.000000 -1.000000
vn 0.000000 -1.000000 0.000000
vn 0.000000 -1.000000 0.000000
vn 0.000000 -1.000000 0.000000
vn 0.000000 -1.000000 0.000000
vn 0.000000 0.000000 1.000000
vn 0.000000 0.000000 1.000000
vn 0.000000 0.000000 1.000000
vn 0.000000 0.000000 1.000000
vn 0.000000 1.000000 0.000000
vn 0.000000 1.000000 0.000000
vn 0.000000 1.000000 0.000000
vn 0.000000 1.000000 0.000000
vn 0.000000 0.000000 -1.000000
vn 0.000000 0.000000 -1.000000
vn 0.000000 0.000000 -1.000000
vn 0.000000 0.000000 -1.000000
vn 1.000000 0.000000 0.000000
vn 1.000000 0.000000 0.000000
vn 1.000000 0.000000 0.000000
vn 1.000000 0.000000 0.000000
vn 0.000000 0.000000 -1.000000
vn 0.000000 0.000000 -1.000000
vn 0.000000 0.000000 -1.000000
vn 0.000000 0.000000 -1.000000
vn -1.000000 0.000000 0.000000
vn -1.000000 0.000000 0.000000
vn -1.000000 0.000000 0.000000
vn -1.000000 0.000000 0.000000
vn 0.000000 0.000000 1.000000
vn 0.000000 0.000000 1.000000
vn 0.000000 0.000000 1.000000
vn 0.000000 0.000000 1.000000
vn 0.000000 -1.000000 0.000000
vn 0.000000 -1.000000 0.000000
vn 0.000000 -1.000000 0.000000
vn 0.000000 -1.000000 0.000000
vn 0.000000 0.000000 1.000000
vn 0.000000 0.000000 1.000000
vn 0.000000 0.000000 1.000000
vn 0.000000 0.000000 1.000000
vn 0.000000 1.000000 0.000000
vn 0.000000 1.000000 0.000000
vn 0.000000 1.000000 0.000000
vn 0.000000 1.000000 0.000000
vn 0.000000 0.000000 -1.000000
vn 0.000000 0.000000 -1.000000
vn 0.000000 0.000000 -1.000000
vn 0.000000 0.000000 -1.000000
vn 0.000000 0.000000 1.000000
vn 0.000000 0.000000 1.000000
vn 0.000000 0.000000 1.000000
vn 0.000000 0.000000 1.000000
vn 0.000000 0.000000 1.000000
vn 0.000000 0.000000 1.000000
vn -1.000000 0.000000 0.000000
vn -1.000000 0.000000 0.000000
vn -1.000000 0.000000 0.000000
vn -1.000000 0.000000 0.000000
vn 0.000000 0.000000 -1.000000
vn 0.000000 0.000000 -1.000000
vn 0.000000 0.000000 -1.000000
vn 0.000000 0.000000 -1.000000
vn 0.000000 0.000000 -1.000000
vn 0.000000 0.000000 -1.000000
vn 0.000000 -1.000000 0.000000
vn 0.000000 -1.000000 0.000000
vn 0.000000 -1.000000 0.000000
vn 0.000000 -1.000000 0.000000
vn 0.000000 0.000000 1.000000
vn 0.000000 0.000000 1.000000
vn 0.000000 0.000000 1.000000
vn 0.000000 0.000000 1.000000
vn 0.000000 1.000000 0.000000
vn 0.000000 1.000000 0.000000
vn 0.000000 1.000000 0.000000
vn 0.000000 1.000000 0.000000
vn 0.000000 0.000000 -1.000000
vn 0.000000 0.000000 -1.000000
vn 0.000000 0.000000 -1.000000
vn 0.000000 0.000000 -1.000000
vn 0.000000 -1.000000 0.000000
vn 0.000000 -1.000000 0.000000
vn 0.000000 -1.000000 0.000000
vn 0.000000 -1.000000 0.000000
vn 0.000000 0.000000 1.000000
vn 0.000000 0.000000 1.000000
vn 0.000000 0.000000 1.000000
vn 0.000000 0.000000 1.000000
vn 0.000000 1.000000 0.000000
vn 0.000000 1.000000 0.000000
vn 0.000000 1.000000 0.000000
vn 0.000000 1.000000 0.000000
vn 0.000000 0.000000 -1.000000
vn 0.000000 0.000000 -1.000000
vn 0.000000 0.000000 -1.000000
vn 0.000000 0.000000 -1.000000
vn 1.000000 0.000000 0.000000
vn 1.000000 0.000000 0.000000
vn 1.000000 0.000000 0.000000
vn 1.000000 0.000000 0.000000
vn 0.000000 0.000000 -1.000000
vn 0.000000 0.000000 -1.000000
vn 0.000000 0.000000 -1.000000
vn 0.000000 0.000000 -1.000000
vn -1.000000 0.000000 0.000000
vn -1.000000 0.000000 0.000000
vn -1.000000 0.000000 0.000000
vn -1.000000 0.000000 0.000000
vn 0.000000 0.000000 1.000000
vn 0.000000 0.000000 1.000000
vn 0.000000 0.000000 1.000000
vn 0.000000 0.000000 1.000000
vn 0.000000 -1.000000 0.000000
vn 0.000000 -1.000000 0.000000
vn 0.000000 -1.000000 0.000000
vn 0.000000 -1.000000 0.000000
vn 1.000000 0.000000 0.000000
vn 1.000000 0.000000 0.000000
vn 1.000000 0.000000 0.000000
vn 1.000000 0.000000 0.000000
vn -1.000000 0.000000 0.000000
vn -1.000000 0.000000 0.000000
vn -1.000000 0.000000 0.000000
vn -1.000000 0.000000 0.000000
vn 1.000000 0.000000 0.000000
vn 1.000000 0.000000 0.000000
vn 1.000000 0.000000 0.000000
vn 1.000000 0.000000 0.000000
vn 0.000000 1.000000 0.000000
vn 0.000000 1.000000 0.000000
vn 0.000000 1.000000 0.000000
vn 0.000000 1.000000 0.000000
vn -1.000000 0.000000 0.000000
vn -1.000000 0.000000 0.000000
vn -1.000000 0.000000 0.000000
vn -1.000000 0.000000 0.000000
vn 1.000000 0.000000 0.000000
vn 1.000000 0.000000 0.000000
vn 1.000000 0.000000 0.000000
vn 1.000000 0.000000 0.000000
vn -1.000000 0.000000 0.000000
vn -1.000000 0.000000 0.000000
vn -1.000000 0.000000 0.000000
vn -1.000000 0.000000 0.000000
vn 1.000000 0.000000 0.000000
vn 1.000000 0.000000 0.000000
vn 1.000000 0.000000 0.000000
vn 1.000000 0.000000 0.000000
vn -1.000000 0.000000 0.000000
vn -1.000000 0.000000 0.000000
vn -1.000000 0.000000 0.000000
vn -1.000000 0.000000 0.000000
vn 0.000000 -1.000000 0.000000
vn 0.000000 -1.000000 0.000000
vn 0.000000 -1.000000 0.000000
vn 0.000000 -1.000000 0.000000
vn 1.000000 0.000000 0.000000
vn 1.000000 0.000000 0.000000
vn 1.000000 0.000000 0.000000
vn 1.000000 0.000000 0.000000
vn 0.000000 1.000000 0.000000
vn 0.000000 1.000000 0.000000
vn 0.000000 1.000000 0.000000
vn 0.000000 1.000000 0.000000
vn -1.000000 0.000000 0.000000
vn -1.000000 0.000000 0.000000
vn -1.000000 0.000000 0.000000
vn -1.000000 0.000000 0.000000
vn 1.000000 0.000000 0.000000
vn 1.000000 0.000000 0.000000
vn 1.000000 0.000000 0.000000
vn 1.000000 0.000000 0.000000
vn -1.000000 0.000000 0.000000
vn -1.000000 0.000000 0.000000
vn -1.000000 0.000000 0.000000
vn -1.000000 0.000000 0.000000
vn 1.000000 0.000000 0.000000
vn 1.000000 0.000000 0.000000
vn 1.000000 0.000000 0.000000
vn 1.000000 0.000000 0.000000
vn -1.000000 0.000000 0.000000
vn -1.000000 0.000000 0.000000
vn -1.000000 0.000000 0.000000
vn -1.000000 0.000000 0.000000
vn 0.000000 -1.000000 0.000000
vn 0.000000 -1.000000 0.000000
vn 0.000000 -1.000000 0.000000
vn 0.000000 -1.000000 0.000000
vn 1.000000 0.000000 0.000000
vn 1.000000 0.000000 0.000000
vn 1.000000 0.000000 0.000000
vn 1.000000 0.000000 0.000000
vn 0.000000 1.000000 0.000000
vn 0.000000 1.000000 0.000000
vn 0.000000 1.000000 0.000000
vn 0.000000 1.000000 0.000000
vn -1.000000 0.000000 0.000000
vn -1.000000 0.000000 0.000000
vn -1.000000 0.000000 0.000000
vn -1.000000 0.000000 0.000000
s 1
g pCube29
usemtl initialShadingGroup
f 947/1215/3293 948/1216/3294 949/1217/3295 950/1218/3296
s off
f 899/1157/3297 900/1158/3298 902/1160/3299 901/1159/3300
s 2
f 932/1199/3301 933/1200/3302 904/1162/3303 903/1161/3304
s off
f 903/1161/3305 904/1162/3306 898/1164/3307 897/1163/3308
s 3
f 898/1156/3309 904/1165/3310 933/1201/3311 934/1202/3312
s off
usemtl standardSurface11SG
f 939/1207/3313 940/1208/3314 941/1209/3315 942/1210/3316
usemtl initialShadingGroup
f 906/1170/3317 905/1169/3318 899/1157/3319 901/1168/3320
s 2
f 901/1159/3321 902/1160/3322 907/1172/3323 906/1171/3324
s 3
f 908/1174/3325 907/1173/3326 902/1166/3327 900/1158/3328
s 1
f 952/1222/3329 951/1219/3330 953/1220/3331 954/1221/3332
s off
usemtl standardSurface11SG
f 903/1167/3333 897/1155/3334 910/1176/3335 909/1175/3336
s 4
f 897/1155/3337 925/1191/3338 926/1192/3339 910/1176/3340
s off
f 905/1169/3341 906/1170/3342 912/1178/3343 911/1177/3344
s 5
f 931/1197/3345 932/1198/3346 903/1167/3347 909/1175/3348
s off
usemtl standardSurface9SG
f 909/1175/3349 910/1176/3350 914/1180/3351 913/1179/3352
s 6
f 955/1223/3353 956/1224/3354 957/1225/3355 958/1226/3356
s off
f 917/1183/3357 918/1184/3358 919/1185/3359 920/1186/3360
s 7
f 930/1196/3361 931/1197/3362 909/1175/3363 913/1179/3364
s off
f 911/1177/3365 912/1178/3366 918/1184/3367 917/1183/3368
f 912/1178/3369 916/1182/3370 919/1185/3371 918/1184/3372
f 916/1182/3373 915/1181/3374 920/1186/3375 919/1185/3376
f 960/1230/3377 959/1227/3378 961/1228/3379 962/1229/3380
f 913/1179/3381 914/1180/3382 922/1188/3383 921/1187/3384
s 8
usemtl initialShadingGroup
f 914/1180/3385 927/1193/3386 928/1194/3387 922/1188/3388
s off
f 915/1181/3389 916/1182/3390 924/1190/3391 923/1189/3392
s 9
f 929/1195/3393 930/1196/3394 913/1179/3395 921/1187/3396
s 4
usemtl standardSurface11SG
f 926/1192/3339 925/1191/3338 905/1169/3397 911/1177/3398
s 6
usemtl standardSurface9SG
f 957/1225/3355 956/1224/3354 959/1227/3399 960/1230/3400
s 8
usemtl initialShadingGroup
f 928/1194/3387 927/1193/3386 915/1181/3401 923/1189/3402
s off
f 929/1195/3403 928/1194/3404 923/1189/3405 924/1190/3406
s 9
f 916/1182/3407 930/1196/3394 929/1195/3393 924/1190/3408
s 7
usemtl standardSurface9SG
f 912/1178/3409 931/1197/3362 930/1196/3361 916/1182/3410
s 5
usemtl standardSurface11SG
f 906/1170/3411 932/1198/3346 931/1197/3345 912/1178/3412
s 2
usemtl initialShadingGroup
f 906/1171/3324 907/1172/3323 933/1200/3302 932/1199/3301
s 3
f 934/1202/3312 933/1201/3311 907/1173/3326 908/1174/3325
s 1
f 950/1218/3296 949/1217/3295 951/1219/3330 952/1222/3329
s off
f 921/1187/3413 922/1188/3414 936/1204/3415 935/1203/3416
f 922/1188/3417 928/1194/3418 937/1205/3419 936/1204/3420
f 928/1194/3421 929/1195/3422 938/1206/3423 937/1205/3424
f 929/1195/3425 921/1187/3426 935/1203/3427 938/1206/3428
usemtl standardSurface11SG
f 935/1203/3429 936/1204/3430 940/1208/3431 939/1207/3432
f 963/1231/3433 964/1232/3434 965/1233/3435 966/1234/3436
f 943/1211/3437 944/1212/3438 945/1213/3439 946/1214/3440
f 938/1206/3441 935/1203/3442 939/1207/3443 942/1210/3444
f 937/1205/3445 938/1206/3446 944/1212/3447 943/1211/3448
f 938/1206/3449 942/1210/3450 945/1213/3451 944/1212/3452
f 942/1210/3453 941/1209/3454 946/1214/3455 945/1213/3456
f 965/1233/3457 964/1232/3458 967/1235/3459 968/1236/3460
usemtl initialShadingGroup
f 897/1155/3461 898/1156/3462 948/1216/3463 947/1215/3464
f 898/1156/3465 934/1202/3466 949/1217/3467 948/1216/3468
f 925/1191/3469 897/1155/3470 947/1215/3471 950/1218/3472
f 908/1174/3473 900/1158/3474 953/1220/3475 951/1219/3476
f 900/1158/3477 899/1157/3478 954/1221/3479 953/1220/3480
f 899/1157/3481 905/1169/3482 952/1222/3483 954/1221/3484
f 934/1202/3485 908/1174/3486 951/1219/3487 949/1217/3488
f 905/1169/3489 925/1191/3490 950/1218/3491 952/1222/3492
usemtl standardSurface9SG
f 910/1176/3493 926/1192/3494 956/1224/3495 955/1223/3496
f 927/1193/3497 914/1180/3498 958/1226/3499 957/1225/3500
f 914/1180/3501 910/1176/3502 955/1223/3503 958/1226/3504
f 911/1177/3505 917/1183/3506 961/1228/3507 959/1227/3508
f 917/1183/3509 920/1186/3510 962/1229/3511 961/1228/3512
f 920/1186/3513 915/1181/3514 960/1230/3515 962/1229/3516
f 926/1192/3517 911/1177/3518 959/1227/3519 956/1224/3520
f 915/1181/3521 927/1193/3522 957/1225/3523 960/1230/3524
usemtl standardSurface11SG
f 936/1204/3525 937/1205/3526 964/1232/3527 963/1231/3528
f 941/1209/3529 940/1208/3530 966/1234/3531 965/1233/3532
f 940/1208/3533 936/1204/3534 963/1231/3535 966/1234/3536
f 937/1205/3537 943/1211/3538 967/1235/3539 964/1232/3540
f 943/1211/3541 946/1214/3542 968/1236/3543 967/1235/3544
f 946/1214/3545 941/1209/3546 965/1233/3547 968/1236/3548
