# This file uses centimeters as units for non-parametric coordinates.

mtllib desk_bedroom.mtl
g default
v 5.456515 0.407499 24.044029
v 5.336250 0.420511 24.044029
v 5.242009 0.344671 24.044029
v 5.228998 0.224406 24.044029
v 5.304838 0.130166 24.044029
v 5.425102 0.117154 24.044029
v 5.519343 0.192994 24.044029
v 5.532354 0.313259 24.044029
v 5.456515 0.407499 24.202953
v 5.336250 0.420511 24.202953
v 5.242009 0.344671 24.202953
v 5.228998 0.224406 24.202953
v 5.304838 0.130166 24.202953
v 5.425102 0.117154 24.202953
v 5.519343 0.192994 24.202953
v 5.532354 0.313259 24.202953
v 5.380676 0.268833 24.044029
v 5.380676 0.268833 24.202953
v 5.467646 0.427851 24.032366
v 5.329730 0.442772 24.032366
v 5.329730 0.442772 24.214617
v 5.467646 0.427851 24.214617
v 5.221657 0.355802 24.032366
v 5.221657 0.355802 24.214617
v 5.206736 0.217886 24.032366
v 5.206736 0.217886 24.214617
v 5.293707 0.109814 24.032366
v 5.293707 0.109814 24.214617
v 5.431623 0.094893 24.032366
v 5.431623 0.094893 24.214617
v 5.539695 0.181863 24.032366
v 5.539695 0.181863 24.214617
v 5.554616 0.319779 24.032366
v 5.554616 0.319779 24.214617
v 6.654768 0.395542 24.691929
v 6.573864 0.408553 24.780912
v 6.510466 0.332714 24.850641
v 6.501713 0.212449 24.860268
v 6.552732 0.118209 24.804155
v 6.633636 0.105197 24.715172
v 6.697034 0.181037 24.645443
v 6.705787 0.301302 24.635817
v 6.772356 0.395542 24.798841
v 6.691451 0.408553 24.887825
v 6.628054 0.332714 24.957554
v 6.619301 0.212449 24.967180
v 6.670320 0.118209 24.911066
v 6.751224 0.105197 24.822083
v 6.814622 0.181037 24.752356
v 6.823375 0.301302 24.742727
v 6.603750 0.256875 24.748043
v 6.721338 0.256875 24.854954
v 6.653627 0.415894 24.675848
v 6.560848 0.430815 24.777891
v 6.695694 0.430815 24.900496
v 6.788473 0.415894 24.798450
v 6.488146 0.343845 24.857855
v 6.622992 0.343845 24.980457
v 6.478108 0.205929 24.868895
v 6.612954 0.205929 24.991497
v 6.536615 0.097857 24.804544
v 6.671461 0.097857 24.927149
v 6.629394 0.082936 24.702501
v 6.764240 0.082936 24.825104
v 6.702096 0.169906 24.622540
v 6.836942 0.169906 24.745142
v 6.712134 0.307822 24.611500
v 6.846980 0.307822 24.734102
v 6.473476 0.395542 23.347218
v 6.462390 0.408553 23.466970
v 6.453703 0.332714 23.560808
v 6.452504 0.212449 23.573765
v 6.459495 0.118209 23.498249
v 6.470580 0.105197 23.378496
v 6.479267 0.181037 23.284657
v 6.480467 0.301302 23.271700
v 6.631723 0.395542 23.361866
v 6.620638 0.408553 23.481619
v 6.611951 0.332714 23.575459
v 6.610751 0.212449 23.588415
v 6.617742 0.118209 23.512897
v 6.628828 0.105197 23.393145
v 6.637515 0.181037 23.299305
v 6.638714 0.301302 23.286350
v 6.466485 0.256875 23.422733
v 6.624733 0.256875 23.437382
v 6.462889 0.415894 23.335058
v 6.450176 0.430815 23.472387
v 6.631649 0.430815 23.489187
v 6.644362 0.415894 23.351858
v 6.440214 0.343845 23.580000
v 6.621688 0.343845 23.596798
v 6.438838 0.205929 23.594856
v 6.620312 0.205929 23.611656
v 6.446856 0.097857 23.508257
v 6.628329 0.097857 23.525057
v 6.459569 0.082936 23.370928
v 6.641042 0.082936 23.387728
v 6.469531 0.169906 23.263315
v 6.651004 0.169906 23.280115
v 6.470906 0.307822 23.248459
v 6.652380 0.307822 23.265257
v 6.257726 1.506709 24.124487
v 7.036167 1.328089 23.558914
v 6.985526 1.268557 23.595707
v 6.555067 1.328089 23.209408
v 6.535726 1.268557 23.268948
v 6.131456 1.328089 23.209408
v 6.138011 1.268557 23.268948
v 5.313092 1.328089 23.391819
v 5.371483 1.268557 23.439800
v 5.295515 1.328089 24.124487
v 5.355068 1.268557 24.124487
v 5.313083 1.328089 24.857227
v 5.371483 1.268557 24.809208
v 6.131456 1.328089 25.039639
v 6.138012 1.268557 24.980072
v 6.555067 1.328089 25.039639
v 6.535726 1.268557 24.980070
v 7.036167 1.328089 24.690060
v 6.985526 1.268557 24.653301
v 7.219938 1.328089 24.124487
v 7.157337 1.268557 24.124487
v 7.036167 1.447177 23.558914
v 6.985526 1.506709 23.595707
v 6.555067 1.447177 23.209408
v 6.535726 1.506709 23.268948
v 6.131456 1.447177 23.209408
v 6.138011 1.506709 23.268948
v 5.230098 1.436206 23.391819
v 5.345245 1.476332 23.439800
v 5.213278 1.441282 24.124487
v 5.329522 1.481074 24.124487
v 5.230097 1.436207 24.857227
v 5.345243 1.476332 24.809208
v 6.131456 1.447177 25.039639
v 6.138012 1.506709 24.980072
v 6.555067 1.447177 25.039639
v 6.535726 1.506709 24.980070
v 7.036167 1.447177 24.690060
v 6.985526 1.506709 24.653301
v 7.219938 1.447177 24.124487
v 7.157337 1.506709 24.124487
v 6.001483 1.238796 24.050945
v 5.978185 1.238796 24.127096
v 5.994269 1.238796 24.182169
v 6.064108 1.238796 24.231949
v 6.120626 1.238796 24.229424
v 6.171899 1.238796 24.199993
v 6.196655 1.238796 24.127096
v 6.173209 1.238796 24.073431
v 6.120140 1.238796 24.032345
v 6.063271 1.238796 24.026371
v 5.990714 0.705196 24.029207
v 5.960756 0.705196 24.127125
v 6.089096 0.657695 24.123772
v 5.981438 0.705196 24.197939
v 6.071238 0.705196 24.261946
v 6.143911 0.705196 24.258699
v 6.209838 0.705196 24.220858
v 6.241670 0.705196 24.127125
v 6.211522 0.705196 24.058121
v 6.143285 0.705196 24.005291
v 6.070161 0.705196 23.997610
v 4.684588 3.328758 23.391819
v 4.765219 3.311890 23.439800
v 4.667772 3.333834 24.124487
v 4.749505 3.316633 24.124487
v 4.684588 3.328760 24.857227
v 4.765219 3.311891 24.809208
v 4.854769 2.970851 23.391819
v 5.061879 2.967307 23.439800
v 5.046157 2.972050 24.124487
v 5.061877 2.967308 24.809208
v 4.854761 2.970852 24.857227
v 4.837946 2.975927 24.124487
v 5.083540 2.438323 23.391819
v 5.294847 2.448708 23.439800
v 5.279133 2.453451 24.124487
v 5.294847 2.448709 24.809208
v 5.083537 2.438324 24.857227
v 5.066712 2.443399 24.124487
v 5.148299 1.929517 23.391819
v 5.364040 1.954605 23.439800
v 5.348329 1.959348 24.124487
v 5.364040 1.954606 24.809208
v 5.148290 1.929517 24.857227
v 5.131474 1.934592 24.124487
v 5.632206 1.345696 23.315376
v 5.602448 1.344963 23.321980
v 5.612717 1.362734 23.317772
v 5.631939 1.345696 23.172642
v 5.612780 1.362266 23.178860
v 5.757175 1.364002 23.289248
v 5.770105 1.345088 23.286480
v 5.738867 1.345696 23.293083
v 5.757175 1.364640 23.149534
v 5.738576 1.345696 23.150352
v 5.607291 1.402896 23.315037
v 5.592078 1.422329 23.316395
v 5.623839 1.422812 23.310671
v 5.604742 1.421844 23.151031
v 5.607304 1.402809 23.172262
v 5.624095 1.422825 23.167883
v 5.738406 1.428620 23.292259
v 5.770105 1.430179 23.286480
v 5.757175 1.410784 23.289248
v 5.739341 1.428667 23.149330
v 5.757175 1.410579 23.129372
v 5.630700 1.368787 23.103981
v 5.611261 1.381188 23.118494
v 5.757175 1.384927 23.093578
v 5.737799 1.368787 23.081631
v 5.621594 1.422698 23.078426
v 5.604742 1.421844 23.098631
v 5.757175 1.432914 23.076580
v 5.737602 1.428579 23.059776
v 5.757175 1.876659 23.129467
v 5.740385 1.875808 23.149145
v 5.604742 1.868932 23.151031
v 5.624447 1.869931 23.167795
v 5.737470 1.875660 23.059776
v 5.757175 1.876659 23.076580
v 5.604742 1.868932 23.098145
v 5.621533 1.869783 23.078426
v 5.730234 1.346117 24.955265
v 5.761412 1.345509 24.962034
v 5.748507 1.364387 24.959330
v 5.729895 1.346117 25.112587
v 5.748507 1.365156 25.113218
v 5.620599 1.363228 24.932747
v 5.610179 1.345386 24.928375
v 5.639964 1.346117 24.935188
v 5.620586 1.363367 25.090137
v 5.639988 1.346117 25.092587
v 5.748507 1.410340 24.959330
v 5.761412 1.429758 24.962034
v 5.729725 1.428087 24.956287
v 5.748507 1.410134 25.133781
v 5.730683 1.428141 25.113840
v 5.632266 1.422570 24.940504
v 5.600747 1.421987 24.934801
v 5.615705 1.402733 24.935930
v 5.632629 1.422591 25.097952
v 5.615718 1.402657 25.093313
v 5.613386 1.421501 25.114769
v 5.729178 1.374466 25.186703
v 5.748507 1.390935 25.177149
v 5.620100 1.387685 25.153282
v 5.638713 1.374466 25.166582
v 5.729081 1.428051 25.220398
v 5.748507 1.434635 25.203600
v 5.613386 1.421501 25.183315
v 5.630455 1.422467 25.204420
v 5.613386 1.896399 25.114769
v 5.633066 1.897513 25.098024
v 5.748507 1.904048 25.133692
v 5.731752 1.903100 25.114014
v 5.630130 1.897347 25.204372
v 5.613386 1.896399 25.184704
v 5.748507 1.904048 25.203609
v 5.728827 1.902934 25.220356
v 5.624447 1.992875 23.167795
v 5.604742 1.991876 23.151031
v 5.740385 1.998752 23.149145
v 5.757175 1.999603 23.129467
v 5.757175 1.999603 23.076580
v 5.737469 1.998604 23.059776
v 5.621533 1.992727 23.078426
v 5.604742 1.991876 23.098145
v 5.731752 1.974450 25.114014
v 5.748507 1.974450 25.133692
v 5.633066 1.974450 25.098024
v 5.613386 1.974450 25.114769
v 5.613386 1.974450 25.184704
v 5.630130 1.974450 25.204372
v 5.728827 1.974450 25.220356
v 5.748507 1.974450 25.203609
v 5.374542 2.024845 23.279299
v 5.267699 2.024845 23.227859
v 6.003171 2.024845 23.222147
v 6.094210 2.024845 23.161764
v 6.094210 2.024845 22.999720
v 5.987363 2.024845 22.948273
v 5.358746 2.024845 23.005432
v 5.267699 2.024845 23.065815
v 5.384134 2.054565 23.259575
v 5.280629 2.054565 23.214264
v 5.993093 2.054565 23.209227
v 6.081280 2.054565 23.156044
v 6.081280 2.054565 23.013317
v 5.977774 2.054565 22.968004
v 5.368824 2.054565 23.018353
v 5.280629 2.054565 23.071533
v 6.008550 2.020347 25.043701
v 6.116535 2.020347 25.094009
v 5.372235 2.020347 25.002829
v 5.245347 2.020347 25.045633
v 5.245347 2.020347 25.224382
v 5.353320 2.020347 25.274683
v 5.989650 2.020347 25.315552
v 6.116535 2.020347 25.272741
v 5.972660 2.059311 25.056353
v 6.068819 2.059311 25.101151
v 5.406051 2.059311 25.019970
v 5.293072 2.059311 25.058073
v 5.293072 2.059311 25.217241
v 5.389211 2.059311 25.262032
v 5.955832 2.059311 25.298424
v 6.068819 2.059311 25.260302
v 6.001483 0.932019 24.050945
v 5.978185 0.932019 24.127096
v 5.994269 0.932019 24.182169
v 6.064108 0.932019 24.231949
v 6.120626 0.932019 24.229424
v 6.171899 0.932019 24.199993
v 6.196655 0.932019 24.127096
v 6.173209 0.932019 24.073431
v 6.120140 0.932019 24.032345
v 6.063271 0.932019 24.026371
v 5.990714 0.846126 24.029207
v 5.960756 0.846126 24.127125
v 5.981438 0.846126 24.197939
v 6.071238 0.846126 24.261946
v 6.143911 0.846126 24.258699
v 6.209838 0.846126 24.220858
v 6.241670 0.846126 24.127125
v 6.211522 0.846126 24.058121
v 6.143285 0.846126 24.005291
v 6.070161 0.846126 23.997610
v 5.828650 0.812759 24.054708
v 5.828650 0.812759 24.123886
v 5.828650 0.738563 24.054708
v 5.828650 0.738563 24.123886
v 5.828650 0.812759 24.194395
v 5.828650 0.738563 24.194395
v 6.377371 0.812759 24.564760
v 6.485797 0.812759 24.501980
v 6.377371 0.738563 24.564760
v 6.485797 0.738563 24.501980
v 6.378016 0.812759 23.780687
v 6.315101 0.812759 23.721497
v 6.378016 0.738563 23.780687
v 6.315101 0.738563 23.721497
v 5.624077 0.759995 24.054708
v 5.624076 0.759995 24.123886
v 5.666556 0.699164 24.054708
v 5.666556 0.699164 24.123886
v 5.624077 0.759995 24.194395
v 5.666556 0.699164 24.194395
v 5.452879 0.611559 24.054708
v 5.452878 0.611558 24.123886
v 5.515187 0.571278 24.054708
v 5.515187 0.571278 24.123886
v 5.452879 0.611559 24.194395
v 5.515187 0.571278 24.194395
v 5.359843 0.517181 24.045578
v 5.359843 0.517181 24.123495
v 5.430028 0.517181 24.045578
v 5.430028 0.517181 24.123495
v 5.359843 0.517181 24.202909
v 5.430028 0.517181 24.202909
v 6.464549 0.740718 23.671782
v 6.401634 0.740718 23.612585
v 6.464549 0.666522 23.671782
v 6.401634 0.666522 23.612585
v 6.539844 0.590059 23.555008
v 6.476929 0.590059 23.495819
v 6.508407 0.537787 23.588423
v 6.445492 0.537787 23.529234
v 6.608879 0.493356 23.476603
v 6.538017 0.493356 23.409937
v 6.514045 0.493356 23.583876
v 6.443183 0.493356 23.517208
v 6.452232 0.756929 24.657806
v 6.560659 0.756929 24.595024
v 6.452232 0.682733 24.657806
v 6.560659 0.682733 24.595024
v 6.544696 0.633889 24.760576
v 6.632004 0.633889 24.710024
v 6.526536 0.573801 24.729212
v 6.613842 0.573801 24.678658
v 6.620142 0.525201 24.844051
v 6.718478 0.525201 24.787113
v 6.551765 0.525200 24.761971
v 6.650099 0.525200 24.705029
v 5.329730 0.442772 24.125774
v 5.467646 0.427851 24.125774
v 5.554616 0.319779 24.125774
v 5.539695 0.181863 24.125774
v 5.431623 0.094893 24.125774
v 5.293707 0.109814 24.125774
v 5.206736 0.217886 24.125774
v 5.221657 0.355802 24.125774
vt 0.610485 0.045765
vt 0.500000 0.000000
vt 0.389515 0.045765
vt 0.343750 0.156250
vt 0.389515 0.266735
vt 0.500000 0.312500
vt 0.610485 0.266735
vt 0.656250 0.156250
vt 0.375000 0.312500
vt 0.406250 0.312500
vt 0.437500 0.312500
vt 0.468750 0.312500
vt 0.500000 0.312500
vt 0.531250 0.312500
vt 0.562500 0.312500
vt 0.593750 0.312500
vt 0.625000 0.312500
vt 0.375000 0.687500
vt 0.406250 0.687500
vt 0.437500 0.687500
vt 0.468750 0.687500
vt 0.500000 0.687500
vt 0.531250 0.687500
vt 0.562500 0.687500
vt 0.593750 0.687500
vt 0.625000 0.687500
vt 0.610485 0.733265
vt 0.500000 0.687500
vt 0.389515 0.733265
vt 0.343750 0.843750
vt 0.389515 0.954235
vt 0.500000 1.000000
vt 0.610485 0.954235
vt 0.656250 0.843750
vt 0.500000 0.156250
vt 0.500000 0.843750
vt 0.375000 0.312500
vt 0.406250 0.312500
vt 0.406250 0.687500
vt 0.375000 0.687500
vt 0.437500 0.312500
vt 0.437500 0.687500
vt 0.468750 0.312500
vt 0.468750 0.687500
vt 0.500000 0.312500
vt 0.500000 0.687500
vt 0.531250 0.312500
vt 0.531250 0.687500
vt 0.562500 0.312500
vt 0.562500 0.687500
vt 0.593750 0.312500
vt 0.593750 0.687500
vt 0.625000 0.312500
vt 0.625000 0.687500
vt 0.375000 0.312500
vt 0.406250 0.312500
vt 0.406250 0.687500
vt 0.375000 0.687500
vt 0.437500 0.312500
vt 0.437500 0.687500
vt 0.468750 0.312500
vt 0.468750 0.687500
vt 0.500000 0.312500
vt 0.500000 0.687500
vt 0.531250 0.312500
vt 0.531250 0.687500
vt 0.562500 0.312500
vt 0.562500 0.687500
vt 0.593750 0.312500
vt 0.593750 0.687500
vt 0.625000 0.312500
vt 0.625000 0.687500
vt 0.500000 0.000000
vt 0.610485 0.045765
vt 0.500000 0.156250
vt 0.389515 0.045765
vt 0.343750 0.156250
vt 0.389515 0.266735
vt 0.500000 0.312500
vt 0.610485 0.266735
vt 0.656250 0.156250
vt 0.610485 0.954235
vt 0.500000 1.000000
vt 0.500000 0.843750
vt 0.389515 0.954235
vt 0.343750 0.843750
vt 0.389515 0.733265
vt 0.500000 0.687500
vt 0.610485 0.733265
vt 0.656250 0.843750
vt 0.375000 0.312500
vt 0.406250 0.312500
vt 0.406250 0.687500
vt 0.375000 0.687500
vt 0.437500 0.312500
vt 0.437500 0.687500
vt 0.468750 0.312500
vt 0.468750 0.687500
vt 0.500000 0.312500
vt 0.500000 0.687500
vt 0.531250 0.312500
vt 0.531250 0.687500
vt 0.562500 0.312500
vt 0.562500 0.687500
vt 0.593750 0.312500
vt 0.593750 0.687500
vt 0.625000 0.312500
vt 0.625000 0.687500
vt 0.375000 0.312500
vt 0.406250 0.312500
vt 0.406250 0.687500
vt 0.375000 0.687500
vt 0.437500 0.312500
vt 0.437500 0.687500
vt 0.468750 0.312500
vt 0.468750 0.687500
vt 0.500000 0.312500
vt 0.500000 0.687500
vt 0.531250 0.312500
vt 0.531250 0.687500
vt 0.562500 0.312500
vt 0.562500 0.687500
vt 0.593750 0.312500
vt 0.593750 0.687500
vt 0.625000 0.312500
vt 0.625000 0.687500
vt 0.500000 0.000000
vt 0.610485 0.045765
vt 0.500000 0.156250
vt 0.389515 0.045765
vt 0.343750 0.156250
vt 0.389515 0.266735
vt 0.500000 0.312500
vt 0.610485 0.266735
vt 0.656250 0.156250
vt 0.610485 0.954235
vt 0.500000 1.000000
vt 0.500000 0.843750
vt 0.389515 0.954235
vt 0.343750 0.843750
vt 0.389515 0.733265
vt 0.500000 0.687500
vt 0.610485 0.733265
vt 0.656250 0.843750
vt 0.375000 0.312500
vt 0.406250 0.312500
vt 0.406250 0.687500
vt 0.375000 0.687500
vt 0.437500 0.312500
vt 0.437500 0.687500
vt 0.468750 0.312500
vt 0.468750 0.687500
vt 0.500000 0.312500
vt 0.500000 0.687500
vt 0.531250 0.312500
vt 0.531250 0.687500
vt 0.562500 0.312500
vt 0.562500 0.687500
vt 0.593750 0.312500
vt 0.593750 0.687500
vt 0.625000 0.312500
vt 0.625000 0.687500
vt 0.375000 0.406241
vt 0.375813 0.312500
vt 0.399187 0.312500
vt 0.400000 0.406241
vt 0.624187 0.312500
vt 0.625000 0.406242
vt 0.600000 0.406241
vt 0.600813 0.312500
vt 0.401142 0.312500
vt 0.424613 0.312500
vt 0.425000 0.406241
vt 0.425195 0.312500
vt 0.448612 0.312500
vt 0.450000 0.406240
vt 0.451588 0.312500
vt 0.474951 0.312500
vt 0.475000 0.406240
vt 0.475049 0.312500
vt 0.498412 0.312500
vt 0.500000 0.406241
vt 0.501388 0.312500
vt 0.524805 0.312500
vt 0.525000 0.406241
vt 0.525387 0.312500
vt 0.548858 0.312500
vt 0.550000 0.406241
vt 0.550813 0.312500
vt 0.574187 0.312500
vt 0.575000 0.406241
vt 0.575813 0.312500
vt 0.599187 0.312500
vt 0.625000 0.593760
vt 0.624187 0.687500
vt 0.600813 0.687500
vt 0.600000 0.593759
vt 0.375813 0.687500
vt 0.375000 0.593759
vt 0.400000 0.593760
vt 0.399187 0.687500
vt 0.401142 0.687500
vt 0.425000 0.593759
vt 0.424613 0.687500
vt 0.425195 0.687500
vt 0.450000 0.593759
vt 0.448612 0.687500
vt 0.451588 0.687500
vt 0.450000 0.593759
vt 0.475000 0.593759
vt 0.474951 0.687500
vt 0.475049 0.687500
vt 0.500000 0.593759
vt 0.498412 0.687500
vt 0.501388 0.687500
vt 0.500000 0.593759
vt 0.525000 0.593759
vt 0.524805 0.687500
vt 0.525387 0.687500
vt 0.550000 0.593759
vt 0.548858 0.687500
vt 0.550813 0.687500
vt 0.575000 0.593759
vt 0.574187 0.687500
vt 0.575813 0.687500
vt 0.599187 0.687500
vt 0.475000 0.593759
vt 0.545143 0.017314
vt 0.618185 0.070383
vt 0.526689 0.136859
vt 0.511127 0.122004
vt 0.454684 0.017368
vt 0.487058 0.116585
vt 0.381307 0.070422
vt 0.476266 0.139088
vt 0.353420 0.156250
vt 0.469497 0.156250
vt 0.381307 0.242078
vt 0.478732 0.171630
vt 0.454684 0.295132
vt 0.487635 0.194146
vt 0.545143 0.295185
vt 0.513303 0.197192
vt 0.618185 0.242116
vt 0.531412 0.179072
vt 0.646085 0.156250
vt 0.533565 0.156250
vt 0.618185 0.929617
vt 0.545143 0.982686
vt 0.500000 0.843750
vt 0.454684 0.982632
vt 0.381307 0.929578
vt 0.353420 0.843750
vt 0.381307 0.757922
vt 0.454684 0.704868
vt 0.545143 0.704815
vt 0.618185 0.757884
vt 0.646085 0.843750
vt 0.469497 0.156250
vt 0.476266 0.139088
vt 0.500000 0.156250
vt 0.478732 0.171630
vt 0.487635 0.194146
vt 0.513303 0.197192
vt 0.531412 0.179072
vt 0.533565 0.156250
vt 0.526689 0.136859
vt 0.511127 0.122004
vt 0.487058 0.116585
vt 0.476266 0.139088
vt 0.469497 0.156250
vt 0.478732 0.171630
vt 0.487635 0.194146
vt 0.513303 0.197192
vt 0.531412 0.179072
vt 0.533565 0.156250
vt 0.526689 0.136859
vt 0.511127 0.122004
vt 0.487058 0.116585
vt 0.451588 0.687500
vt 0.450000 0.593759
vt 0.451588 0.687500
vt 0.475000 0.593759
vt 0.474951 0.687500
vt 0.474951 0.687500
vt 0.500000 0.593759
vt 0.498412 0.687500
vt 0.498412 0.687500
vt 0.475049 0.687500
vt 0.475049 0.687500
vt 0.451588 0.687500
vt 0.450000 0.593759
vt 0.474951 0.687500
vt 0.498412 0.687500
vt 0.475049 0.687500
vt 0.500000 0.593759
vt 0.475000 0.593759
vt 0.451588 0.687500
vt 0.450000 0.593759
vt 0.474951 0.687500
vt 0.498412 0.687500
vt 0.475049 0.687500
vt 0.500000 0.593759
vt 0.475000 0.593759
vt 0.450000 0.406240
vt 0.446977 0.406240
vt 0.428219 0.406241
vt 0.425000 0.406241
vt 0.450000 0.593759
vt 0.450000 0.547099
vt 0.450000 0.448198
vt 0.425000 0.593759
vt 0.428077 0.593759
vt 0.446868 0.593759
vt 0.425000 0.447167
vt 0.425000 0.551757
vt 0.525000 0.406241
vt 0.521368 0.406241
vt 0.503427 0.406241
vt 0.500000 0.406241
vt 0.525000 0.593759
vt 0.525000 0.551278
vt 0.525000 0.447502
vt 0.500000 0.593759
vt 0.503493 0.593759
vt 0.521525 0.593759
vt 0.500000 0.448804
vt 0.500000 0.547074
vt 0.450000 0.593759
vt 0.446768 0.593759
vt 0.427753 0.593759
vt 0.425000 0.593759
vt 0.425000 0.593759
vt 0.428232 0.593759
vt 0.447246 0.593759
vt 0.450000 0.593759
vt 0.450000 0.447045
vt 0.447023 0.406240
vt 0.450000 0.450081
vt 0.447241 0.406240
vt 0.428270 0.406241
vt 0.425000 0.448594
vt 0.428407 0.406241
vt 0.425000 0.456031
vt 0.446826 0.593759
vt 0.450000 0.546886
vt 0.450000 0.593759
vt 0.446768 0.593759
vt 0.450000 0.593759
vt 0.425000 0.538490
vt 0.427926 0.593759
vt 0.425000 0.593759
vt 0.427753 0.593759
vt 0.450000 0.593759
vt 0.447236 0.593759
vt 0.428210 0.593759
vt 0.425000 0.593759
vt 0.450000 0.593759
vt 0.447246 0.593759
vt 0.428232 0.593759
vt 0.425000 0.593759
vt 0.525000 0.593759
vt 0.521901 0.593759
vt 0.503641 0.593759
vt 0.500000 0.593759
vt 0.500000 0.593759
vt 0.503098 0.593759
vt 0.521359 0.593759
vt 0.525000 0.593759
vt 0.525000 0.449238
vt 0.521301 0.406241
vt 0.525000 0.462715
vt 0.521159 0.406241
vt 0.503433 0.406241
vt 0.500000 0.449151
vt 0.503179 0.406241
vt 0.500000 0.458944
vt 0.521702 0.593759
vt 0.525000 0.536115
vt 0.521901 0.593759
vt 0.525000 0.593759
vt 0.500000 0.546884
vt 0.503560 0.593759
vt 0.500000 0.593759
vt 0.500000 0.593759
vt 0.503641 0.593759
vt 0.525000 0.593759
vt 0.521410 0.593759
vt 0.503157 0.593759
vt 0.500000 0.593759
vt 0.525000 0.593759
vt 0.521359 0.593759
vt 0.503098 0.593759
vt 0.500000 0.593759
vt 0.446768 0.593759
vt 0.450000 0.593759
vt 0.427753 0.593759
vt 0.425000 0.593759
vt 0.425000 0.593759
vt 0.428232 0.593759
vt 0.447246 0.593759
vt 0.450000 0.593759
vt 0.521901 0.593759
vt 0.525000 0.593759
vt 0.503641 0.593759
vt 0.500000 0.593759
vt 0.500000 0.593759
vt 0.503098 0.593759
vt 0.521359 0.593759
vt 0.525000 0.593759
vt 0.446768 0.593759
vt 0.450000 0.593759
vt 0.427753 0.593759
vt 0.425000 0.593759
vt 0.425000 0.593759
vt 0.428232 0.593759
vt 0.447246 0.593759
vt 0.450000 0.593759
vt 0.521901 0.593759
vt 0.525000 0.593759
vt 0.503641 0.593759
vt 0.500000 0.593759
vt 0.500000 0.593759
vt 0.503098 0.593759
vt 0.521359 0.593759
vt 0.525000 0.593759
vt 0.476266 0.139088
vt 0.469497 0.156250
vt 0.478732 0.171630
vt 0.487635 0.194146
vt 0.513303 0.197192
vt 0.531412 0.179072
vt 0.533565 0.156250
vt 0.526689 0.136859
vt 0.511127 0.122004
vt 0.487058 0.116585
vt 0.469497 0.156250
vt 0.476266 0.139088
vt 0.476266 0.139088
vt 0.469497 0.156250
vt 0.478732 0.171630
vt 0.478732 0.171630
vt 0.531412 0.179072
vt 0.513303 0.197192
vt 0.513303 0.197192
vt 0.531412 0.179072
vt 0.511127 0.122004
vt 0.526689 0.136859
vt 0.526689 0.136859
vt 0.511127 0.122004
vt 0.476266 0.139088
vt 0.469497 0.156250
vt 0.476266 0.139088
vt 0.469497 0.156250
vt 0.478732 0.171630
vt 0.478732 0.171630
vt 0.513303 0.197192
vt 0.531412 0.179072
vt 0.513303 0.197192
vt 0.531412 0.179072
vt 0.526689 0.136859
vt 0.511127 0.122004
vt 0.526689 0.136859
vt 0.511127 0.122004
vt 0.476266 0.139088
vt 0.469497 0.156250
vt 0.476266 0.139088
vt 0.469497 0.156250
vt 0.478732 0.171630
vt 0.478732 0.171630
vt 0.476266 0.139088
vt 0.469497 0.156250
vt 0.476266 0.139088
vt 0.469497 0.156250
vt 0.478732 0.171630
vt 0.478732 0.171630
vt 0.526689 0.136859
vt 0.511127 0.122004
vt 0.526689 0.136859
vt 0.511127 0.122004
vt 0.526689 0.136859
vt 0.511127 0.122004
vt 0.526689 0.136859
vt 0.511127 0.122004
vt 0.513303 0.197192
vt 0.531412 0.179072
vt 0.513303 0.197192
vt 0.531412 0.179072
vt 0.513303 0.197192
vt 0.531412 0.179072
vt 0.513303 0.197192
vt 0.531412 0.179072
vt 0.406250 0.504698
vt 0.625000 0.504698
vt 0.375000 0.504698
vt 0.593750 0.504698
vt 0.562500 0.504698
vt 0.531250 0.504698
vt 0.500000 0.504698
vt 0.468750 0.504698
vt 0.437500 0.504698
vn -0.626950 0.779060 0.000000
vn -0.626950 0.779060 0.000000
vn -0.626948 0.779061 0.000000
vn -0.626948 0.779061 0.000000
vn -0.994199 0.107561 0.000000
vn -0.994199 0.107561 0.000000
vn -0.994198 0.107562 0.000000
vn -0.994198 0.107562 0.000000
vn -0.779062 -0.626947 0.000000
vn -0.779062 -0.626947 0.000000
vn -0.779061 -0.626948 0.000000
vn -0.779061 -0.626948 0.000000
vn -0.107562 -0.994198 0.000000
vn -0.107562 -0.994198 0.000000
vn -0.107562 -0.994198 0.000000
vn -0.107562 -0.994198 0.000000
vn 0.626950 -0.779060 0.000000
vn 0.626950 -0.779060 0.000000
vn 0.626948 -0.779061 0.000000
vn 0.626948 -0.779061 0.000000
vn 0.994199 -0.107559 0.000000
vn 0.994199 -0.107559 0.000000
vn 0.994199 -0.107558 0.000000
vn 0.994199 -0.107558 0.000000
vn 0.779062 0.626947 0.000000
vn 0.779062 0.626947 0.000000
vn 0.779062 0.626947 0.000000
vn 0.779062 0.626947 0.000000
vn -0.000007 0.000000 -1.000000
vn -0.000013 0.000000 -1.000000
vn -0.000003 0.000000 -1.000000
vn -0.000000 0.000000 -1.000000
vn -0.000007 0.000000 -1.000000
vn 0.000000 0.000000 -1.000000
vn -0.000007 0.000000 -1.000000
vn 0.000000 0.000000 -1.000000
vn 0.000007 0.000000 -1.000000
vn 0.000013 0.000000 1.000000
vn 0.000013 0.000000 1.000000
vn 0.000003 0.000000 1.000000
vn -0.000007 0.000000 1.000000
vn -0.000007 0.000000 1.000000
vn 0.000000 0.000000 1.000000
vn 0.000000 0.000000 1.000000
vn 0.000007 0.000000 1.000000
vn 0.000007 0.000000 1.000000
vn -0.051428 -0.475246 -0.878349
vn -0.051428 -0.475246 -0.878349
vn -0.051428 -0.475246 -0.878349
vn -0.051428 -0.475246 -0.878349
vn -0.051400 -0.475247 0.878350
vn -0.051400 -0.475247 0.878350
vn -0.051400 -0.475247 0.878350
vn -0.051400 -0.475247 0.878350
vn 0.299705 -0.372407 -0.878345
vn 0.299705 -0.372407 -0.878345
vn 0.299705 -0.372407 -0.878345
vn 0.299705 -0.372407 -0.878345
vn 0.299696 -0.372408 0.878348
vn 0.299696 -0.372408 0.878348
vn 0.299696 -0.372408 0.878348
vn 0.299696 -0.372408 0.878348
vn 0.475313 -0.051416 -0.878313
vn 0.475313 -0.051416 -0.878313
vn 0.475313 -0.051416 -0.878313
vn 0.475313 -0.051416 -0.878313
vn 0.475298 -0.051417 0.878321
vn 0.475298 -0.051417 0.878321
vn 0.475298 -0.051417 0.878321
vn 0.475298 -0.051417 0.878321
vn 0.372458 0.299686 -0.878330
vn 0.372458 0.299686 -0.878330
vn 0.372458 0.299686 -0.878330
vn 0.372458 0.299686 -0.878330
vn 0.372401 0.299694 0.878352
vn 0.372401 0.299694 0.878352
vn 0.372401 0.299694 0.878351
vn 0.372401 0.299694 0.878352
vn 0.051428 0.475247 -0.878348
vn 0.051428 0.475247 -0.878348
vn 0.051428 0.475247 -0.878348
vn 0.051428 0.475247 -0.878348
vn 0.051400 0.475247 0.878350
vn 0.051400 0.475247 0.878350
vn 0.051400 0.475247 0.878350
vn 0.051400 0.475247 0.878350
vn -0.299702 0.372403 -0.878348
vn -0.299702 0.372403 -0.878348
vn -0.299702 0.372403 -0.878348
vn -0.299702 0.372403 -0.878348
vn -0.299625 0.372412 0.878370
vn -0.299625 0.372412 0.878370
vn -0.299625 0.372412 0.878370
vn -0.299625 0.372412 0.878370
vn -0.475313 0.051414 -0.878314
vn -0.475312 0.051414 -0.878314
vn -0.475313 0.051414 -0.878314
vn -0.475312 0.051414 -0.878314
vn -0.475294 0.051414 0.878323
vn -0.475294 0.051414 0.878323
vn -0.475294 0.051414 0.878323
vn -0.475294 0.051414 0.878323
vn -0.372396 -0.299694 -0.878354
vn -0.372396 -0.299694 -0.878354
vn -0.372396 -0.299694 -0.878354
vn -0.372396 -0.299694 -0.878354
vn -0.372428 -0.299689 0.878341
vn -0.372428 -0.299689 0.878341
vn -0.372428 -0.299689 0.878341
vn -0.372428 -0.299689 0.878341
vn -0.421755 0.779066 0.463873
vn -0.421755 0.779066 0.463873
vn -0.421755 0.779066 0.463873
vn -0.421755 0.779066 0.463873
vn -0.668817 0.107557 0.735605
vn -0.668817 0.107557 0.735605
vn -0.668817 0.107557 0.735605
vn -0.668817 0.107557 0.735605
vn -0.524096 -0.626944 0.576425
vn -0.524096 -0.626944 0.576425
vn -0.524096 -0.626944 0.576425
vn -0.524096 -0.626944 0.576425
vn -0.072358 -0.994199 0.079584
vn -0.072358 -0.994199 0.079584
vn -0.072358 -0.994199 0.079584
vn -0.072358 -0.994199 0.079584
vn 0.421759 -0.779062 -0.463877
vn 0.421759 -0.779062 -0.463877
vn 0.421759 -0.779062 -0.463877
vn 0.421759 -0.779062 -0.463877
vn 0.668817 -0.107561 -0.735605
vn 0.668817 -0.107561 -0.735605
vn 0.668817 -0.107561 -0.735605
vn 0.668817 -0.107561 -0.735605
vn 0.524098 0.626940 -0.576427
vn 0.524098 0.626939 -0.576427
vn 0.524098 0.626939 -0.576427
vn 0.524098 0.626939 -0.576427
vn -0.739899 -0.000006 -0.672718
vn -0.739902 -0.000008 -0.672715
vn -0.739896 -0.000003 -0.672721
vn -0.739897 -0.000003 -0.672721
vn -0.739882 -0.000002 -0.672737
vn -0.739885 -0.000002 -0.672734
vn -0.739899 0.000000 -0.672718
vn -0.739902 0.000000 -0.672715
vn -0.739906 -0.000005 -0.672710
vn 0.739899 -0.000003 0.672718
vn 0.739902 0.000002 0.672715
vn 0.739897 -0.000002 0.672720
vn 0.739900 0.000002 0.672717
vn 0.739900 -0.000007 0.672717
vn 0.739897 -0.000008 0.672720
vn 0.739896 -0.000005 0.672721
vn 0.739893 0.000003 0.672725
vn 0.739891 0.000003 0.672727
vn -0.684483 -0.475216 -0.552859
vn -0.684483 -0.475216 -0.552859
vn -0.684483 -0.475216 -0.552858
vn -0.684483 -0.475216 -0.552858
vn 0.615329 -0.475205 0.628928
vn 0.615329 -0.475205 0.628928
vn 0.615329 -0.475205 0.628928
vn 0.615329 -0.475205 0.628928
vn -0.448353 -0.372367 -0.812603
vn -0.448353 -0.372367 -0.812603
vn -0.448353 -0.372367 -0.812603
vn -0.448353 -0.372367 -0.812603
vn 0.851487 -0.372399 0.369174
vn 0.851487 -0.372399 0.369174
vn 0.851487 -0.372398 0.369174
vn 0.851487 -0.372399 0.369174
vn -0.330266 -0.051409 -0.942487
vn -0.330266 -0.051409 -0.942487
vn -0.330266 -0.051409 -0.942487
vn -0.330266 -0.051409 -0.942487
vn 0.969588 -0.051416 0.239281
vn 0.969588 -0.051416 0.239281
vn 0.969588 -0.051416 0.239281
vn 0.969588 -0.051416 0.239281
vn -0.399457 0.299665 -0.866392
vn -0.399457 0.299665 -0.866392
vn -0.399457 0.299665 -0.866392
vn -0.399457 0.299665 -0.866392
vn 0.900423 0.299664 0.315342
vn 0.900423 0.299664 0.315342
vn 0.900423 0.299664 0.315342
vn 0.900423 0.299664 0.315342
vn -0.615298 0.475239 -0.628933
vn -0.615298 0.475239 -0.628933
vn -0.615298 0.475239 -0.628933
vn -0.615298 0.475239 -0.628933
vn 0.684468 0.475256 0.552843
vn 0.684468 0.475256 0.552843
vn 0.684468 0.475256 0.552843
vn 0.684468 0.475256 0.552843
vn -0.851494 0.372390 -0.369168
vn -0.851493 0.372390 -0.369168
vn -0.851494 0.372390 -0.369168
vn -0.851494 0.372390 -0.369168
vn 0.448311 0.372379 0.812620
vn 0.448311 0.372379 0.812620
vn 0.448311 0.372379 0.812620
vn 0.448311 0.372379 0.812620
vn -0.969583 0.051420 -0.239299
vn -0.969583 0.051420 -0.239299
vn -0.969583 0.051420 -0.239299
vn -0.969583 0.051420 -0.239299
vn 0.330207 0.051416 0.942507
vn 0.330207 0.051416 0.942507
vn 0.330207 0.051416 0.942507
vn 0.330207 0.051416 0.942507
vn -0.900399 -0.299693 -0.315381
vn -0.900399 -0.299693 -0.315381
vn -0.900399 -0.299693 -0.315381
vn -0.900399 -0.299693 -0.315381
vn 0.399339 -0.299678 0.866442
vn 0.399339 -0.299678 0.866442
vn 0.399339 -0.299678 0.866442
vn 0.399339 -0.299678 0.866442
vn -0.057790 0.779061 0.624279
vn -0.057790 0.779061 0.624279
vn -0.057790 0.779061 0.624279
vn -0.057790 0.779061 0.624279
vn -0.091636 0.107561 0.989966
vn -0.091636 0.107561 0.989966
vn -0.091636 0.107561 0.989966
vn -0.091636 0.107561 0.989966
vn -0.071813 -0.626942 0.775749
vn -0.071813 -0.626942 0.775749
vn -0.071813 -0.626942 0.775749
vn -0.071813 -0.626942 0.775749
vn -0.009915 -0.994198 0.107104
vn -0.009915 -0.994198 0.107104
vn -0.009915 -0.994198 0.107104
vn -0.009915 -0.994198 0.107104
vn 0.057789 -0.779064 -0.624275
vn 0.057789 -0.779064 -0.624275
vn 0.057789 -0.779064 -0.624275
vn 0.057789 -0.779064 -0.624275
vn 0.091645 -0.107560 -0.989966
vn 0.091645 -0.107560 -0.989966
vn 0.091645 -0.107560 -0.989966
vn 0.091645 -0.107560 -0.989966
vn 0.071803 0.626947 -0.775746
vn 0.071803 0.626947 -0.775746
vn 0.071803 0.626947 -0.775746
vn 0.071803 0.626947 -0.775746
vn -0.995742 0.000003 -0.092179
vn -0.995742 0.000000 -0.092181
vn -0.995742 -0.000000 -0.092179
vn -0.995743 0.000000 -0.092178
vn -0.995742 -0.000002 -0.092179
vn -0.995743 -0.000000 -0.092178
vn -0.995743 -0.000002 -0.092177
vn -0.995742 0.000000 -0.092180
vn -0.995742 0.000000 -0.092181
vn 0.995742 0.000000 0.092179
vn 0.995743 0.000000 0.092177
vn 0.995742 0.000000 0.092180
vn 0.995742 0.000000 0.092179
vn 0.995742 -0.000003 0.092182
vn 0.995742 -0.000000 0.092182
vn 0.995742 0.000002 0.092180
vn 0.995743 0.000002 0.092179
vn 0.995742 0.000003 0.092179
vn -0.879369 -0.475210 -0.029771
vn -0.879369 -0.475210 -0.029771
vn -0.879369 -0.475210 -0.029771
vn -0.879369 -0.475210 -0.029771
vn 0.869885 -0.475220 0.132158
vn 0.869885 -0.475220 0.132158
vn 0.869885 -0.475220 0.132158
vn 0.869885 -0.475220 0.132158
vn -0.846999 -0.372381 -0.379376
vn -0.846999 -0.372381 -0.379376
vn -0.846999 -0.372381 -0.379376
vn -0.846999 -0.372381 -0.379376
vn 0.902250 -0.372383 -0.217431
vn 0.902250 -0.372383 -0.217431
vn 0.902250 -0.372383 -0.217431
vn 0.902250 -0.372383 -0.217431
vn -0.830850 -0.051408 -0.554116
vn -0.830850 -0.051408 -0.554116
vn -0.830850 -0.051408 -0.554116
vn -0.830850 -0.051408 -0.554116
vn 0.918433 -0.051417 -0.392221
vn 0.918433 -0.051417 -0.392221
vn 0.918433 -0.051417 -0.392221
vn 0.918433 -0.051417 -0.392221
vn -0.840290 0.299678 -0.451780
vn -0.840290 0.299678 -0.451780
vn -0.840290 0.299678 -0.451780
vn -0.840290 0.299678 -0.451781
vn 0.908953 0.299668 -0.289833
vn 0.908953 0.299668 -0.289833
vn 0.908953 0.299668 -0.289833
vn 0.908953 0.299668 -0.289833
vn -0.869878 0.475233 -0.132162
vn -0.869878 0.475233 -0.132162
vn -0.869878 0.475233 -0.132162
vn -0.869878 0.475233 -0.132162
vn 0.879370 0.475207 0.029771
vn 0.879370 0.475207 0.029771
vn 0.879370 0.475207 0.029771
vn 0.879370 0.475207 0.029771
vn -0.902255 0.372376 0.217421
vn -0.902255 0.372376 0.217421
vn -0.902255 0.372376 0.217421
vn -0.902255 0.372376 0.217421
vn 0.846985 0.372406 0.379381
vn 0.846985 0.372406 0.379381
vn 0.846985 0.372406 0.379381
vn 0.846985 0.372406 0.379381
vn -0.918437 0.051408 0.392212
vn -0.918437 0.051408 0.392212
vn -0.918437 0.051408 0.392212
vn -0.918437 0.051408 0.392212
vn 0.830823 0.051408 0.554158
vn 0.830823 0.051408 0.554158
vn 0.830823 0.051408 0.554158
vn 0.830823 0.051408 0.554158
vn -0.908946 -0.299682 0.289841
vn -0.908946 -0.299682 0.289841
vn -0.908946 -0.299682 0.289841
vn -0.908946 -0.299682 0.289841
vn 0.840303 -0.299680 0.451755
vn 0.840303 -0.299680 0.451755
vn 0.840303 -0.299680 0.451755
vn 0.840303 -0.299680 0.451755
vn 0.557515 -0.724634 -0.405071
vn 0.557512 -0.724634 -0.405076
vn 0.248321 -0.724136 -0.643400
vn 0.248314 -0.724137 -0.643402
vn 0.689154 -0.724615 0.000000
vn 0.689154 -0.724615 -0.000001
vn -0.102429 -0.709041 -0.697688
vn -0.102429 -0.709041 -0.697688
vn -0.153827 -0.707141 -0.690137
vn -0.153827 -0.707141 -0.690137
vn -0.706910 -0.707100 -0.016953
vn -0.706910 -0.707100 -0.016953
vn -0.706999 -0.707215 -0.000002
vn -0.706999 -0.707215 -0.000002
vn -0.706884 -0.707126 0.016947
vn -0.706884 -0.707126 0.016947
vn -0.153789 -0.707335 0.689947
vn -0.153789 -0.707335 0.689947
vn -0.102405 -0.709225 0.697505
vn -0.102403 -0.709225 0.697505
vn 0.248336 -0.724198 0.643324
vn 0.248297 -0.724200 0.643338
vn 0.557521 -0.724611 0.405104
vn 0.557574 -0.724611 0.405031
vn 0.557514 0.724636 -0.405070
vn 0.557510 0.724636 -0.405075
vn 0.689152 0.724617 -0.000001
vn 0.689152 0.724617 0.000000
vn 0.248314 0.724138 -0.643400
vn 0.248321 0.724138 -0.643398
vn -0.095436 0.773839 -0.626151
vn -0.094374 0.773176 -0.627131
vn -0.140990 0.800563 -0.582427
vn -0.140990 0.800563 -0.582427
vn 0.205941 0.978562 -0.002053
vn 0.205941 0.978562 -0.002053
vn 0.205944 0.978564 -0.000001
vn 0.205944 0.978564 -0.000001
vn 0.205945 0.978561 0.002052
vn 0.205945 0.978561 0.002052
vn -0.140957 0.800705 0.582240
vn -0.140957 0.800705 0.582240
vn -0.095415 0.773990 0.625968
vn -0.094354 0.773328 0.626947
vn 0.248297 0.724201 0.643336
vn 0.248337 0.724200 0.643322
vn 0.557573 0.724613 0.405029
vn 0.557521 0.724613 0.405102
vn 0.587747 0.000000 -0.809045
vn 0.587747 0.000000 -0.809045
vn 0.587747 0.000000 -0.809045
vn 0.587747 0.000000 -0.809045
vn 0.000000 0.000000 -1.000000
vn 0.000000 0.000000 -1.000000
vn 0.000000 0.000000 -1.000000
vn 0.000000 0.000000 -1.000000
vn -0.801193 -0.598172 -0.016734
vn -0.801312 -0.598247 -0.000002
vn -0.801312 -0.598247 -0.000002
vn -0.801193 -0.598172 -0.016734
vn -0.801207 -0.598154 0.016728
vn -0.801207 -0.598154 0.016728
vn 0.000000 0.000000 1.000000
vn 0.000000 0.000000 1.000000
vn 0.000000 0.000000 1.000000
vn 0.000000 0.000000 1.000000
vn 0.587829 0.000000 0.808985
vn 0.587829 0.000000 0.808985
vn 0.587829 0.000000 0.808985
vn 0.587829 0.000000 0.808985
vn 0.951054 0.000000 0.309025
vn 0.951054 0.000000 0.309025
vn 0.951054 0.000000 0.309025
vn 0.951054 0.000000 0.309025
vn 0.951054 0.000000 -0.309025
vn 0.951054 0.000000 -0.309025
vn 0.951054 0.000000 -0.309025
vn 0.951054 0.000000 -0.309025
vn 0.013907 -0.999409 -0.031422
vn 0.026071 -0.999495 -0.018188
vn 0.025298 -0.999490 -0.019486
vn 0.011958 -0.999400 -0.032517
vn -0.005146 -0.999212 -0.039355
vn -0.006387 -0.999201 -0.039445
vn -0.023990 -0.999402 -0.024910
vn -0.025856 -0.999400 -0.023027
vn -0.046476 -0.998919 -0.000229
vn -0.046476 -0.998919 -0.000226
vn -0.023866 -0.999394 0.025338
vn -0.027432 -0.999388 0.021704
vn -0.005929 -0.999209 0.039330
vn -0.007556 -0.999201 0.039256
vn 0.013803 -0.999386 0.032209
vn 0.011171 -0.999371 0.033644
vn 0.026440 -0.999488 0.018013
vn 0.025442 -0.999481 0.019755
vn 0.030863 -0.999524 0.000012
vn 0.030861 -0.999524 -0.000174
vn 0.000000 1.000000 0.000000
vn 0.000000 1.000000 -0.000000
vn -0.018565 0.999828 -0.000000
vn -0.025372 0.999672 0.003550
vn -0.032366 0.999475 -0.001209
vn -0.027607 0.999619 -0.000001
vn -0.032366 0.999475 0.001209
vn -0.025371 0.999672 -0.003550
vn 0.000000 1.000000 0.000000
vn 0.000000 1.000000 0.000000
vn 0.000000 1.000000 0.000000
vn -0.347442 -0.937552 -0.016729
vn -0.249754 -0.944258 -0.214477
vn -0.022806 -0.999739 0.001386
vn -0.265664 -0.939531 0.216111
vn -0.102482 -0.944696 0.311523
vn 0.093631 -0.950413 0.296560
vn 0.236039 -0.956003 0.174192
vn 0.297069 -0.954817 0.008665
vn 0.260693 -0.944982 -0.197608
vn 0.137793 -0.939490 -0.313643
vn -0.054744 -0.937142 -0.344628
vn -0.956246 0.000000 -0.292564
vn -0.956246 0.000000 -0.292564
vn -0.954985 0.051323 -0.292180
vn -0.955131 0.048274 -0.292224
vn -0.959899 0.000000 0.280347
vn -0.959899 0.000000 0.280347
vn -0.958773 0.048435 0.280015
vn -0.958694 0.050104 0.279992
vn -0.580425 0.000000 0.814314
vn -0.580425 0.000000 0.814314
vn -0.579465 0.057571 0.812961
vn -0.579239 0.063964 0.812644
vn 0.044618 0.000000 0.999004
vn 0.044618 0.000000 0.999004
vn 0.044482 0.082555 0.995593
vn 0.044437 0.094462 0.994536
vn 0.497834 0.000000 0.867273
vn 0.497834 0.000000 0.867273
vn 0.495288 0.100809 0.862860
vn 0.494516 0.115082 0.861516
vn 0.946886 0.000000 0.321570
vn 0.946886 0.000000 0.321570
vn 0.939594 0.123872 0.319091
vn 0.939128 0.127752 0.318932
vn 0.916358 0.000000 -0.400360
vn 0.916358 0.000000 -0.400360
vn 0.909098 0.125604 -0.397195
vn 0.910291 0.114854 -0.397716
vn 0.612178 0.000000 -0.790720
vn 0.612178 0.000000 -0.790720
vn 0.608466 0.110054 -0.785912
vn 0.609179 0.098969 -0.786833
vn 0.104461 0.000000 -0.994529
vn 0.104461 0.000000 -0.994529
vn 0.104035 0.090838 -0.990417
vn 0.104125 0.080795 -0.991277
vn -0.369564 0.000000 -0.929206
vn -0.369564 0.000000 -0.929206
vn -0.368554 0.074069 -0.926651
vn -0.368693 0.068803 -0.927001
vn 0.275234 0.017849 -0.961212
vn 0.275234 0.017849 -0.961212
vn 0.241710 0.024266 -0.970045
vn 0.241008 0.024399 -0.970216
vn -0.986301 -0.163549 -0.021512
vn -0.986301 -0.163549 -0.021512
vn -0.989258 -0.144558 -0.021715
vn -0.989223 -0.144800 -0.021712
vn 0.998959 -0.039269 0.023204
vn 0.998959 -0.039269 0.023204
vn 0.998429 0.051286 0.022561
vn 0.998382 0.052198 0.022553
vn -0.986299 -0.163557 0.021503
vn -0.986300 -0.163557 0.021503
vn -0.989223 -0.144800 0.021702
vn -0.989258 -0.144559 0.021705
vn 0.275436 0.017864 0.961154
vn 0.275436 0.017864 0.961154
vn 0.241184 0.024417 0.970172
vn 0.241886 0.024283 0.970001
vn 0.998959 -0.039270 -0.023201
vn 0.998959 -0.039270 -0.023201
vn 0.998382 0.052197 -0.022552
vn 0.998429 0.051285 -0.022559
vn 0.238242 0.116706 -0.964168
vn 0.266953 0.149610 -0.952026
vn 0.322672 0.214431 -0.921902
vn 0.322672 0.214431 -0.921902
vn 0.851378 0.524311 0.015912
vn 0.853095 0.521512 0.015971
vn 0.757780 0.652383 0.012877
vn 0.757780 0.652383 0.012877
vn 0.853094 0.521513 -0.015970
vn 0.851378 0.524312 -0.015911
vn 0.757781 0.652382 -0.012875
vn 0.757781 0.652382 -0.012875
vn 0.267143 0.149713 0.951956
vn 0.238420 0.116791 0.964114
vn 0.322884 0.214567 0.921796
vn 0.322884 0.214567 0.921796
vn -0.912367 -0.408973 0.018108
vn -0.912517 -0.408636 0.018114
vn -0.902972 -0.429333 0.017749
vn -0.902972 -0.429333 0.017749
vn -0.912517 -0.408637 -0.018122
vn -0.912366 -0.408974 -0.018116
vn -0.902968 -0.429341 -0.017755
vn -0.902968 -0.429341 -0.017755
vn 0.218753 0.058159 -0.974046
vn 0.219332 0.067748 -0.973295
vn 0.957730 0.286975 0.019994
vn 0.958394 0.284746 0.020025
vn 0.958394 0.284747 -0.020023
vn 0.957729 0.286976 -0.019993
vn 0.219496 0.067797 0.973255
vn 0.218916 0.058201 0.974007
vn -0.961993 -0.272327 0.020196
vn -0.962601 -0.270167 0.020225
vn -0.962601 -0.270167 -0.020234
vn -0.961992 -0.272328 -0.020206
vn -0.209225 -0.242400 -0.947348
vn -0.209225 -0.242400 -0.947348
vn -0.213686 -0.166510 -0.962607
vn -0.209266 -0.241449 -0.947581
vn -0.209256 -0.240403 -0.947849
vn -0.209915 -0.059362 -0.975916
vn -0.215101 -0.136407 -0.967018
vn -0.215101 -0.136407 -0.967019
vn -0.208848 -0.114972 -0.971166
vn -0.214901 -0.136059 -0.967112
vn -0.215092 -0.136268 -0.967040
vn -0.191468 -0.056241 -0.979886
vn -0.191468 -0.056241 -0.979886
vn -0.204530 -0.013416 -0.978768
vn -0.191350 -0.055930 -0.979927
vn -0.191312 -0.056370 -0.979909
vn -0.208614 0.000000 -0.977998
vn -0.208614 0.000000 -0.977998
vn -0.208605 0.000008 -0.978000
vn -0.208482 -0.000093 -0.978026
vn -0.209670 -0.265416 0.941060
vn -0.209670 -0.265416 0.941060
vn -0.207719 -0.064836 0.976038
vn -0.209751 -0.263335 0.941626
vn -0.209756 -0.264327 0.941347
vn -0.213607 -0.175627 0.961003
vn -0.205255 0.000000 0.978709
vn -0.205255 0.000000 0.978709
vn -0.202383 -0.001160 0.979306
vn -0.205137 -0.000081 0.978733
vn -0.205284 -0.000021 0.978703
vn -0.193341 -0.004728 0.981120
vn -0.193340 -0.004728 0.981120
vn -0.209304 -0.104544 0.972246
vn -0.193178 -0.005456 0.981149
vn -0.193199 -0.004856 0.981148
vn -0.214638 -0.140211 0.966577
vn -0.214638 -0.140211 0.966577
vn -0.214659 -0.140070 0.966593
vn -0.214447 -0.139906 0.966664
vn -0.000000 1.000000 0.000000
vn -0.000000 1.000000 0.000000
vn -0.000000 1.000000 0.000000
vn -0.000000 1.000000 0.000000
vn -0.000000 1.000000 0.000000
vn -0.000000 1.000000 0.000000
vn -0.000000 1.000000 0.000000
vn -0.000000 1.000000 0.000000
vn -0.655958 -0.754795 0.001731
vn -0.655958 -0.754795 0.001731
vn -0.660164 -0.748416 -0.063700
vn -0.660765 -0.746327 -0.079915
vn -0.695866 -0.601544 -0.392320
vn -0.697037 -0.594125 -0.401442
vn 0.710206 -0.703990 -0.002323
vn 0.710206 -0.703990 -0.002323
vn 0.710282 -0.700507 -0.069209
vn 0.709699 -0.698885 -0.088807
vn 0.695763 -0.677029 -0.239887
vn 0.695763 -0.677029 -0.239887
vn -0.767723 0.640782 -0.000887
vn -0.767723 0.640782 -0.000887
vn -0.767723 0.640782 -0.000887
vn -0.767723 0.640782 -0.000887
vn -0.652348 0.000331 0.757920
vn -0.652348 0.000331 0.757920
vn -0.652348 0.000331 0.757920
vn -0.652348 0.000331 0.757920
vn 0.701030 0.713129 0.001792
vn 0.701030 0.713129 0.001792
vn 0.701030 0.713129 0.001792
vn 0.701030 0.713129 0.001792
vn 0.752967 -0.000796 0.658057
vn 0.752967 -0.000796 0.658057
vn 0.752967 -0.000796 0.658057
vn 0.752967 -0.000796 0.658057
vn -0.763205 -0.050193 -0.644204
vn -0.763823 -0.035616 -0.644442
vn 0.657357 -0.254498 -0.709304
vn 0.657357 -0.254498 -0.709304
vn 0.653325 -0.030834 -0.756449
vn 0.652998 -0.027399 -0.756864
vn -0.764645 -0.000403 -0.644451
vn -0.764645 -0.000403 -0.644451
vn 0.650099 0.000097 -0.759850
vn 0.650099 0.000097 -0.759850
vn -0.156396 -0.390980 -0.907014
vn -0.156396 -0.390980 -0.907014
vn -0.159826 -0.046791 -0.986036
vn -0.159746 -0.042632 -0.986237
vn -0.026586 -0.991509 -0.127294
vn 0.000000 -1.000000 0.000000
vn 0.000000 -1.000000 0.000000
vn -0.019167 -0.995596 -0.091769
vn -0.990535 -0.137236 -0.002594
vn -0.991001 -0.133856 0.000001
vn -0.991001 -0.133856 0.000001
vn -0.990099 -0.140284 -0.004934
vn -0.050626 0.998718 0.000002
vn -0.050626 0.998718 0.000002
vn -0.050626 0.998718 0.000002
vn -0.050626 0.998718 0.000002
vn 1.000000 -0.000000 0.000000
vn 1.000000 0.000002 0.000000
vn 1.000000 0.000002 0.000000
vn 1.000000 0.000000 0.000000
vn -0.066221 -0.946089 -0.317065
vn -0.066221 -0.946089 -0.317065
vn -0.999708 -0.024103 -0.001691
vn -0.999924 -0.012290 -0.000862
vn -0.989037 -0.147307 -0.010334
vn 1.000000 -0.000014 0.000000
vn 1.000000 0.000001 0.000000
vn 0.158866 0.000053 0.987300
vn 0.158866 0.000053 0.987300
vn 0.158866 0.000053 0.987300
vn 0.158866 0.000053 0.987300
vn 1.000000 0.000001 0.000000
vn 1.000000 0.000001 0.000000
vn -0.158771 -0.000034 -0.987315
vn -0.158771 -0.000034 -0.987315
vn -1.000000 -0.000000 0.000000
vn -1.000000 -0.000000 0.000000
vn -0.547373 0.589206 0.594322
vn -0.547373 0.589206 0.594322
vn -0.547373 0.589206 0.594322
vn 0.000000 1.000000 0.000001
vn 0.000000 1.000000 0.000001
vn 0.000000 1.000000 0.000001
vn 0.000000 1.000000 0.000001
vn 0.000000 1.000000 0.000001
vn 0.000000 1.000000 0.000001
vn 0.000000 1.000000 0.000001
vn 0.000000 1.000000 0.000001
vn 0.710993 -0.703195 0.002512
vn 0.710993 -0.703195 0.002512
vn 0.709660 -0.697411 0.100003
vn 0.710588 -0.699382 0.077003
vn 0.698030 -0.556300 0.450871
vn 0.699154 -0.576344 0.423096
vn -0.663337 -0.748320 0.000355
vn -0.663337 -0.748320 0.000355
vn -0.669474 -0.738508 0.080065
vn -0.669703 -0.737772 0.084796
vn -0.676568 -0.636089 0.371009
vn -0.676173 -0.642147 0.361163
vn 0.699295 0.714831 -0.001690
vn 0.699295 0.714831 -0.001690
vn 0.699295 0.714831 -0.001690
vn 0.699295 0.714831 -0.001690
vn 0.753253 -0.000774 -0.657731
vn 0.753253 -0.000774 -0.657731
vn 0.753253 -0.000774 -0.657731
vn 0.753253 -0.000774 -0.657731
vn -0.765213 0.643777 0.001028
vn -0.765213 0.643777 0.001028
vn -0.765213 0.643777 0.001028
vn -0.765213 0.643777 0.001028
vn -0.653006 0.000358 -0.757353
vn -0.653006 0.000358 -0.757353
vn -0.653006 0.000358 -0.757353
vn -0.653006 0.000358 -0.757353
vn 0.657620 -0.039938 0.752291
vn 0.658565 -0.046362 0.751095
vn -0.672444 -0.541560 0.504512
vn -0.672444 -0.541560 0.504512
vn 0.651073 0.000202 0.759015
vn 0.651073 0.000202 0.759015
vn -0.769695 -0.001165 0.638411
vn -0.769695 -0.001165 0.638411
vn -0.769695 -0.001165 0.638411
vn -0.769695 -0.001165 0.638411
vn -0.136570 -0.577829 0.804650
vn -0.136570 -0.577829 0.804650
vn -0.136571 -0.577829 0.804650
vn -0.136570 -0.577829 0.804650
vn -0.022575 -0.994580 0.101493
vn 0.000000 -1.000000 -0.000001
vn 0.000000 -1.000000 -0.000001
vn -0.032012 -0.989071 0.143920
vn 1.000000 0.000005 0.000000
vn 1.000000 0.000006 0.000000
vn 1.000000 0.000006 0.000000
vn 1.000000 0.000001 0.000000
vn -0.056520 0.998402 0.000001
vn -0.056520 0.998402 0.000001
vn -0.056520 0.998402 0.000001
vn -0.056520 0.998402 0.000001
vn -0.990188 -0.139355 0.010438
vn -0.992413 -0.122949 0.000024
vn -0.992413 -0.122949 0.000024
vn -0.991184 -0.132358 0.005993
vn -0.079065 -0.931341 0.355461
vn -0.079065 -0.931341 0.355461
vn 1.000000 0.000000 0.000000
vn 1.000000 0.000000 0.000000
vn 0.159924 0.000002 -0.987130
vn 0.159924 0.000002 -0.987130
vn 0.159924 0.000002 -0.987130
vn 0.159924 0.000002 -0.987129
vn -1.000000 0.000000 0.000000
vn -0.999787 -0.020439 0.003004
vn -0.999969 -0.007852 0.001154
vn -1.000000 0.000000 0.000000
vn -0.159914 -0.000005 0.987131
vn -0.159914 -0.000005 0.987131
vn -0.159914 -0.000005 0.987131
vn -0.159914 -0.000005 0.987131
vn 1.000000 0.000000 0.000000
vn 1.000000 0.000000 0.000000
vn -0.986861 -0.159855 0.023493
vn -0.545839 0.599267 -0.585610
vn -0.545839 0.599267 -0.585610
vn -0.545839 0.599267 -0.585610
vn -0.648000 0.000000 0.761640
vn -0.648000 0.000000 0.761640
vn -0.648000 0.000000 0.761640
vn -0.648000 0.000000 0.761640
vn 0.158834 0.000000 0.987305
vn 0.158834 0.000000 0.987305
vn 0.158834 0.000000 0.987305
vn 0.158834 0.000000 0.987305
vn 0.760708 0.000000 0.649094
vn 0.760708 0.000000 0.649094
vn 0.760708 0.000000 0.649094
vn 0.760708 0.000000 0.649094
vn 1.000000 0.000000 0.000000
vn 1.000000 0.000000 0.000000
vn 1.000000 0.000000 0.000000
vn 1.000000 0.000000 0.000000
vn 0.648847 0.000002 -0.760919
vn 0.648847 0.000002 -0.760919
vn 0.648847 0.000002 -0.760919
vn 0.648847 0.000002 -0.760919
vn -0.158820 0.000000 -0.987308
vn -0.158820 0.000000 -0.987308
vn -0.158820 0.000000 -0.987308
vn -0.158820 0.000000 -0.987308
vn -0.761319 0.000000 -0.648377
vn -0.761319 0.000000 -0.648377
vn -0.761319 0.000000 -0.648377
vn -0.761319 0.000000 -0.648377
vn -1.000000 0.000000 0.000000
vn -1.000000 0.000000 0.000000
vn -1.000000 0.000000 0.000000
vn -1.000000 0.000000 0.000000
vn 0.761394 0.000000 -0.648290
vn 0.761394 0.000000 -0.648290
vn 0.761394 0.000000 -0.648290
vn 0.761394 0.000000 -0.648290
vn 0.159942 0.000000 -0.987127
vn 0.159942 0.000000 -0.987127
vn 0.159942 0.000000 -0.987127
vn 0.159942 0.000000 -0.987127
vn -0.648019 0.000000 -0.761625
vn -0.648019 0.000000 -0.761625
vn -0.648019 0.000000 -0.761625
vn -0.648019 0.000000 -0.761625
vn -1.000000 0.000000 0.000000
vn -1.000000 0.000000 0.000000
vn -1.000000 0.000000 0.000000
vn -1.000000 0.000000 0.000000
vn -0.761466 0.000000 0.648205
vn -0.761466 0.000000 0.648205
vn -0.761466 0.000000 0.648205
vn -0.761466 0.000000 0.648205
vn -0.159874 0.000000 0.987137
vn -0.159874 0.000000 0.987137
vn -0.159874 0.000000 0.987137
vn -0.159874 0.000000 0.987137
vn 0.648054 0.000000 0.761594
vn 0.648054 0.000000 0.761594
vn 0.648054 0.000000 0.761594
vn 0.648054 0.000000 0.761594
vn 1.000000 0.000000 0.000000
vn 1.000000 0.000000 0.000000
vn 1.000000 0.000000 0.000000
vn 1.000000 0.000000 0.000000
vn -0.065638 -0.988495 0.136270
vn -0.065638 -0.988495 0.136270
vn -0.065638 -0.988495 0.136270
vn -0.065638 -0.988495 0.136270
vn 0.037823 -0.953952 0.297567
vn 0.037823 -0.953952 0.297567
vn 0.037823 -0.953952 0.297567
vn 0.037823 -0.953952 0.297567
vn 0.070300 -0.993973 0.084118
vn 0.070300 -0.993973 0.084118
vn 0.070300 -0.993973 0.084118
vn 0.070300 -0.993973 0.084118
vn 0.074684 -0.997207 0.000000
vn 0.074684 -0.997207 0.000000
vn 0.074684 -0.997207 0.000000
vn 0.074684 -0.997207 0.000000
vn 0.057597 -0.994070 -0.092241
vn 0.057597 -0.994070 -0.092241
vn 0.057597 -0.994070 -0.092241
vn 0.057597 -0.994070 -0.092241
vn -0.023022 -0.953649 -0.300040
vn -0.023022 -0.953649 -0.300040
vn -0.023022 -0.953649 -0.300040
vn -0.023022 -0.953649 -0.300040
vn -0.085257 -0.988451 -0.125281
vn -0.085257 -0.988451 -0.125281
vn -0.085257 -0.988451 -0.125281
vn -0.085257 -0.988451 -0.125281
vn -0.097353 -0.995250 0.000000
vn -0.097353 -0.995250 0.000000
vn -0.097353 -0.995250 0.000000
vn -0.097353 -0.995250 0.000000
vn -0.347531 0.555239 0.755600
vn -0.347531 0.555239 0.755600
vn -0.347531 0.555239 0.755601
vn -0.347531 0.555239 0.755601
vn 0.075892 0.480469 0.873722
vn 0.075892 0.480469 0.873722
vn 0.075892 0.480469 0.873722
vn 0.075892 0.480469 0.873722
vn 0.484008 0.426898 0.763868
vn 0.484008 0.426898 0.763868
vn 0.484008 0.426898 0.763868
vn 0.484008 0.426898 0.763868
vn 0.916979 0.398936 0.000000
vn 0.916979 0.398936 0.000000
vn 0.916979 0.398936 0.000000
vn 0.916979 0.398936 0.000000
vn 0.347553 0.555308 -0.755539
vn 0.347553 0.555308 -0.755539
vn 0.347553 0.555308 -0.755539
vn 0.347553 0.555308 -0.755539
vn -0.075897 0.480556 -0.873674
vn -0.075897 0.480556 -0.873673
vn -0.075897 0.480556 -0.873673
vn -0.075897 0.480556 -0.873673
vn -0.483983 0.426885 -0.763891
vn -0.483983 0.426885 -0.763891
vn -0.483983 0.426885 -0.763891
vn -0.483983 0.426885 -0.763891
vn -0.916977 0.398941 0.000000
vn -0.916977 0.398941 0.000000
vn -0.916977 0.398941 0.000000
vn -0.916977 0.398941 0.000000
vn 0.106547 -0.976005 -0.189899
vn 0.106547 -0.976005 -0.189899
vn 0.106547 -0.976005 -0.189899
vn 0.106547 -0.976005 -0.189899
vn 0.037282 -0.875417 -0.481929
vn 0.037282 -0.875417 -0.481929
vn 0.037282 -0.875417 -0.481929
vn 0.037282 -0.875417 -0.481929
vn -0.086453 -0.973264 -0.212799
vn -0.086453 -0.973264 -0.212799
vn -0.086453 -0.973264 -0.212799
vn -0.086453 -0.973264 -0.212799
vn -0.123751 -0.992313 0.000000
vn -0.123751 -0.992313 0.000000
vn -0.123751 -0.992313 0.000000
vn -0.123751 -0.992313 0.000000
vn -0.106547 -0.976004 0.189906
vn -0.106547 -0.976004 0.189906
vn -0.106547 -0.976004 0.189905
vn -0.106547 -0.976004 0.189905
vn -0.037274 -0.875416 0.481931
vn -0.037274 -0.875416 0.481931
vn -0.037274 -0.875416 0.481931
vn -0.037274 -0.875416 0.481931
vn 0.086472 -0.973266 0.212783
vn 0.086472 -0.973266 0.212783
vn 0.086472 -0.973266 0.212783
vn 0.086472 -0.973266 0.212783
vn 0.123750 -0.992314 0.000000
vn 0.123750 -0.992313 0.000000
vn 0.123750 -0.992313 0.000000
vn 0.123750 -0.992314 0.000000
vn 0.348677 0.564169 -0.748424
vn 0.348677 0.564169 -0.748424
vn 0.348677 0.564169 -0.748424
vn 0.348677 0.564169 -0.748424
vn 0.059846 0.357854 -0.931858
vn 0.059846 0.357854 -0.931858
vn 0.059846 0.357854 -0.931858
vn 0.059846 0.357854 -0.931858
vn -0.262570 0.570215 -0.778404
vn -0.262570 0.570215 -0.778404
vn -0.262570 0.570215 -0.778404
vn -0.262570 0.570215 -0.778404
vn -0.632420 0.774625 0.000000
vn -0.632420 0.774625 0.000000
vn -0.632420 0.774625 0.000000
vn -0.632421 0.774625 0.000000
vn -0.348659 0.564201 0.748408
vn -0.348659 0.564201 0.748408
vn -0.348659 0.564201 0.748408
vn -0.348659 0.564201 0.748408
vn -0.059856 0.357716 0.931910
vn -0.059856 0.357716 0.931910
vn -0.059856 0.357716 0.931910
vn -0.059856 0.357716 0.931910
vn 0.262641 0.570154 0.778424
vn 0.262641 0.570154 0.778424
vn 0.262641 0.570154 0.778424
vn 0.262641 0.570154 0.778424
vn 0.632493 0.774566 0.000000
vn 0.632493 0.774566 0.000000
vn 0.632493 0.774566 0.000000
vn 0.632493 0.774566 0.000000
vn -0.938753 0.190394 -0.287217
vn -0.938753 0.190394 -0.287217
vn -0.942181 0.191260 0.275162
vn -0.942181 0.191260 0.275162
vn -0.578458 0.082215 0.811558
vn -0.578855 0.073446 0.812116
vn 0.044279 0.126082 0.991031
vn 0.044358 0.110439 0.992893
vn 0.457216 0.395462 0.796595
vn 0.457216 0.395462 0.796595
vn 0.933703 0.166293 0.317090
vn 0.934514 0.161130 0.317366
vn 0.905531 0.153261 -0.395633
vn 0.903446 0.167269 -0.394723
vn 0.565643 0.382517 -0.730567
vn 0.565643 0.382517 -0.730567
vn 0.103873 0.107924 -0.988718
vn 0.103714 0.121141 -0.987202
vn -0.368048 0.090498 -0.925392
vn -0.367803 0.097538 -0.924774
vn -0.580416 0.000000 0.814320
vn -0.580416 0.000000 0.814320
vn 0.044605 0.000000 0.999005
vn 0.044605 0.000000 0.999005
vn 0.946885 0.000000 0.321571
vn 0.946885 0.000000 0.321571
vn 0.916361 0.000000 -0.400354
vn 0.916361 0.000000 -0.400354
vn 0.104483 0.000000 -0.994527
vn 0.104483 0.000000 -0.994527
vn -0.369553 0.000000 -0.929209
vn -0.369553 0.000000 -0.929209
vn -0.223944 0.973775 -0.040149
vn -0.223944 0.973775 -0.040149
vn -0.223944 0.973775 -0.040149
vn -0.223944 0.973775 -0.040149
vn -0.155449 0.000000 -0.987844
vn -0.155449 0.000000 -0.987844
vn -0.155449 0.000000 -0.987844
vn -0.155449 0.000000 -0.987844
vn -0.223945 -0.973775 -0.040149
vn -0.223945 -0.973775 -0.040149
vn -0.223945 -0.973775 -0.040149
vn -0.223945 -0.973775 -0.040149
vn -0.228692 0.972923 0.033468
vn -0.228692 0.972923 0.033468
vn -0.228692 0.972923 0.033468
vn -0.228692 0.972923 0.033468
vn -0.228692 -0.972923 0.033468
vn -0.228692 -0.972923 0.033468
vn -0.228692 -0.972923 0.033468
vn -0.228692 -0.972923 0.033468
vn -0.023184 0.000000 0.999731
vn -0.023184 0.000000 0.999731
vn -0.023184 0.000000 0.999731
vn -0.023184 0.000000 0.999731
vn 0.043538 0.996199 0.075444
vn 0.043538 0.996199 0.075444
vn 0.043538 0.996199 0.075444
vn 0.043538 0.996199 0.075444
vn -0.795092 0.000000 0.606488
vn -0.795092 0.000000 0.606488
vn -0.795092 0.000000 0.606488
vn -0.795092 0.000000 0.606488
vn 0.043540 -0.996199 0.075444
vn 0.043540 -0.996199 0.075444
vn 0.043540 -0.996199 0.075444
vn 0.043540 -0.996199 0.075444
vn 0.713631 0.000000 -0.700521
vn 0.713631 0.000000 -0.700521
vn 0.713631 0.000000 -0.700521
vn 0.713631 0.000000 -0.700522
vn 0.066687 0.994714 -0.078077
vn 0.066687 0.994714 -0.078077
vn 0.066687 0.994714 -0.078077
vn 0.066687 0.994714 -0.078077
vn 0.857446 0.000000 0.514573
vn 0.857446 0.000000 0.514573
vn 0.857446 0.000000 0.514573
vn 0.857446 0.000000 0.514573
vn 0.066687 -0.994714 -0.078077
vn 0.066687 -0.994715 -0.078077
vn 0.066687 -0.994714 -0.078077
vn 0.066687 -0.994715 -0.078077
vn -0.855441 0.000000 -0.517900
vn -0.855441 0.000000 -0.517900
vn -0.855441 0.000000 -0.517900
vn -0.855441 0.000000 -0.517900
vn -0.249755 0.968309 0.000001
vn -0.249755 0.968309 0.000001
vn -0.249755 0.968309 0.000001
vn -0.249755 0.968309 0.000001
vn 0.000000 0.000000 -1.000000
vn 0.000000 0.000000 -1.000000
vn 0.000000 0.000000 -1.000000
vn 0.000000 0.000000 -1.000000
vn 0.236186 -0.971708 -0.000001
vn 0.236186 -0.971708 -0.000001
vn 0.236186 -0.971708 -0.000001
vn 0.236186 -0.971708 -0.000001
vn -0.249753 0.968310 -0.000001
vn -0.249753 0.968310 -0.000001
vn -0.249753 0.968310 -0.000001
vn -0.249753 0.968310 -0.000001
vn 0.236186 -0.971708 0.000001
vn 0.236186 -0.971708 0.000001
vn 0.236186 -0.971708 0.000001
vn 0.236186 -0.971708 0.000001
vn 0.000004 0.000000 1.000000
vn 0.000004 0.000000 1.000000
vn 0.000004 0.000000 1.000000
vn 0.000004 0.000000 1.000000
vn -0.655093 0.755548 -0.000005
vn -0.655093 0.755548 -0.000005
vn -0.655093 0.755548 -0.000005
vn -0.655093 0.755548 -0.000005
vn 0.000000 0.000000 -1.000000
vn 0.000000 0.000000 -1.000000
vn 0.000000 0.000000 -1.000000
vn 0.000000 0.000000 -1.000000
vn 0.645375 -0.763866 -0.000002
vn 0.645375 -0.763866 -0.000002
vn 0.645375 -0.763866 -0.000002
vn 0.645375 -0.763866 -0.000002
vn -0.655094 0.755547 0.000005
vn -0.655094 0.755547 0.000005
vn -0.655094 0.755547 0.000005
vn -0.655094 0.755547 0.000005
vn 0.645372 -0.763868 0.000002
vn 0.645372 -0.763868 0.000002
vn 0.645372 -0.763868 0.000002
vn 0.645372 -0.763868 0.000002
vn 0.000015 0.000000 1.000000
vn 0.000015 0.000000 1.000000
vn 0.000015 0.000000 1.000000
vn 0.000015 0.000000 1.000000
vn -0.712144 0.702034 -0.000001
vn -0.712144 0.702034 -0.000001
vn -0.712144 0.702034 -0.000001
vn -0.712144 0.702034 -0.000001
vn 0.027229 0.089713 -0.995595
vn 0.027229 0.089713 -0.995595
vn 0.027229 0.089713 -0.995595
vn 0.027229 0.089713 -0.995595
vn 0.536208 -0.844086 0.000002
vn 0.536208 -0.844086 0.000002
vn 0.536208 -0.844086 0.000002
vn 0.536208 -0.844086 0.000002
vn -0.712147 0.702031 0.000001
vn -0.712147 0.702031 0.000001
vn -0.712147 0.702031 0.000001
vn -0.712147 0.702031 0.000001
vn 0.536198 -0.844092 -0.000002
vn 0.536198 -0.844092 -0.000002
vn 0.536198 -0.844092 -0.000002
vn 0.536198 -0.844092 -0.000002
vn 0.025440 0.083707 0.996166
vn 0.025440 0.083707 0.996166
vn 0.025440 0.083707 0.996166
vn 0.025440 0.083707 0.996166
vn 0.315992 0.887323 -0.335867
vn 0.315992 0.887323 -0.335867
vn 0.315992 0.887323 -0.335867
vn 0.315992 0.887323 -0.335867
vn 0.782936 0.000000 0.622103
vn 0.782936 0.000000 0.622103
vn 0.782936 0.000000 0.622103
vn 0.782936 0.000000 0.622103
vn -0.315992 -0.887323 0.335867
vn -0.315992 -0.887323 0.335867
vn -0.315992 -0.887323 0.335867
vn -0.315992 -0.887323 0.335867
vn -0.782954 0.000000 -0.622080
vn -0.782954 0.000000 -0.622080
vn -0.782954 0.000000 -0.622080
vn -0.782954 0.000000 -0.622080
vn 0.507578 0.671800 -0.539490
vn 0.507578 0.671800 -0.539490
vn 0.507578 0.671800 -0.539490
vn 0.507578 0.671800 -0.539490
vn 0.822435 -0.054836 0.566210
vn 0.822435 -0.054836 0.566210
vn 0.822435 -0.054836 0.566210
vn 0.822435 -0.054836 0.566210
vn -0.560048 -0.576212 0.595253
vn -0.560048 -0.576212 0.595253
vn -0.560048 -0.576212 0.595253
vn -0.560048 -0.576212 0.595253
vn -0.822413 0.054828 -0.566242
vn -0.822413 0.054828 -0.566242
vn -0.822413 0.054828 -0.566242
vn -0.822413 0.054828 -0.566242
vn 0.465604 0.733669 -0.494917
vn 0.465604 0.733669 -0.494917
vn 0.465604 0.733669 -0.494917
vn 0.465604 0.733669 -0.494917
vn 0.744045 0.000961 0.668129
vn 0.744045 0.000961 0.668129
vn 0.744045 0.000961 0.668129
vn 0.744045 0.000961 0.668129
vn -0.676451 -0.159442 0.719022
vn -0.676451 -0.159442 0.719022
vn -0.676451 -0.159442 0.719022
vn -0.676451 -0.159442 0.719022
vn -0.760997 0.124734 -0.636651
vn -0.760997 0.124734 -0.636651
vn -0.760997 0.124734 -0.636651
vn -0.760997 0.124734 -0.636651
vn 0.214256 0.903975 0.370031
vn 0.214256 0.903975 0.370031
vn 0.214257 0.903975 0.370031
vn 0.214256 0.903975 0.370031
vn -0.779138 0.000000 0.626853
vn -0.779138 0.000000 0.626853
vn -0.779138 0.000000 0.626853
vn -0.779138 0.000000 0.626853
vn -0.214250 -0.903976 -0.370032
vn -0.214250 -0.903976 -0.370032
vn -0.214250 -0.903976 -0.370032
vn -0.214250 -0.903976 -0.370032
vn 0.779125 0.000000 -0.626868
vn 0.779125 0.000000 -0.626868
vn 0.779125 0.000000 -0.626868
vn 0.779125 0.000000 -0.626868
vn 0.337166 0.739757 0.582305
vn 0.337166 0.739757 0.582305
vn 0.337166 0.739757 0.582305
vn 0.337167 0.739757 0.582305
vn -0.754344 -0.050860 0.654506
vn -0.754344 -0.050860 0.654506
vn -0.754344 -0.050860 0.654506
vn -0.754344 -0.050860 0.654506
vn -0.370780 -0.672665 -0.640347
vn -0.370780 -0.672665 -0.640347
vn -0.370780 -0.672665 -0.640347
vn -0.370780 -0.672665 -0.640347
vn 0.851147 0.007484 -0.524874
vn 0.851147 0.007484 -0.524874
vn 0.851147 0.007484 -0.524874
vn 0.851147 0.007484 -0.524874
vn 0.352114 0.711475 0.608127
vn 0.352114 0.711476 0.608127
vn 0.352114 0.711476 0.608127
vn 0.352114 0.711475 0.608127
vn -0.783249 -0.042991 0.620221
vn -0.783249 -0.042991 0.620221
vn -0.783249 -0.042991 0.620221
vn -0.783248 -0.042991 0.620221
vn -0.383056 -0.644720 -0.661516
vn -0.383056 -0.644720 -0.661517
vn -0.383056 -0.644720 -0.661516
vn -0.383056 -0.644720 -0.661516
vn 0.744662 0.153815 -0.649476
vn 0.744662 0.153815 -0.649476
vn 0.744662 0.153815 -0.649476
vn 0.744662 0.153815 -0.649476
vn -0.185007 -0.808073 0.559277
vn -0.185007 -0.808073 0.559277
vn -0.185007 -0.808073 0.559277
vn -0.185007 -0.808073 0.559277
vn 0.854375 0.381964 0.352346
vn 0.854375 0.381964 0.352346
vn 0.854374 0.381964 0.352346
vn 0.854375 0.381964 0.352346
vn 0.206777 0.752612 -0.625155
vn 0.206777 0.752612 -0.625155
vn 0.206777 0.752612 -0.625155
vn 0.206777 0.752612 -0.625155
vn -0.694465 0.632016 -0.343909
vn -0.694465 0.632016 -0.343909
vn -0.694465 0.632016 -0.343909
vn -0.694465 0.632016 -0.343909
vn -0.708815 -0.048016 0.703758
vn -0.708815 -0.048016 0.703758
vn -0.708815 -0.048016 0.703758
vn -0.708815 -0.048016 0.703758
vn 0.543956 0.587915 0.598721
vn 0.543956 0.587915 0.598721
vn 0.543956 0.587915 0.598721
vn 0.543956 0.587915 0.598721
vn 0.680431 0.283975 -0.675553
vn 0.680431 0.283975 -0.675553
vn 0.680431 0.283975 -0.675553
vn 0.680431 0.283975 -0.675553
vn -0.639017 0.010507 -0.769120
vn -0.639018 0.010507 -0.769121
vn -0.639018 0.010507 -0.769120
vn -0.639018 0.010507 -0.769120
vn 0.779062 0.626946 0.000000
vn 0.779062 0.626946 0.000000
vn 0.994199 -0.107558 0.000000
vn 0.994199 -0.107558 0.000000
vn 0.626945 -0.779063 0.000000
vn 0.626945 -0.779063 0.000000
vn -0.107561 -0.994199 0.000000
vn -0.107561 -0.994199 0.000000
vn -0.779060 -0.626949 0.000000
vn -0.779060 -0.626949 0.000000
vn -0.994198 0.107563 0.000000
vn -0.994198 0.107563 0.000000
vn -0.626947 0.779062 0.000000
vn -0.626947 0.779062 0.000000
vn 0.010187 0.142010 0.989813
vn 0.010187 0.142010 0.989813
vn 0.010187 0.142010 0.989813
vn 0.010187 0.142010 0.989813
vn 0.921617 0.388101 -0.000003
vn 0.921617 0.388101 -0.000003
vn 0.921617 0.388101 -0.000003
vn 0.921617 0.388101 -0.000003
vn -0.002021 -0.027921 -0.999608
vn -0.002021 -0.027921 -0.999608
vn -0.002021 -0.027921 -0.999608
vn -0.002021 -0.027921 -0.999608
vn -0.926965 0.375148 -0.000000
vn -0.926965 0.375148 -0.000000
vn -0.926965 0.375148 -0.000000
vn -0.926965 0.375148 -0.000000
vn -0.926966 0.375144 0.000000
vn -0.926966 0.375144 0.000000
vn -0.926966 0.375144 0.000000
vn -0.926966 0.375144 0.000000
vn 0.002021 0.027921 0.999608
vn 0.002021 0.027921 0.999608
vn 0.002021 0.027921 0.999608
vn 0.002021 0.027921 0.999608
vn 0.921619 0.388097 0.000003
vn 0.921619 0.388097 0.000003
vn 0.921619 0.388097 0.000003
vn 0.921619 0.388097 0.000003
vn 0.011447 0.159823 -0.987079
vn 0.011447 0.159823 -0.987079
vn 0.011447 0.159823 -0.987079
vn 0.011447 0.159823 -0.987079
s 1
g pCylinder8
usemtl initialShadingGroup
f 20/38/1 23/41/2 394/501/3 387/493/4
s 2
f 23/41/5 25/43/6 393/500/7 394/501/8
s 3
f 25/43/9 27/45/10 392/499/11 393/500/12
s 4
f 27/45/13 29/47/14 391/498/15 392/499/16
s 5
f 29/47/17 31/49/18 390/497/19 391/498/20
s 6
f 31/49/21 33/51/22 389/496/23 390/497/24
s 7
f 33/51/25 19/53/26 388/494/27 389/496/28
s 8
f 2/2/29 1/1/30 17/35/31
f 3/3/32 2/2/29 17/35/31
f 4/4/33 3/3/32 17/35/31
f 5/5/34 4/4/33 17/35/31
f 6/6/35 5/5/34 17/35/31
f 7/7/36 6/6/35 17/35/31
f 8/8/37 7/7/36 17/35/31
f 1/1/30 8/8/37 17/35/31
s 9
f 9/33/38 10/32/39 18/36/40
f 10/32/39 11/31/41 18/36/40
f 11/31/41 12/30/42 18/36/40
f 12/30/42 13/29/43 18/36/40
f 13/29/43 14/28/44 18/36/40
f 14/28/44 15/27/45 18/36/40
f 15/27/45 16/34/46 18/36/40
f 16/34/46 9/33/38 18/36/40
s off
f 1/9/47 2/10/48 20/38/49 19/37/50
f 10/19/51 9/18/52 22/40/53 21/39/54
f 2/10/55 3/11/56 23/41/57 20/38/58
f 11/20/59 10/19/60 21/39/61 24/42/62
f 3/11/63 4/12/64 25/43/65 23/41/66
f 12/21/67 11/20/68 24/42/69 26/44/70
f 4/12/71 5/13/72 27/45/73 25/43/74
f 13/22/75 12/21/76 26/44/77 28/46/78
f 5/13/79 6/14/80 29/47/81 27/45/82
f 14/23/83 13/22/84 28/46/85 30/48/86
f 6/14/87 7/15/88 31/49/89 29/47/90
f 15/24/91 14/23/92 30/48/93 32/50/94
f 7/15/95 8/16/96 33/51/97 31/49/98
f 16/25/99 15/24/100 32/50/101 34/52/102
f 8/16/103 1/17/104 19/53/105 33/51/106
f 9/26/107 16/25/108 34/52/109 22/54/110
f 54/56/111 57/59/112 58/60/113 55/57/114
f 57/59/115 59/61/116 60/62/117 58/60/118
f 59/61/119 61/63/120 62/64/121 60/62/122
f 61/63/123 63/65/124 64/66/125 62/64/126
f 63/65/127 65/67/128 66/68/129 64/66/130
f 65/67/131 67/69/132 68/70/133 66/68/134
f 67/69/135 53/71/136 56/72/137 68/70/138
s 10
f 36/73/139 35/74/140 51/75/141
f 37/76/142 36/73/139 51/75/141
f 38/77/143 37/76/142 51/75/141
f 39/78/144 38/77/143 51/75/141
f 40/79/145 39/78/144 51/75/141
f 41/80/146 40/79/145 51/75/141
f 42/81/147 41/80/146 51/75/141
f 35/74/140 42/81/147 51/75/141
s 11
f 43/82/148 44/83/149 52/84/150
f 44/83/149 45/85/151 52/84/150
f 45/85/151 46/86/152 52/84/150
f 46/86/152 47/87/153 52/84/150
f 47/87/153 48/88/154 52/84/150
f 48/88/154 49/89/155 52/84/150
f 49/89/155 50/90/156 52/84/150
f 50/90/156 43/82/148 52/84/150
s off
f 35/91/157 36/92/158 54/56/159 53/55/160
f 44/93/161 43/94/162 56/58/163 55/57/164
f 36/92/165 37/95/166 57/59/167 54/56/168
f 45/96/169 44/93/170 55/57/171 58/60/172
f 37/95/173 38/97/174 59/61/175 57/59/176
f 46/98/177 45/96/178 58/60/179 60/62/180
f 38/97/181 39/99/182 61/63/183 59/61/184
f 47/100/185 46/98/186 60/62/187 62/64/188
f 39/99/189 40/101/190 63/65/191 61/63/192
f 48/102/193 47/100/194 62/64/195 64/66/196
f 40/101/197 41/103/198 65/67/199 63/65/200
f 49/104/201 48/102/202 64/66/203 66/68/204
f 41/103/205 42/105/206 67/69/207 65/67/208
f 50/106/209 49/104/210 66/68/211 68/70/212
f 42/105/213 35/107/214 53/71/215 67/69/216
f 43/108/217 50/106/218 68/70/219 56/72/220
f 88/110/221 91/113/222 92/114/223 89/111/224
f 91/113/225 93/115/226 94/116/227 92/114/228
f 93/115/229 95/117/230 96/118/231 94/116/232
f 95/117/233 97/119/234 98/120/235 96/118/236
f 97/119/237 99/121/238 100/122/239 98/120/240
f 99/121/241 101/123/242 102/124/243 100/122/244
f 101/123/245 87/125/246 90/126/247 102/124/248
s 12
f 70/127/249 69/128/250 85/129/251
f 71/130/252 70/127/249 85/129/251
f 72/131/253 71/130/252 85/129/251
f 73/132/254 72/131/253 85/129/251
f 74/133/255 73/132/254 85/129/251
f 75/134/256 74/133/255 85/129/251
f 76/135/257 75/134/256 85/129/251
f 69/128/250 76/135/257 85/129/251
s 13
f 77/136/258 78/137/259 86/138/260
f 78/137/259 79/139/261 86/138/260
f 79/139/261 80/140/262 86/138/260
f 80/140/262 81/141/263 86/138/260
f 81/141/263 82/142/264 86/138/260
f 82/142/264 83/143/265 86/138/260
f 83/143/265 84/144/266 86/138/260
f 84/144/266 77/136/258 86/138/260
s off
f 69/145/267 70/146/268 88/110/269 87/109/270
f 78/147/271 77/148/272 90/112/273 89/111/274
f 70/146/275 71/149/276 91/113/277 88/110/278
f 79/150/279 78/147/280 89/111/281 92/114/282
f 71/149/283 72/151/284 93/115/285 91/113/286
f 80/152/287 79/150/288 92/114/289 94/116/290
f 72/151/291 73/153/292 95/117/293 93/115/294
f 81/154/295 80/152/296 94/116/297 96/118/298
f 73/153/299 74/155/300 97/119/301 95/117/302
f 82/156/303 81/154/304 96/118/305 98/120/306
f 74/155/307 75/157/308 99/121/309 97/119/310
f 83/158/311 82/156/312 98/120/313 100/122/314
f 75/157/315 76/159/316 101/123/317 99/121/318
f 84/160/319 83/158/320 100/122/321 102/124/322
f 76/159/323 69/161/324 87/125/325 101/123/326
f 77/162/327 84/160/328 102/124/329 90/126/330
s 14
f 104/163/331 105/164/332 107/165/333 106/166/334
f 105/167/332 104/168/331 122/169/335 123/170/336
f 106/166/334 107/171/333 109/172/337 108/173/338
f 108/173/338 109/174/337 111/175/339 110/176/340
s 15
f 110/176/341 111/177/342 113/178/343 112/179/344
f 112/179/344 113/180/343 115/181/345 114/182/346
s 14
f 114/182/347 115/183/348 117/184/349 116/185/350
f 116/185/350 117/186/349 119/187/351 118/188/352
f 118/188/352 119/189/351 121/190/353 120/191/354
f 120/191/354 121/192/353 123/193/336 122/169/335
s 17
f 124/194/355 125/195/356 143/196/357 142/197/358
f 125/198/356 124/199/355 126/200/359 127/201/360
f 127/202/360 126/200/359 128/203/361 129/204/362
f 129/205/362 128/203/361 130/206/363 131/207/364
s 18
f 166/208/365 165/209/366 167/210/367 168/211/368
f 168/212/368 167/210/367 169/213/369 170/214/370
s 17
f 135/215/371 134/216/372 136/217/373 137/218/374
f 137/219/374 136/217/373 138/220/375 139/221/376
f 139/222/376 138/220/375 140/223/377 141/224/378
f 141/225/378 140/223/377 142/197/358 143/226/357
s off
f 104/163/379 106/166/380 126/200/381 124/199/382
f 106/166/383 108/173/384 128/203/385 126/200/386
s 20
f 110/176/387 112/179/388 132/227/389 130/206/390
f 112/179/388 114/182/391 134/216/392 132/227/389
s off
f 116/185/393 118/188/394 138/220/395 136/217/396
f 118/188/397 120/191/398 140/223/399 138/220/400
f 120/191/401 122/169/402 142/197/403 140/223/404
f 122/169/405 104/168/406 124/194/407 142/197/408
s 21
f 107/228/409 105/229/410 151/230/411 152/231/412
f 109/232/413 107/228/409 152/231/412 153/233/414
f 111/234/415 109/232/413 153/233/414 144/235/416
f 113/236/417 111/234/415 144/235/416 145/237/418
f 115/238/419 113/236/417 145/237/418 146/239/420
f 117/240/421 115/238/419 146/239/420 147/241/422
f 119/242/423 117/240/421 147/241/422 148/243/424
f 121/244/425 119/242/423 148/243/424 149/245/426
f 123/246/427 121/244/425 149/245/426 150/247/428
f 105/229/410 123/246/427 150/247/428 151/230/411
s 22
f 125/248/429 127/249/430 103/250/431
f 127/249/430 129/251/432 103/250/431
f 129/251/432 131/252/433 103/250/431
f 131/252/433 133/253/434 103/250/431
f 133/253/434 135/254/435 103/250/431
f 135/254/435 137/255/436 103/250/431
f 137/255/436 139/256/437 103/250/431
f 139/256/437 141/257/438 103/250/431
f 141/257/438 143/258/439 103/250/431
f 143/258/439 125/248/429 103/250/431
s 23
f 155/259/440 154/260/441 156/261/442
f 157/262/443 155/259/440 156/261/442
f 158/263/444 157/262/443 156/261/442
f 159/264/445 158/263/444 156/261/442
f 160/265/446 159/264/445 156/261/442
f 161/266/447 160/265/446 156/261/442
f 162/267/448 161/266/447 156/261/442
f 163/268/449 162/267/448 156/261/442
f 164/269/450 163/268/449 156/261/442
f 154/260/441 164/269/450 156/261/442
s 24
f 145/237/451 144/235/452 311/270/453 312/271/454
s 25
f 146/239/455 145/237/456 312/271/457 313/272/458
s 26
f 147/241/459 146/239/460 313/272/461 314/273/462
s 27
f 148/243/463 147/241/464 314/273/465 315/274/466
s 28
f 149/245/467 148/243/468 315/274/469 316/275/470
s 29
f 150/247/471 149/245/472 316/275/473 317/276/474
s 30
f 151/230/475 150/247/476 317/276/477 318/277/478
s 31
f 152/231/479 151/230/480 318/277/481 319/278/482
s 32
f 153/233/483 152/231/484 319/278/485 320/279/486
s 33
f 144/235/487 153/233/488 320/279/489 311/270/490
s 34
f 131/280/491 130/206/492 183/281/493 184/282/494
s 35
f 130/206/495 132/227/496 188/283/497 183/281/498
s 36
f 133/284/499 131/280/500 184/282/501 185/285/502
s 37
f 132/227/503 134/216/504 187/286/505 188/283/506
s 38
f 134/216/507 135/287/508 186/288/509 187/286/510
s 39
f 135/287/511 133/289/512 185/290/513 186/288/514
s 34
f 172/291/515 171/292/516 165/209/517 166/208/518
s 36
f 173/293/519 172/291/520 166/208/521 168/211/522
s 39
f 174/294/523 173/295/524 168/212/525 170/214/526
s 38
f 175/296/527 174/294/528 170/214/529 169/213/530
s 37
f 176/297/531 175/296/532 169/213/533 167/210/534
s 35
f 171/292/535 176/297/536 167/210/537 165/209/538
s 34
f 178/298/539 177/299/540 171/292/516 172/291/515
s 36
f 179/300/541 178/298/542 172/291/520 173/293/519
s 39
f 180/301/543 179/302/544 173/295/524 174/294/523
s 38
f 181/303/545 180/301/546 174/294/528 175/296/527
s 37
f 182/304/547 181/303/548 175/296/532 176/297/531
s 35
f 177/299/549 182/304/550 176/297/536 171/292/535
s 34
f 184/282/494 183/281/493 177/299/540 178/298/539
s 36
f 185/285/502 184/282/501 178/298/542 179/300/541
s 39
f 186/288/514 185/290/513 179/302/544 180/301/543
s 38
f 187/286/510 186/288/509 180/301/546 181/303/545
s 37
f 188/283/506 187/286/505 181/303/548 182/304/547
s 35
f 183/281/498 188/283/497 182/304/550 177/299/549
s 46
f 108/173/551 110/176/552 190/305/553 189/306/554 196/307/555 195/308/556
f 110/176/557 130/206/558 200/309/559 199/310/560 191/311/561 190/305/553
f 130/206/562 128/203/563 206/312/564 205/313/565 201/314/566 200/309/559
f 128/203/567 108/173/568 195/308/556 194/315/569 207/316/570 206/312/564
s 49
f 114/182/571 116/185/572 227/317/573 226/318/574 233/319/575 232/320/576
f 116/185/577 136/217/578 237/321/579 236/322/580 228/323/581 227/317/573
f 136/217/582 134/216/583 242/324/584 241/325/585 238/326/586 237/321/579
f 134/216/587 114/182/588 232/320/576 231/327/589 243/328/590 242/324/584
s off
f 288/329/591 287/330/592 289/331/593 290/332/594 291/333/595 292/334/596 293/335/597 294/336/598
s 52
f 189/306/599 191/311/600 193/337/601 192/338/602
f 192/338/602 193/337/601 211/339/603 210/340/604
s 53
f 194/315/605 196/307/606 198/341/607 197/342/608
f 197/342/608 198/341/607 213/343/609 212/344/610
s off
f 199/310/611 201/314/612 204/345/613 203/346/614
f 202/347/615 204/345/616 221/348/617 220/349/618
f 205/313/619 207/316/620 209/350/621 208/351/622
f 208/351/623 209/350/624 218/352/625 219/353/626
s 52
f 210/340/604 211/339/603 215/354/627 214/355/628
s 54
f 212/344/629 213/343/630 217/356/631 216/357/632
s 52
f 214/355/628 215/354/627 224/358/633 225/359/634
s 54
f 216/357/632 217/356/631 222/360/635 223/361/636
s 55
f 213/343/637 210/340/638 214/355/639 217/356/640
s 56
f 198/341/641 196/307/642 189/306/643 192/338/644
s 57
f 193/337/645 191/311/646 199/310/647 203/346/648
s off
f 204/345/649 201/314/650 205/313/651 208/351/652
s 58
f 209/350/653 207/316/654 194/315/655 197/342/656
s 56
f 198/341/641 192/338/644 210/340/657 213/343/658
s 57
f 193/337/645 203/346/648 202/347/659 215/354/660 211/339/661
s 58
f 209/350/653 197/342/656 212/344/662 216/357/663
s off
f 221/348/664 204/345/665 208/351/666 219/353/667
s 58
f 209/350/653 216/357/663 223/361/668 218/352/669
s 55
f 217/356/640 214/355/639 225/359/670 222/360/671
s 57
f 215/354/660 202/347/659 220/349/672 224/358/673
s 46
f 189/306/554 190/305/553 191/311/561
f 194/315/569 195/308/556 196/307/555
f 199/310/560 200/309/559 201/314/566
s off
f 202/347/674 203/346/675 204/345/676
s 46
f 205/313/565 206/312/564 207/316/570
s off
f 304/362/677 303/363/678 305/364/679 306/365/680 307/366/681 308/367/682 309/368/683 310/369/684
s 59
f 226/318/685 228/323/686 230/370/687 229/371/688
f 229/371/688 230/370/687 248/372/689 247/373/690
s 60
f 231/327/691 233/319/692 235/374/693 234/375/694
f 234/375/694 235/374/693 250/376/695 249/377/696
s off
f 236/322/697 238/326/698 240/378/699 239/379/700
f 239/379/701 240/378/702 258/380/703 257/381/704
f 241/325/705 243/328/706 245/382/707 244/383/708
f 244/383/709 246/384/710 255/385/711 256/386/712
s 59
f 247/373/690 248/372/689 252/387/713 251/388/714
s 60
f 249/377/696 250/376/695 254/389/715 253/390/716
s 59
f 251/388/714 252/387/713 261/391/717 262/392/718
s off
f 253/390/719 254/389/720 259/393/721 260/394/722
f 250/376/723 247/373/724 251/388/725 254/389/726
s 61
f 235/374/727 233/319/728 226/318/729 229/371/730
s 62
f 230/370/731 228/323/732 236/322/733 239/379/734
s off
f 240/378/735 238/326/736 241/325/737 244/383/738
s 63
f 245/382/739 243/328/740 231/327/741 234/375/742
s 61
f 235/374/727 229/371/730 247/373/743 250/376/744
s 62
f 230/370/731 239/379/734 252/387/745 248/372/746
s off
f 240/378/747 244/383/748 256/386/749 258/380/750
s 63
f 255/385/751 246/384/752 253/390/753 260/394/754
s off
f 254/389/755 251/388/756 262/392/757 259/393/758
s 62
f 252/387/745 239/379/734 257/381/759 261/391/760
s 63
f 246/384/752 245/382/739 234/375/742 249/377/761 253/390/753
s 49
f 226/318/574 227/317/573 228/323/581
f 231/327/589 232/320/576 233/319/575
f 236/322/580 237/321/579 238/326/586
f 241/325/585 242/324/584 243/328/590
s off
f 244/383/762 245/382/763 246/384/764
f 220/349/765 221/348/766 263/395/767 264/396/768
f 221/348/769 219/353/770 265/397/771 263/395/772
f 219/353/773 218/352/774 266/398/775 265/397/776
f 218/352/777 223/361/778 267/399/779 266/398/780
f 223/361/781 222/360/782 268/400/783 267/399/784
f 222/360/785 225/359/786 269/401/787 268/400/788
f 225/359/789 224/358/790 270/402/791 269/401/792
f 224/358/793 220/349/794 264/396/795 270/402/796
f 257/381/797 258/380/798 271/403/799 272/404/800
f 258/380/801 256/386/802 273/405/803 271/403/804
f 256/386/805 255/385/806 274/406/807 273/405/808
f 255/385/809 260/394/810 275/407/811 274/406/812
f 260/394/813 259/393/814 276/408/815 275/407/816
f 259/393/817 262/392/818 277/409/819 276/408/820
f 262/392/821 261/391/822 278/410/823 277/409/824
f 261/391/825 257/381/826 272/404/827 278/410/828
f 264/396/829 263/395/830 279/411/831 280/412/832
f 263/395/833 265/397/834 281/413/835 279/411/836
f 265/397/837 266/398/838 282/414/839 281/413/840
f 266/398/841 267/399/842 283/415/843 282/414/844
f 267/399/845 268/400/846 284/416/847 283/415/848
f 268/400/849 269/401/850 285/417/851 284/416/852
f 269/401/853 270/402/854 286/418/855 285/417/856
f 270/402/857 264/396/858 280/412/859 286/418/860
f 280/412/861 279/411/862 287/330/863 288/329/864
f 279/411/865 281/413/866 289/331/867 287/330/868
f 281/413/869 282/414/870 290/332/871 289/331/872
f 282/414/873 283/415/874 291/333/875 290/332/876
f 283/415/877 284/416/878 292/334/879 291/333/880
f 284/416/881 285/417/882 293/335/883 292/334/884
f 285/417/885 286/418/886 294/336/887 293/335/888
f 286/418/889 280/412/890 288/329/891 294/336/892
f 272/404/893 271/403/894 295/419/895 296/420/896
f 271/403/897 273/405/898 297/421/899 295/419/900
f 273/405/901 274/406/902 298/422/903 297/421/904
f 274/406/905 275/407/906 299/423/907 298/422/908
f 275/407/909 276/408/910 300/424/911 299/423/912
f 276/408/913 277/409/914 301/425/915 300/424/916
f 277/409/917 278/410/918 302/426/919 301/425/920
f 278/410/921 272/404/922 296/420/923 302/426/924
f 296/420/925 295/419/926 303/363/927 304/362/928
f 295/419/929 297/421/930 305/364/931 303/363/932
f 297/421/933 298/422/934 306/365/935 305/364/936
f 298/422/937 299/423/938 307/366/939 306/365/940
f 299/423/941 300/424/942 308/367/943 307/366/944
f 300/424/945 301/425/946 309/368/947 308/367/948
f 301/425/949 302/426/950 310/369/951 309/368/952
f 302/426/953 296/420/954 304/362/955 310/369/956
s 24
f 312/271/454 311/270/453 321/427/957 322/428/958
s 25
f 313/272/458 312/271/457 322/428/959 323/429/960
s 26
f 314/273/462 313/272/461 323/429/961 324/430/962
s 27
f 315/274/466 314/273/465 324/430/963 325/431/964
s 28
f 316/275/470 315/274/469 325/431/965 326/432/966
s 29
f 317/276/474 316/275/473 326/432/967 327/433/968
s 30
f 318/277/478 317/276/477 327/433/969 328/434/970
s 31
f 319/278/482 318/277/481 328/434/971 329/435/972
s 32
f 320/279/486 319/278/485 329/435/973 330/436/974
s 33
f 311/270/490 320/279/489 330/436/975 321/427/976
s 26
f 324/430/962 323/429/961 157/262/977 158/263/978
s 27
f 325/431/964 324/430/963 158/263/979 159/264/980
s 29
f 327/433/968 326/432/967 160/265/981 161/266/982
s 30
f 328/434/970 327/433/969 161/266/983 162/267/984
s 32
f 330/436/974 329/435/973 163/268/985 164/269/986
s 33
f 321/427/976 330/436/975 164/269/987 154/260/988
s off
f 322/428/989 321/427/990 331/451/991 332/452/992
f 321/427/993 154/260/994 333/453/995 331/451/996
f 154/260/997 155/259/998 334/454/999 333/453/1000
f 323/429/1001 322/428/1002 332/452/1003 335/455/1004
f 155/259/1005 157/262/1006 336/456/1007 334/454/1008
f 157/262/1009 323/429/1010 335/455/1011 336/456/1012
f 326/432/1013 325/431/1014 337/457/1015 338/458/1016
f 325/431/1017 159/264/1018 339/459/1019 337/457/1020
f 159/264/1021 160/265/1022 340/460/1023 339/459/1024
f 160/265/1025 326/432/1026 338/458/1027 340/460/1028
f 329/435/1029 328/434/1030 341/461/1031 342/462/1032
f 328/434/1033 162/267/1034 343/463/1035 341/461/1036
f 162/267/1037 163/268/1038 344/464/1039 343/463/1040
f 163/268/1041 329/435/1042 342/462/1043 344/464/1044
f 332/452/1045 331/451/1046 345/465/1047 346/466/1048
f 331/451/1049 333/453/1050 347/467/1051 345/465/1052
f 333/453/1053 334/454/1054 348/468/1055 347/467/1056
f 335/455/1057 332/452/1058 346/466/1059 349/469/1060
f 334/454/1061 336/456/1062 350/470/1063 348/468/1064
f 336/456/1065 335/455/1066 349/469/1067 350/470/1068
f 346/466/1069 345/465/1070 351/471/1071 352/472/1072
f 345/465/1073 347/467/1074 353/473/1075 351/471/1076
f 347/467/1077 348/468/1078 354/474/1079 353/473/1080
f 349/469/1081 346/466/1082 352/472/1083 355/475/1084
f 348/468/1085 350/470/1086 356/476/1087 354/474/1088
f 350/470/1089 349/469/1090 355/475/1091 356/476/1092
f 352/472/1093 351/471/1094 357/438/1095 358/437/1096
f 351/471/1097 353/473/1098 359/439/1099 357/438/1100
f 353/473/1101 354/474/1102 360/440/1103 359/439/1104
f 355/475/1105 352/472/1106 358/437/1107 361/441/1108
f 354/474/1109 356/476/1110 362/442/1111 360/440/1112
f 356/476/1113 355/475/1114 361/441/1115 362/442/1116
f 342/462/1117 341/461/1118 363/477/1119 364/478/1120
f 341/461/1121 343/463/1122 365/479/1123 363/477/1124
f 343/463/1125 344/464/1126 366/480/1127 365/479/1128
f 344/464/1129 342/462/1130 364/478/1131 366/480/1132
f 364/478/1133 363/477/1134 367/481/1135 368/482/1136
f 363/477/1137 365/479/1138 369/483/1139 367/481/1140
f 365/479/1141 366/480/1142 370/484/1143 369/483/1144
f 366/480/1145 364/478/1146 368/482/1147 370/484/1148
f 368/482/1149 367/481/1150 371/448/1151 372/447/1152
f 367/481/1153 369/483/1154 373/449/1155 371/448/1156
f 369/483/1157 370/484/1158 374/450/1159 373/449/1160
f 370/484/1161 368/482/1162 372/447/1163 374/450/1164
f 338/458/1165 337/457/1166 375/485/1167 376/486/1168
f 337/457/1169 339/459/1170 377/487/1171 375/485/1172
f 339/459/1173 340/460/1174 378/488/1175 377/487/1176
f 340/460/1177 338/458/1178 376/486/1179 378/488/1180
f 376/486/1181 375/485/1182 379/489/1183 380/490/1184
f 375/485/1185 377/487/1186 381/491/1187 379/489/1188
f 377/487/1189 378/488/1190 382/492/1191 381/491/1192
f 378/488/1193 376/486/1194 380/490/1195 382/492/1196
f 380/490/1197 379/489/1198 383/444/1199 384/443/1200
f 379/489/1201 381/491/1202 385/445/1203 383/444/1204
f 381/491/1205 382/492/1206 386/446/1207 385/445/1208
f 382/492/1209 380/490/1210 384/443/1211 386/446/1212
f 88/110/1213 89/111/1214 373/449/1215 374/450/1216
f 89/111/1217 90/112/1218 371/448/1219 373/449/1220
f 90/126/1221 87/125/1222 372/447/1223 371/448/1224
f 87/109/1225 88/110/1226 374/450/1227 372/447/1228
f 54/56/1229 55/57/1230 383/444/1231 385/445/1232
f 55/57/1233 56/58/1234 384/443/1235 383/444/1236
f 56/72/1237 53/71/1238 386/446/1239 384/443/1240
f 53/55/1241 54/56/1242 385/445/1243 386/446/1244
s 7
f 389/496/28 388/494/27 22/54/1245 34/52/1246
s 6
f 390/497/24 389/496/23 34/52/1247 32/50/1248
s 5
f 391/498/20 390/497/19 32/50/1249 30/48/1250
s 4
f 392/499/16 391/498/15 30/48/1251 28/46/1252
s 3
f 393/500/12 392/499/11 28/46/1253 26/44/1254
s 2
f 394/501/8 393/500/7 26/44/1255 24/42/1256
s 1
f 387/493/4 394/501/3 24/42/1257 21/39/1258
s off
f 21/39/1259 22/40/1260 362/442/1261 361/441/1262
f 22/54/1263 388/494/1264 360/440/1265 362/442/1266
f 388/495/1267 387/493/1268 358/437/1269 360/440/1270
f 387/493/1271 21/39/1272 361/441/1273 358/437/1274
f 20/38/1275 387/493/1276 358/437/1277 357/438/1278
f 387/493/1279 388/495/1280 360/440/1281 358/437/1282
f 388/494/1283 19/53/1284 359/439/1285 360/440/1286
f 19/37/1287 20/38/1288 357/438/1289 359/439/1290
g default
v 6.852596 1.863731 27.154003
v 9.894197 1.863731 27.154003
v 6.852596 2.044993 27.154003
v 9.894197 2.044993 27.154003
v 6.852596 2.044993 21.002011
v 9.894197 2.044993 21.002011
v 6.852596 1.863731 21.002008
v 9.894197 1.863731 21.002008
v 6.852596 2.044993 25.660459
v 6.852596 1.863731 25.660459
v 9.894197 1.863731 25.660459
v 9.894197 2.044993 25.660459
v 9.771539 1.863731 27.154003
v 9.771539 2.044993 27.154003
v 9.771537 2.044993 25.660459
v 9.771539 2.044993 21.002011
v 9.771539 1.863731 21.002008
v 9.771539 1.863731 25.660459
v 6.852596 1.863731 21.130344
v 6.852596 2.044993 21.130349
v 9.771539 2.044993 21.130349
v 9.894197 2.044993 21.130349
v 9.894197 1.863731 21.130344
v 9.771539 1.863731 21.130344
v 6.852596 -0.047651 25.660459
v 9.771539 -0.047651 25.660459
v 9.771539 -0.047651 27.154003
v 6.852596 -0.047651 27.154003
v 6.852596 -0.047651 21.002008
v 9.771539 -0.047651 21.002008
v 9.771539 -0.047651 21.130344
v 6.852596 -0.047651 21.130344
v 9.894197 -0.047651 21.130344
v 9.894197 -0.047651 21.002008
v 9.894197 -0.047651 25.660459
v 9.894197 -0.047651 27.154003
v 6.852596 0.944777 25.660459
v 6.852596 0.944777 27.154003
v 9.771539 0.944777 27.154003
v 9.894197 0.944777 27.154003
v 9.894197 0.944777 25.660459
v 9.894197 0.944777 21.130344
v 9.894197 0.944777 21.002008
v 9.771539 0.944777 21.002008
v 6.852596 0.944777 21.002008
v 6.852596 0.944777 21.130344
v 9.771539 0.944777 21.130344
v 9.771539 0.944777 25.660459
v 6.852596 0.879988 25.757963
v 6.852596 0.879988 27.056503
v 6.852596 0.017135 25.757963
v 6.852596 0.017135 27.056503
v 6.852596 1.804443 25.756819
v 6.852596 1.804443 27.057644
v 6.852596 1.004066 25.756819
v 6.852596 1.004066 27.057644
v 6.873843 1.772860 25.819534
v 6.873843 1.772860 26.994931
v 6.873843 1.043333 25.819534
v 6.873843 1.043333 26.994931
v 6.873843 0.844658 25.820567
v 6.873843 0.844658 26.993902
v 6.873843 0.040785 25.820567
v 6.873843 0.040785 26.993902
v 6.830708 1.772860 25.819534
v 6.830708 1.772860 26.994931
v 6.830708 1.043333 25.819534
v 6.830708 1.043333 26.994931
v 6.830708 0.844658 25.820567
v 6.830708 0.844658 26.993902
v 6.830708 0.040785 25.820567
v 6.830708 0.040785 26.993902
v 6.830708 1.631053 26.077365
v 6.830708 1.631053 26.732380
v 6.830708 1.569155 26.077365
v 6.830708 1.569155 26.732380
v 6.830708 0.701065 26.084602
v 6.830708 0.701065 26.743293
v 6.830708 0.630341 26.084602
v 6.830708 0.630341 26.743293
v 6.830708 1.631053 26.115113
v 6.830708 1.569155 26.115113
v 6.830708 0.701065 26.137297
v 6.830708 0.630341 26.137297
v 6.830708 1.631053 26.691499
v 6.830708 1.569155 26.691499
v 6.830708 0.701065 26.701276
v 6.830708 0.630341 26.701276
v 6.763468 1.631053 26.691499
v 6.763468 1.631053 26.732380
v 6.763468 1.569155 26.691499
v 6.763468 1.569155 26.732380
v 6.763468 0.701065 26.701276
v 6.763468 0.701065 26.743293
v 6.763468 0.630341 26.701276
v 6.763468 0.630341 26.743293
v 6.763468 1.631053 26.115113
v 6.763468 1.569155 26.115113
v 6.763468 1.631053 26.077365
v 6.763468 1.569155 26.077365
v 6.763468 0.701065 26.137297
v 6.763468 0.630341 26.137297
v 6.763468 0.701065 26.084602
v 6.763468 0.630341 26.084602
v 6.739535 1.631053 26.654552
v 6.713020 1.631053 26.675767
v 6.739535 1.569155 26.654552
v 6.713020 1.569155 26.675767
v 6.737712 0.701065 26.650213
v 6.704267 0.701065 26.671299
v 6.737712 0.630341 26.650213
v 6.704267 0.630341 26.671299
v 6.738855 1.631053 26.150403
v 6.738855 1.569155 26.150403
v 6.713020 1.631053 26.133979
v 6.713020 1.569155 26.133979
v 6.737712 0.701065 26.188360
v 6.737712 0.630341 26.188360
v 6.704267 0.701065 26.156596
v 6.704267 0.630341 26.156596
v 6.739157 1.631053 26.463948
v 6.708274 1.631053 26.468967
v 6.739157 1.569155 26.463948
v 6.708274 1.569155 26.468967
v 6.737318 1.631053 26.344663
v 6.737318 1.569155 26.344663
v 6.708274 1.631053 26.340779
v 6.708274 1.569155 26.340779
v 6.740812 0.701065 26.468201
v 6.701157 0.701065 26.468201
v 6.740812 0.630341 26.468201
v 6.701157 0.630341 26.468201
v 6.739493 0.701065 26.360870
v 6.739493 0.630341 26.360870
v 6.702477 0.701065 26.360870
v 6.702477 0.630341 26.360870
vt 0.375000 0.000000
vt 0.625000 0.000000
vt 0.375000 0.250000
vt 0.625000 0.250000
vt 0.375000 0.500000
vt 0.625000 0.500000
vt 0.375000 0.750000
vt 0.625000 0.750000
vt 0.375000 1.000000
vt 0.625000 1.000000
vt 0.875000 0.000000
vt 0.875000 0.250000
vt 0.125000 0.000000
vt 0.125000 0.250000
vt 0.314306 0.250000
vt 0.375000 0.310694
vt 0.314306 0.000000
vt 0.375000 0.939306
vt 0.625000 0.939306
vt 0.685694 0.000000
vt 0.625000 0.310694
vt 0.685694 0.250000
vt 0.614918 0.000000
vt 0.614918 1.000000
vt 0.614918 0.250000
vt 0.614918 0.310694
vt 0.614918 0.500000
vt 0.614918 0.750000
vt 0.614918 0.939306
vt 0.130215 0.000000
vt 0.375000 0.755215
vt 0.130215 0.250000
vt 0.375000 0.494785
vt 0.614918 0.494785
vt 0.625000 0.494785
vt 0.869785 0.250000
vt 0.625000 0.755215
vt 0.869785 0.000000
vt 0.614918 0.755215
vt 0.375000 0.939306
vt 0.614918 0.939306
vt 0.614918 1.000000
vt 0.375000 1.000000
vt 0.375000 0.750000
vt 0.614918 0.750000
vt 0.614918 0.755215
vt 0.375000 0.755215
vt 0.625000 0.750000
vt 0.625000 0.755215
vt 0.625000 0.939306
vt 0.625000 1.000000
vt 0.375000 0.939306
vt 0.375000 1.000000
vt 0.614918 1.000000
vt 0.625000 1.000000
vt 0.625000 0.939306
vt 0.625000 0.755215
vt 0.625000 0.750000
vt 0.614918 0.750000
vt 0.375000 0.750000
vt 0.375000 0.755215
vt 0.614918 0.755215
vt 0.614918 0.939306
vt 0.375000 1.000000
vt 0.375000 0.939306
vt 0.375000 0.939306
vt 0.375000 1.000000
vt 0.375000 1.000000
vt 0.375000 0.939306
vt 0.375000 0.939306
vt 0.375000 1.000000
vt 0.375000 1.000000
vt 0.375000 0.939306
vt 0.375000 0.939306
vt 0.375000 1.000000
vt 0.375000 1.000000
vt 0.375000 0.939306
vt 0.375000 0.939306
vt 0.375000 1.000000
vt 0.375000 1.000000
vt 0.375000 0.939306
vt 0.375000 0.939306
vt 0.375000 1.000000
vt 0.375000 1.000000
vt 0.375000 0.939306
vt 0.375000 0.939306
vt 0.375000 1.000000
vt 0.375000 1.000000
vt 0.375000 0.939306
vt 0.375000 0.939306
vt 0.375000 1.000000
vt 0.375000 1.000000
vt 0.375000 0.939306
vt 0.375000 0.939306
vt 0.375000 1.000000
vt 0.375000 0.944481
vt 0.375000 0.944251
vt 0.375000 0.944016
vt 0.375000 0.944038
vt 0.375000 0.994502
vt 0.375000 0.994792
vt 0.375000 0.993659
vt 0.375000 0.994241
vt 0.375000 0.993659
vt 0.375000 0.994241
vt 0.375000 1.000000
vt 0.375000 1.000000
vt 0.375000 1.000000
vt 0.375000 0.994502
vt 0.375000 0.994792
vt 0.375000 1.000000
vt 0.375000 1.000000
vt 0.375000 0.993659
vt 0.375000 0.994241
vt 0.375000 1.000000
vt 0.375000 0.944251
vt 0.375000 0.944481
vt 0.375000 0.939306
vt 0.375000 0.939306
vt 0.375000 0.944038
vt 0.375000 0.944016
vt 0.375000 0.939306
vt 0.375000 0.939306
vt 0.375000 1.000000
vt 0.375000 0.994502
vt 0.375000 0.994792
vt 0.375000 1.000000
vt 0.375000 1.000000
vt 0.375000 0.993659
vt 0.375000 0.994241
vt 0.375000 1.000000
vt 0.375000 0.944251
vt 0.375000 0.944481
vt 0.375000 0.939306
vt 0.375000 0.939306
vt 0.375000 0.944038
vt 0.375000 0.944016
vt 0.375000 0.939306
vt 0.375000 0.939306
vt 0.375000 1.000000
vt 0.375000 0.994502
vt 0.375000 0.994792
vt 0.375000 1.000000
vt 0.375000 0.944251
vt 0.375000 0.944481
vt 0.375000 0.939306
vt 0.375000 0.939306
vt 0.375000 1.000000
vt 0.375000 0.993659
vt 0.375000 0.994241
vt 0.375000 1.000000
vt 0.375000 0.944038
vt 0.375000 0.944016
vt 0.375000 0.939306
vt 0.375000 0.939306
vn 0.000000 0.000000 1.000000
vn 0.000000 0.000000 1.000000
vn 0.000000 0.000000 1.000000
vn 0.000000 0.000000 1.000000
vn 0.000000 1.000000 0.000000
vn 0.000000 1.000000 0.000000
vn 0.000000 1.000000 0.000000
vn 0.000000 1.000000 0.000000
vn 0.000000 0.000016 -1.000000
vn 0.000000 0.000016 -1.000000
vn 0.000000 0.000016 -1.000000
vn 0.000000 0.000016 -1.000000
vn 0.000000 -1.000000 0.000000
vn 0.000000 -1.000000 0.000000
vn 0.000000 -1.000000 0.000000
vn 0.000000 -1.000000 0.000000
vn 1.000000 0.000000 0.000000
vn 1.000000 0.000000 0.000000
vn 1.000000 0.000000 0.000000
vn 1.000000 0.000000 0.000000
vn -1.000000 0.000000 0.000000
vn -1.000000 0.000000 0.000000
vn -1.000000 0.000000 0.000000
vn -1.000000 0.000000 0.000000
vn -1.000000 -0.000000 0.000000
vn -1.000000 -0.000000 0.000000
vn -1.000000 -0.000000 0.000000
vn -1.000000 -0.000000 0.000000
vn 0.000000 -1.000000 0.000000
vn 0.000000 -1.000000 0.000000
vn 0.000000 -1.000000 0.000000
vn 0.000000 -1.000000 0.000000
vn 1.000000 0.000000 0.000000
vn 1.000000 0.000000 0.000000
vn 1.000000 0.000000 0.000000
vn 1.000000 0.000000 0.000000
vn 0.000000 1.000000 0.000000
vn 0.000000 1.000000 0.000000
vn 0.000000 1.000000 0.000000
vn 0.000000 1.000000 0.000000
vn 0.000000 0.000000 1.000000
vn 0.000000 0.000000 1.000000
vn 0.000000 1.000000 0.000000
vn 0.000000 1.000000 0.000000
vn 0.000000 1.000000 0.000000
vn 0.000000 1.000000 0.000000
vn 0.000000 0.000016 -1.000000
vn 0.000000 0.000016 -1.000000
vn 0.000000 -1.000000 0.000000
vn 0.000000 -1.000000 0.000000
vn 0.000000 -1.000000 0.000000
vn 0.000000 -1.000000 0.000000
vn 0.000000 -1.000000 0.000000
vn 0.000000 -1.000000 0.000000
vn 0.000000 -1.000000 0.000000
vn 0.000000 -1.000000 0.000000
vn 0.000000 0.000000 -1.000000
vn 0.000000 0.000000 -1.000000
vn 0.000000 0.000000 -1.000000
vn 0.000000 0.000000 -1.000000
vn 0.000000 0.000000 1.000000
vn 0.000000 0.000000 1.000000
vn 0.000000 0.000000 1.000000
vn 0.000000 0.000000 1.000000
vn 0.000000 0.000000 -1.000000
vn 0.000000 0.000000 -1.000000
vn 0.000000 0.000000 -1.000000
vn 0.000000 0.000000 -1.000000
vn 0.000000 0.000000 1.000000
vn 0.000000 0.000000 1.000000
vn 0.000000 0.000000 1.000000
vn 0.000000 0.000000 1.000000
vn -1.000000 0.000000 0.000000
vn -1.000000 0.000000 0.000000
vn -1.000000 0.000000 0.000000
vn -1.000000 0.000000 0.000000
vn 0.000000 0.000000 -1.000000
vn 0.000000 0.000000 -1.000000
vn 0.000000 0.000000 -1.000000
vn 0.000000 0.000000 -1.000000
vn 1.000000 0.000000 0.000000
vn 1.000000 0.000000 0.000000
vn 1.000000 0.000000 0.000000
vn 1.000000 0.000000 0.000000
vn 1.000000 0.000000 0.000000
vn 1.000000 0.000000 0.000000
vn 1.000000 0.000000 0.000000
vn 1.000000 0.000000 0.000000
vn 0.000000 0.000000 1.000000
vn 0.000000 0.000000 1.000000
vn 0.000000 0.000000 1.000000
vn 0.000000 0.000000 1.000000
vn -1.000000 0.000000 0.000000
vn -1.000000 0.000000 0.000000
vn -1.000000 0.000000 0.000000
vn -1.000000 0.000000 0.000000
vn 1.000000 0.000000 0.000000
vn 1.000000 0.000000 0.000000
vn 1.000000 0.000000 0.000000
vn 1.000000 0.000000 0.000000
vn 0.000000 0.000000 1.000000
vn 0.000000 0.000000 1.000000
vn 0.000000 0.000000 1.000000
vn 0.000000 0.000000 1.000000
vn 1.000000 0.000000 0.000000
vn 1.000000 0.000000 0.000000
vn 1.000000 0.000000 0.000000
vn 1.000000 0.000000 0.000000
vn 1.000000 0.000000 0.000000
vn 1.000000 0.000000 0.000000
vn 0.000000 0.000000 -1.000000
vn 0.000000 0.000000 -1.000000
vn 0.000000 0.000000 -1.000000
vn 0.000000 0.000000 -1.000000
vn -1.000000 0.000000 0.000000
vn -1.000000 0.000000 0.000000
vn 0.000000 0.000000 1.000000
vn 0.000000 0.000000 1.000000
vn -1.000000 0.000000 0.000000
vn -1.000000 0.000000 0.000000
vn 0.000000 0.000000 -1.000000
vn 0.000000 0.000000 -1.000000
vn -1.000000 0.000001 0.000000
vn -1.000000 0.000001 0.000000
vn -1.000000 0.000001 0.000000
vn -1.000000 0.000001 0.000000
vn -1.000000 0.000000 0.000000
vn -1.000000 0.000000 0.000000
vn -1.000000 0.000000 0.000000
vn -1.000000 0.000000 0.000000
vn -1.000000 -0.000001 0.000000
vn -1.000000 -0.000001 0.000000
vn -1.000000 -0.000001 0.000000
vn -1.000000 -0.000001 0.000000
vn -1.000000 0.000000 0.000000
vn -1.000000 0.000000 0.000000
vn -1.000000 0.000000 0.000000
vn -1.000000 0.000000 0.000000
vn -1.000000 0.000002 0.000000
vn -1.000000 0.000002 0.000000
vn -1.000000 0.000002 0.000000
vn -1.000000 0.000002 0.000000
vn -1.000000 0.000000 0.000000
vn -1.000000 0.000000 0.000000
vn -1.000000 0.000000 0.000000
vn -1.000000 0.000000 0.000000
vn -1.000000 -0.000002 0.000000
vn -1.000000 -0.000002 0.000000
vn -1.000000 -0.000002 0.000000
vn -1.000000 -0.000002 0.000000
vn -1.000000 0.000000 0.000000
vn -1.000000 0.000000 0.000000
vn -1.000000 0.000000 0.000000
vn -1.000000 0.000000 0.000000
vn -0.829708 -0.558197 0.000000
vn -0.829708 -0.558197 0.000000
vn -0.829708 -0.558197 0.000000
vn -0.829708 -0.558197 0.000000
vn -0.947118 0.000000 0.320884
vn -0.947119 0.000000 0.320884
vn -0.947118 0.000000 0.320884
vn -0.947118 0.000000 0.320884
vn -0.879495 0.475908 0.000000
vn -0.879495 0.475908 0.000000
vn -0.879495 0.475908 0.000000
vn -0.879495 0.475908 0.000000
vn -0.947114 0.000000 -0.320897
vn -0.947114 0.000000 -0.320897
vn -0.947114 0.000000 -0.320897
vn -0.947114 0.000000 -0.320897
vn -0.856959 -0.515384 0.000000
vn -0.856959 -0.515384 0.000000
vn -0.856959 -0.515384 0.000000
vn -0.856959 -0.515384 0.000000
vn -0.946945 0.000000 0.321397
vn -0.946945 0.000000 0.321397
vn -0.946945 0.000000 0.321397
vn -0.946945 0.000000 0.321397
vn -0.743870 0.668324 0.000000
vn -0.743870 0.668324 0.000000
vn -0.743870 0.668324 0.000000
vn -0.743870 0.668324 0.000000
vn -0.946939 0.000000 -0.321412
vn -0.946940 0.000000 -0.321412
vn -0.946939 0.000000 -0.321412
vn -0.946940 0.000000 -0.321412
vn 0.000000 1.000000 0.000000
vn 0.000000 1.000000 0.000000
vn 0.000000 1.000000 0.000000
vn 0.000000 1.000000 0.000000
vn 0.000000 0.000000 -1.000000
vn 0.000000 0.000000 -1.000000
vn 0.000000 0.000000 -1.000000
vn 0.000000 0.000000 -1.000000
vn 0.000000 -1.000000 0.000000
vn 0.000000 -1.000000 0.000000
vn 0.000000 -1.000000 0.000000
vn 0.000000 -1.000000 0.000000
vn 0.000000 0.000000 1.000000
vn 0.000000 0.000000 1.000000
vn 0.000000 0.000000 1.000000
vn 0.000000 0.000000 1.000000
vn 0.000000 1.000000 0.000000
vn 0.000000 1.000000 0.000000
vn 0.000000 1.000000 0.000000
vn 0.000000 1.000000 0.000000
vn 0.000000 0.000000 -1.000000
vn 0.000000 0.000000 -1.000000
vn 0.000000 0.000000 -1.000000
vn 0.000000 0.000000 -1.000000
vn 0.000000 -1.000000 0.000000
vn 0.000000 -1.000000 0.000000
vn 0.000000 -1.000000 0.000000
vn 0.000000 -1.000000 0.000000
vn 0.000000 0.000000 1.000000
vn 0.000000 0.000000 1.000000
vn 0.000000 0.000000 1.000000
vn 0.000000 0.000000 1.000000
vn -1.000000 -0.000000 0.000000
vn -1.000000 -0.000000 0.000000
vn -1.000000 -0.000000 0.000000
vn -1.000000 -0.000000 0.000000
vn -1.000000 -0.000000 0.000000
vn -1.000000 -0.000000 0.000000
vn -1.000000 0.000000 0.000000
vn -1.000000 0.000000 0.000000
vn -1.000000 0.000000 0.000000
vn -1.000000 0.000000 0.000000
vn -1.000000 0.000000 0.000000
vn -1.000000 0.000000 0.000000
vn -1.000000 0.000000 0.000000
vn -1.000000 0.000000 0.000000
vn -1.000000 0.000000 0.000000
vn -1.000000 0.000000 0.000000
vn -1.000000 0.000000 0.000000
vn -1.000000 0.000000 0.000000
vn -1.000000 0.000000 0.000000
vn -1.000000 0.000000 0.000000
vn -1.000000 0.000000 0.000000
vn -1.000000 0.000000 0.000000
vn -1.000000 0.000000 0.000000
vn -1.000000 0.000000 0.000000
vn -1.000000 0.000000 0.000000
vn -1.000000 0.000000 0.000000
vn -1.000000 0.000000 0.000000
vn -1.000000 0.000000 0.000000
vn -1.000000 0.000000 0.000000
vn -1.000000 0.000000 0.000000
vn -1.000000 -0.000000 0.000000
vn -1.000000 -0.000000 0.000000
vn -1.000000 -0.000000 0.000000
vn -1.000000 -0.000000 0.000000
vn -1.000000 -0.000000 0.000000
vn -1.000000 -0.000000 0.000000
vn -1.000000 0.000000 0.000000
vn -1.000000 0.000000 0.000000
vn -1.000000 0.000000 0.000000
vn -1.000000 0.000000 0.000000
vn -1.000000 0.000000 0.000000
vn -1.000000 0.000000 0.000000
vn -1.000000 0.000000 0.000000
vn -1.000000 0.000000 0.000000
vn -1.000000 0.000000 0.000000
vn -1.000000 0.000000 0.000000
vn -1.000000 0.000000 0.000000
vn -1.000000 0.000000 0.000000
vn 0.000000 1.000000 0.000000
vn 0.000000 1.000000 0.000000
vn 0.000000 1.000000 0.000000
vn 0.000000 1.000000 0.000000
vn 0.000000 0.000000 -1.000000
vn 0.000000 0.000000 -1.000000
vn 0.000000 0.000000 -1.000000
vn 0.000000 0.000000 -1.000000
vn 0.000000 -1.000000 0.000000
vn 0.000000 -1.000000 0.000000
vn 0.000000 -1.000000 0.000000
vn 0.000000 -1.000000 0.000000
vn 0.000000 0.000000 1.000000
vn 0.000000 0.000000 1.000000
vn 0.000000 0.000000 1.000000
vn 0.000000 0.000000 1.000000
vn 0.000000 1.000000 0.000000
vn 0.000000 1.000000 0.000000
vn 0.000000 1.000000 0.000000
vn 0.000000 1.000000 0.000000
vn 0.000000 0.000000 -1.000000
vn 0.000000 0.000000 -1.000000
vn 0.000000 0.000000 -1.000000
vn 0.000000 0.000000 -1.000000
vn 0.000000 -1.000000 0.000000
vn 0.000000 -1.000000 0.000000
vn 0.000000 -1.000000 0.000000
vn 0.000000 -1.000000 0.000000
vn 0.000000 0.000000 1.000000
vn 0.000000 0.000000 1.000000
vn 0.000000 0.000000 1.000000
vn 0.000000 0.000000 1.000000
vn 0.000000 0.000000 1.000000
vn 0.000000 0.000000 1.000000
vn 0.000000 0.000000 1.000000
vn 0.000000 0.000000 1.000000
vn 0.000000 1.000000 0.000000
vn 0.000000 1.000000 0.000000
vn 0.000000 1.000000 0.000000
vn 0.000000 1.000000 0.000000
vn 0.000000 0.000000 -1.000000
vn 0.000000 0.000000 -1.000000
vn 0.000000 0.000000 -1.000000
vn 0.000000 0.000000 -1.000000
vn 0.000000 -1.000000 0.000000
vn 0.000000 -1.000000 0.000000
vn 0.000000 -1.000000 0.000000
vn 0.000000 -1.000000 0.000000
vn 0.000000 0.000000 1.000000
vn 0.000000 0.000000 1.000000
vn 0.000000 0.000000 1.000000
vn 0.000000 0.000000 1.000000
vn 0.000000 1.000000 0.000000
vn 0.000000 1.000000 0.000000
vn 0.000000 1.000000 0.000000
vn 0.000000 1.000000 0.000000
vn 0.000000 0.000000 -1.000000
vn 0.000000 0.000000 -1.000000
vn 0.000000 0.000000 -1.000000
vn 0.000000 0.000000 -1.000000
vn 0.000000 -1.000000 0.000000
vn 0.000000 -1.000000 0.000000
vn 0.000000 -1.000000 0.000000
vn 0.000000 -1.000000 0.000000
vn 0.000000 1.000000 0.000000
vn 0.000000 1.000000 0.000000
vn 0.000000 1.000000 0.000000
vn 0.000000 1.000000 0.000000
vn 0.839305 0.000000 -0.543661
vn 0.839305 0.000000 -0.543661
vn 0.839305 0.000000 -0.543661
vn 0.839305 0.000000 -0.543661
vn 0.000000 -1.000000 0.000000
vn 0.000000 -1.000000 0.000000
vn 0.000000 -1.000000 0.000000
vn 0.000000 -1.000000 0.000000
vn -0.746594 0.000000 0.665280
vn -0.746594 0.000000 0.665280
vn -0.746594 0.000000 0.665280
vn -0.746594 0.000000 0.665280
vn 0.000000 1.000000 0.000000
vn 0.000000 1.000000 0.000000
vn 0.000000 1.000000 0.000000
vn 0.000000 1.000000 0.000000
vn 0.892855 0.000000 -0.450344
vn 0.892855 0.000000 -0.450344
vn 0.892855 0.000000 -0.450344
vn 0.892855 0.000000 -0.450344
vn 0.000000 -1.000000 0.000000
vn 0.000000 -1.000000 0.000000
vn 0.000000 -1.000000 0.000000
vn 0.000000 -1.000000 0.000000
vn -0.772393 0.000000 0.635145
vn -0.772393 0.000000 0.635145
vn -0.772393 0.000000 0.635145
vn -0.772393 0.000000 0.635145
vn 0.820213 0.000000 0.572058
vn 0.820213 0.000000 0.572058
vn 0.820213 0.000000 0.572058
vn 0.820213 0.000000 0.572058
vn 0.000000 1.000000 0.000000
vn 0.000000 1.000000 0.000000
vn 0.000000 1.000000 0.000000
vn 0.000000 1.000000 0.000000
vn -0.746595 0.000000 -0.665279
vn -0.746595 0.000000 -0.665279
vn -0.746595 0.000000 -0.665279
vn -0.746595 0.000000 -0.665279
vn 0.000000 -1.000000 0.000000
vn 0.000000 -1.000000 0.000000
vn 0.000000 -1.000000 0.000000
vn 0.000000 -1.000000 0.000000
vn 0.892855 0.000000 0.450344
vn 0.892855 0.000000 0.450344
vn 0.892855 0.000000 0.450344
vn 0.892855 0.000000 0.450344
vn 0.000000 1.000000 0.000001
vn 0.000000 1.000000 0.000001
vn 0.000000 1.000000 0.000001
vn 0.000000 1.000000 0.000001
vn -0.772393 0.000000 -0.635145
vn -0.772393 0.000000 -0.635145
vn -0.772393 0.000000 -0.635145
vn -0.772393 0.000000 -0.635145
vn 0.000000 -1.000000 0.000000
vn 0.000000 -1.000000 0.000000
vn 0.000000 -1.000000 0.000000
vn 0.000000 -1.000000 0.000000
vn 0.000000 1.000000 0.000000
vn 0.000000 1.000000 0.000000
vn 0.000000 1.000000 0.000000
vn 0.000000 1.000000 0.000000
vn 0.999998 0.000000 -0.001985
vn 0.999998 0.000000 -0.001985
vn 0.999998 0.000000 -0.001985
vn 0.999998 0.000000 -0.001985
vn 0.000000 -1.000000 -0.000000
vn 0.000000 -1.000000 -0.000000
vn 0.000000 -1.000000 -0.000000
vn 0.000000 -1.000000 -0.000000
vn -0.999737 0.000000 0.022947
vn -0.999737 0.000000 0.022947
vn -0.999737 0.000000 0.022947
vn -0.999737 0.000000 0.022947
vn 0.999969 0.000000 0.007910
vn 0.999969 0.000000 0.007910
vn 0.999969 0.000000 0.007910
vn 0.999969 0.000000 0.007910
vn 0.000000 1.000000 0.000000
vn 0.000000 1.000000 0.000000
vn 0.000000 1.000000 0.000000
vn 0.000000 1.000000 0.000000
vn -0.999737 0.000000 -0.022947
vn -0.999737 0.000000 -0.022947
vn -0.999737 0.000000 -0.022947
vn -0.999737 0.000000 -0.022947
vn 0.000000 -1.000000 0.000000
vn 0.000000 -1.000000 0.000000
vn 0.000000 -1.000000 0.000000
vn 0.000000 -1.000000 0.000000
vn 0.000000 1.000000 0.000000
vn 0.000000 1.000000 0.000000
vn 0.000000 1.000000 0.000000
vn 0.000000 1.000000 0.000000
vn 0.999881 0.000000 -0.015410
vn 0.999881 0.000000 -0.015410
vn 0.999881 0.000000 -0.015410
vn 0.999881 0.000000 -0.015410
vn 0.000000 -1.000000 0.000000
vn 0.000000 -1.000000 0.000000
vn 0.000000 -1.000000 0.000000
vn 0.000000 -1.000000 0.000000
vn -1.000000 0.000000 0.000000
vn -1.000000 0.000000 0.000000
vn -1.000000 0.000000 0.000000
vn -1.000000 0.000000 0.000000
vn 0.000000 1.000000 -0.000000
vn 0.000000 1.000000 -0.000000
vn 0.000000 1.000000 -0.000000
vn 0.000000 1.000000 -0.000000
vn 0.999855 0.000000 0.017029
vn 0.999855 0.000000 0.017029
vn 0.999855 0.000000 0.017029
vn 0.999855 0.000000 0.017029
vn 0.000000 -1.000000 0.000000
vn 0.000000 -1.000000 0.000000
vn 0.000000 -1.000000 0.000000
vn 0.000000 -1.000000 0.000000
vn -0.999883 0.000000 0.015309
vn -0.999883 0.000000 0.015309
vn -0.999883 0.000000 0.015309
vn -0.999883 0.000000 0.015309
vn 0.999947 0.000000 -0.010323
vn 0.999947 0.000000 -0.010323
vn 0.999947 0.000000 -0.010323
vn 0.999947 0.000000 -0.010323
vn 0.000000 1.000000 0.000000
vn 0.000000 1.000000 0.000000
vn 0.000000 1.000000 0.000000
vn 0.000000 1.000000 0.000000
vn -0.999962 0.000000 -0.008762
vn -0.999962 0.000000 -0.008762
vn -0.999962 0.000000 -0.008762
vn -0.999962 0.000000 -0.008762
vn 0.000000 -1.000000 -0.000000
vn 0.000000 -1.000000 -0.000000
vn 0.000000 -1.000000 -0.000000
vn 0.000000 -1.000000 -0.000000
vn 0.000000 1.000000 0.000000
vn 0.000000 1.000000 0.000000
vn 0.000000 1.000000 0.000000
vn 0.000000 1.000000 0.000000
vn 0.999924 0.000000 -0.012288
vn 0.999924 0.000000 -0.012288
vn 0.999924 0.000000 -0.012288
vn 0.999924 0.000000 -0.012288
vn 0.000000 -1.000000 0.000000
vn 0.000000 -1.000000 0.000000
vn 0.000000 -1.000000 0.000000
vn 0.000000 -1.000000 0.000000
vn -0.999924 0.000000 -0.012293
vn -0.999924 0.000000 -0.012293
vn -0.999924 0.000000 -0.012293
vn -0.999924 0.000000 -0.012293
s 1
g desk_new
usemtl initialShadingGroup
f 395/502/1291 407/524/1292 408/526/1293 397/504/1294
s 2
f 397/504/1295 408/526/1296 409/527/1297 403/517/1298
s 3
f 399/506/1299 410/528/1300 411/529/1301 401/508/1302
s 4
f 419/541/1303 420/542/1304 421/543/1305 422/544/1306
s 5
f 396/503/1307 405/521/1308 406/523/1309 398/505/1310
s 6
f 403/516/1311 404/518/1312 395/502/1313 397/504/1314
f 401/514/1315 413/531/1316 414/533/1317 399/515/1318
s 4
f 423/545/1319 424/546/1320 425/547/1321 426/548/1322
s 5
f 416/537/1323 417/539/1324 402/512/1325 400/513/1326
s 2
f 414/534/1327 415/535/1328 410/528/1329 399/506/1330
s 1
f 408/526/1293 407/524/1292 396/503/1331 398/505/1332
s 2
f 409/527/1297 408/526/1296 398/505/1333 406/522/1334
f 410/528/1329 415/535/1328 416/536/1335 400/507/1336
s 3
f 411/529/1301 410/528/1300 400/507/1337 402/509/1338
s 4
f 427/550/1339 425/547/1321 424/546/1320 428/549/1340
f 421/543/1305 420/542/1304 429/551/1341 430/552/1342
s 6
f 414/533/1317 413/531/1316 404/518/1312 403/516/1311
s 2
f 403/517/1298 409/527/1297 415/535/1328 414/534/1327
f 416/536/1335 415/535/1328 409/527/1297 406/522/1334
s 5
f 406/523/1309 405/521/1308 417/539/1324 416/537/1323
s 4
f 420/542/1304 425/547/1321 427/550/1339 429/551/1341
s off
f 413/532/1343 418/540/1344 412/530/1345 404/519/1346
s 8
f 404/519/1347 412/530/1348 442/564/1349 431/553/1350
s 9
f 407/525/1351 395/510/1352 432/554/1353 433/555/1354
s 10
f 401/508/1355 411/529/1356 438/560/1357 439/561/1358
s 11
f 418/540/1359 413/532/1360 440/562/1361 441/563/1362
s 12
f 413/532/1363 401/508/1364 439/561/1365 440/562/1366
s 13
f 411/529/1367 402/509/1368 437/559/1369 438/560/1370
s 14
f 402/509/1371 417/538/1372 436/558/1373 437/559/1374
s 15
f 405/520/1375 396/511/1376 434/556/1377 435/557/1378
s 16
f 396/511/1379 407/525/1380 433/555/1381 434/556/1382
s 17
f 412/530/1383 418/540/1384 441/563/1385 442/564/1386
s 18
f 417/538/1387 405/520/1388 435/557/1389 436/558/1390
s 9
f 433/555/1354 432/554/1353 422/544/1391 421/543/1392
s 16
f 434/556/1382 433/555/1381 421/543/1393 430/552/1394
s 15
f 435/557/1378 434/556/1377 430/552/1395 429/551/1396
s 18
f 436/558/1390 435/557/1389 429/551/1397 427/550/1398
s 14
f 437/559/1374 436/558/1373 427/550/1399 428/549/1400
s 13
f 438/560/1370 437/559/1369 428/549/1401 424/546/1402
s 10
f 439/561/1358 438/560/1357 424/546/1403 423/545/1404
s 12
f 440/562/1366 439/561/1365 423/545/1405 426/548/1406
s 11
f 441/563/1362 440/562/1361 426/548/1407 425/547/1408
s 17
f 442/564/1386 441/563/1385 425/547/1409 420/542/1410
s 8
f 431/553/1350 442/564/1349 420/542/1411 419/541/1412
s off
f 432/554/1413 431/553/1414 443/566/1415 444/565/1416
f 431/553/1417 419/541/1418 445/567/1419 443/566/1420
f 419/541/1421 422/544/1422 446/568/1423 445/567/1424
f 422/544/1425 432/554/1426 444/565/1427 446/568/1428
f 395/510/1429 404/519/1430 447/570/1431 448/569/1432
f 404/519/1433 431/553/1434 449/571/1435 447/570/1436
f 431/553/1437 432/554/1438 450/572/1439 449/571/1440
f 432/554/1441 395/510/1442 448/569/1443 450/572/1444
f 448/569/1445 447/570/1446 451/574/1447 452/573/1448
f 447/570/1449 449/571/1450 453/575/1451 451/574/1452
f 449/571/1453 450/572/1454 454/576/1455 453/575/1456
f 450/572/1457 448/569/1458 452/573/1459 454/576/1460
f 444/565/1461 443/566/1462 455/578/1463 456/577/1464
f 443/566/1465 445/567/1466 457/579/1467 455/578/1468
f 445/567/1469 446/568/1470 458/580/1471 457/579/1472
f 446/568/1473 444/565/1474 456/577/1475 458/580/1476
f 452/573/1477 451/574/1478 459/582/1479 460/581/1480
f 451/574/1481 453/575/1482 461/583/1483 459/582/1484
f 453/575/1485 454/576/1486 462/584/1487 461/583/1488
f 454/576/1489 452/573/1490 460/581/1491 462/584/1492
f 456/577/1493 455/578/1494 463/586/1495 464/585/1496
f 455/578/1497 457/579/1498 465/587/1499 463/586/1500
f 457/579/1501 458/580/1502 466/588/1503 465/587/1504
f 458/580/1505 456/577/1506 464/585/1507 466/588/1508
f 460/581/1509 459/582/1510 467/590/1511 475/597/1512 479/601/1513 468/589/1514
f 459/582/1515 461/583/1516 469/591/1517 467/590/1518
f 461/583/1519 462/584/1520 470/592/1521 480/602/1522 476/598/1523 469/591/1524
f 462/584/1525 460/581/1526 468/589/1527 470/592/1528
f 464/585/1529 463/586/1530 471/594/1531 477/599/1532 481/603/1533 472/593/1534
f 463/586/1535 465/587/1536 473/595/1537 471/594/1538
f 465/587/1539 466/588/1540 474/607/1541 482/606/1542 478/600/1543 473/595/1544
f 466/588/1545 464/585/1546 472/593/1547 474/607/1548
f 480/602/1549 479/601/1550 475/597/1551 476/598/1552
f 482/606/1553 481/603/1554 477/599/1555 478/600/1556
f 468/589/1557 479/601/1558 483/610/1559 484/609/1560
f 479/601/1561 480/602/1562 485/611/1563 483/610/1564
f 480/602/1565 470/592/1566 486/612/1567 485/611/1568
f 470/592/1569 468/589/1570 484/609/1571 486/612/1572
f 472/608/1573 481/605/1574 487/614/1575 488/613/1576
f 481/605/1577 482/604/1578 489/615/1579 487/614/1580
f 482/604/1581 474/596/1582 490/616/1583 489/615/1584
f 474/596/1585 472/608/1586 488/613/1587 490/616/1588
f 476/598/1589 475/597/1590 491/618/1591 492/617/1592
f 475/597/1593 467/590/1594 493/619/1595 491/618/1596
f 467/590/1597 469/591/1598 494/620/1599 493/619/1600
f 469/591/1601 476/598/1602 492/617/1603 494/620/1604
f 478/600/1605 477/599/1606 495/622/1607 496/621/1608
f 477/599/1609 471/594/1610 497/623/1611 495/622/1612
f 471/594/1613 473/595/1614 498/624/1615 497/623/1616
f 473/595/1617 478/600/1618 496/621/1619 498/624/1620
f 484/609/1621 483/610/1622 499/626/1623 500/625/1624
f 483/610/1625 485/611/1626 501/627/1627 499/626/1628
f 485/611/1629 486/612/1630 502/628/1631 501/627/1632
f 486/612/1633 484/609/1634 500/625/1635 502/628/1636
f 488/613/1637 487/614/1638 503/630/1639 504/629/1640
f 487/614/1641 489/615/1642 505/631/1643 503/630/1644
f 489/615/1645 490/616/1646 506/632/1647 505/631/1648
f 490/616/1649 488/613/1650 504/629/1651 506/632/1652
f 492/617/1653 491/618/1654 507/634/1655 508/633/1656
f 491/618/1657 493/619/1658 509/635/1659 507/634/1660
f 493/619/1661 494/620/1662 510/636/1663 509/635/1664
f 494/620/1665 492/617/1666 508/633/1667 510/636/1668
f 496/621/1669 495/622/1670 511/638/1671 512/637/1672
f 495/622/1673 497/623/1674 513/639/1675 511/638/1676
f 497/623/1677 498/624/1678 514/640/1679 513/639/1680
f 498/624/1681 496/621/1682 512/637/1683 514/640/1684
f 500/625/1685 499/626/1686 515/642/1687 516/641/1688
f 499/626/1689 501/627/1690 517/643/1691 515/642/1692
f 501/627/1693 502/628/1694 518/644/1695 517/643/1696
f 502/628/1697 500/625/1698 516/641/1699 518/644/1700
f 508/633/1701 507/634/1702 519/646/1703 520/645/1704
f 507/634/1705 509/635/1706 521/647/1707 519/646/1708
f 509/635/1709 510/636/1710 522/648/1711 521/647/1712
f 510/636/1713 508/633/1714 520/645/1715 522/648/1716
f 516/641/1717 515/642/1718 519/646/1719 521/647/1720
f 515/642/1721 517/643/1722 520/645/1723 519/646/1724
f 517/643/1725 518/644/1726 522/648/1727 520/645/1728
f 518/644/1729 516/641/1730 521/647/1731 522/648/1732
f 504/629/1733 503/630/1734 523/650/1735 524/649/1736
f 503/630/1737 505/631/1738 525/651/1739 523/650/1740
f 505/631/1741 506/632/1742 526/652/1743 525/651/1744
f 506/632/1745 504/629/1746 524/649/1747 526/652/1748
f 512/637/1749 511/638/1750 527/654/1751 528/653/1752
f 511/638/1753 513/639/1754 529/655/1755 527/654/1756
f 513/639/1757 514/640/1758 530/656/1759 529/655/1760
f 514/640/1761 512/637/1762 528/653/1763 530/656/1764
f 524/649/1765 523/650/1766 527/654/1767 529/655/1768
f 523/650/1769 525/651/1770 528/653/1771 527/654/1772
f 525/651/1773 526/652/1774 530/656/1775 528/653/1776
f 526/652/1777 524/649/1778 529/655/1779 530/656/1780
g default
v 9.227136 2.041851 22.322579
v 9.646894 2.041851 22.031934
v 8.729486 2.041851 21.603862
v 9.149244 2.041851 21.313216
v 9.354244 2.365543 22.110901
v 9.399920 2.365543 22.079274
v 9.018030 2.365543 21.527740
v 8.972354 2.365543 21.559366
v 9.372186 2.208774 22.098478
v 9.381977 2.208774 22.091698
v 9.000087 2.208774 21.540163
v 8.990296 2.208774 21.546943
v 9.227136 2.301353 22.322579
v 9.234427 2.330185 22.282464
v 9.646894 2.301353 22.031934
v 9.606778 2.330185 22.024643
v 8.729486 2.301353 21.603862
v 8.769604 2.330185 21.611156
v 9.149244 2.301353 21.313216
v 9.141955 2.330185 21.353334
v 9.353551 2.478920 22.111381
v 9.363343 2.478920 22.104601
v 9.029137 2.478920 21.529006
v 9.017228 2.478920 21.528922
v 9.299033 2.463171 21.959696
v 9.308825 2.463171 21.952917
v 9.069430 2.463171 21.703909
v 9.057521 2.463171 21.703826
vt 0.625000 0.750000
vt 0.375000 1.000000
vt 0.625000 1.000000
vt 0.375000 0.250000
vt 0.625000 0.250000
vt 0.625000 0.500000
vt 0.375000 0.500000
vt 0.366755 0.250000
vt 0.133245 0.250000
vt 0.610883 0.250000
vt 0.633245 0.250000
vt 0.875000 0.225002
vt 0.866755 0.250000
vt 0.375000 0.524998
vt 0.389117 0.500000
vt 0.625000 0.000000
vt 0.375000 0.225002
vt 0.625000 0.524998
vt 0.375000 0.750000
vt 0.875000 0.000000
vt 0.625000 0.225002
vt 0.125000 0.000000
vt 0.375000 0.000000
vt 0.125000 0.225002
vt 0.625000 0.254268
vt 0.375003 0.250000
vt 0.625000 0.494439
vt 0.625000 0.250000
vt 0.375000 0.495829
vt 0.625000 0.500000
vt 0.375000 0.255435
vt 0.375000 0.500000
vt 0.375000 0.250000
vt 0.625000 0.250000
vt 0.625000 0.500000
vt 0.375000 0.500000
vt 0.375000 0.309138
vt 0.625000 0.306942
vt 0.625000 0.451075
vt 0.375000 0.418779
vn -0.020563 0.999347 -0.029698
vn -0.018831 0.999453 -0.027196
vn -0.000159 0.999744 0.022630
vn -0.000359 0.998694 0.051092
vn 0.000000 -1.000000 0.000000
vn 0.000000 -1.000000 0.000000
vn 0.000000 -1.000000 0.000000
vn 0.000000 -1.000000 0.000000
vn -0.569269 0.000000 -0.822151
vn -0.569269 0.000000 -0.822151
vn -0.569269 0.000000 -0.822151
vn -0.569269 0.000000 -0.822151
vn -0.814299 0.137881 0.563832
vn -0.814299 0.137881 0.563832
vn -0.814299 0.137881 0.563832
vn -0.814299 0.137881 0.563832
vn 0.569269 0.000000 0.822151
vn 0.569269 0.000000 0.822151
vn 0.569269 0.000000 0.822151
vn 0.569269 0.000000 0.822151
vn 0.814300 0.137875 -0.563832
vn 0.814300 0.137875 -0.563832
vn 0.814300 0.137875 -0.563832
vn 0.814300 0.137875 -0.563832
vn -0.581356 0.707098 0.402539
vn -0.581356 0.707098 0.402539
vn -0.581356 0.707098 0.402539
vn -0.581356 0.707098 0.402539
vn 0.402539 0.707098 0.581356
vn 0.402539 0.707098 0.581356
vn 0.402539 0.707098 0.581356
vn 0.402539 0.707098 0.581356
vn 0.581356 0.707098 -0.402539
vn 0.581356 0.707098 -0.402539
vn 0.581356 0.707098 -0.402539
vn 0.581356 0.707098 -0.402539
vn -0.402512 0.707146 -0.581317
vn -0.402512 0.707146 -0.581317
vn -0.402512 0.707146 -0.581317
vn -0.402512 0.707146 -0.581317
vn 0.569269 0.000000 0.822151
vn 0.569269 0.000000 0.822151
vn 0.569269 0.000000 0.822151
vn 0.569269 0.000000 0.822151
vn -0.569269 0.000000 -0.822151
vn -0.569269 0.000000 -0.822151
vn -0.569269 0.000000 -0.822151
vn -0.569269 0.000000 -0.822151
vn 0.822151 0.000000 -0.569269
vn 0.822151 0.000000 -0.569269
vn 0.822151 0.000000 -0.569269
vn 0.822151 0.000000 -0.569269
vn -0.822151 0.000000 0.569269
vn -0.822151 0.000000 0.569269
vn -0.822151 0.000000 0.569269
vn -0.822151 0.000000 0.569269
vn -0.129626 0.985159 0.112510
vn 0.147283 0.985824 -0.080368
vn 0.162244 0.986456 -0.024131
vn -0.081740 0.985887 0.146103
vn 0.127053 0.985824 -0.109586
vn 0.079675 0.986456 -0.143378
vn -0.150926 0.985159 0.081749
vn -0.165522 0.985887 0.025103
vn 0.569269 0.000000 0.822151
vn 0.569269 0.000000 0.822151
vn 0.569269 0.000000 0.822151
vn 0.569269 0.000000 0.822151
vn 0.805014 0.039986 -0.591907
vn 0.816004 0.020243 -0.577692
vn 0.810895 0.023361 -0.584725
vn 0.804472 0.039844 -0.592653
vn -0.294765 -0.021051 -0.955338
vn -0.294765 -0.021051 -0.955338
vn -0.294765 -0.021051 -0.955338
vn -0.294765 -0.021051 -0.955338
vn -0.817012 -0.016096 0.576397
vn -0.806410 -0.035347 0.590300
vn -0.805867 -0.035188 0.591050
vn -0.812616 -0.018693 0.582500
vn -0.935266 -0.080971 0.344559
vn -0.057274 0.994926 -0.082716
vn -0.057274 0.994926 -0.082716
vn 0.935266 0.080971 -0.344559
vn 0.965897 -0.113480 -0.232734
vn -0.000632 0.995957 0.089825
vn -0.000632 0.995957 0.089825
vn -0.966113 0.111836 0.232635
s 1
g pCube11
usemtl initialShadingGroup
f 555/693/1781 556/694/1782 557/695/1783 558/696/1784
s off
f 533/675/1785 534/657/1786 532/659/1787 531/658/1788
f 535/682/1789 536/684/1790 540/661/1791 539/660/1792
f 536/684/1793 537/686/1794 541/662/1795 540/661/1796
f 537/686/1797 538/688/1798 542/663/1799 541/662/1800
f 538/688/1801 535/682/1802 539/660/1803 542/663/1804
f 543/673/1805 544/664/1806 548/665/1807 547/680/1808
f 544/687/1809 543/673/1810 545/677/1811 546/666/1812
f 546/667/1813 545/677/1814 549/668/1815 550/669/1816
f 547/670/1817 548/671/1818 550/683/1819 549/674/1820
f 531/679/1821 532/672/1822 545/677/1823 543/673/1824
f 547/670/1825 549/674/1826 534/657/1827 533/675/1828
f 532/672/1829 534/676/1830 549/668/1831 545/677/1832
f 533/678/1833 531/679/1834 543/673/1835 547/680/1836
s 2
f 544/687/1837 546/681/1838 536/684/1839 535/682/1840
f 546/681/1838 550/683/1841 537/686/1842 536/684/1839
f 550/683/1841 548/685/1843 538/688/1844 537/686/1842
f 548/685/1843 544/687/1837 535/682/1840 538/688/1844
s off
f 539/660/1845 540/661/1846 552/690/1847 551/689/1848
s 3
f 540/661/1849 541/662/1850 557/695/1851 556/694/1852
s off
f 541/662/1853 542/663/1854 554/692/1855 553/691/1856
s 4
f 542/663/1857 539/660/1858 555/693/1859 558/696/1860
f 555/693/1859 539/660/1858 551/689/1861
s 1
f 551/689/1862 552/690/1863 556/694/1782 555/693/1781
s 3
f 540/661/1849 556/694/1852 552/690/1864
f 557/695/1851 541/662/1850 553/691/1865
s 1
f 558/696/1784 557/695/1783 553/691/1866 554/692/1867
s 4
f 542/663/1857 558/696/1860 554/692/1868
g default
v 8.527278 2.609412 24.774837
v 9.942501 2.609412 24.606842
v 8.527278 3.747066 24.774837
v 9.942501 3.747066 24.606842
v 8.527278 3.747066 22.769467
v 9.942501 3.747066 22.937462
v 8.527278 2.609412 22.769467
v 9.942501 2.609412 22.937462
v 8.565352 2.522265 24.843977
v 9.489203 2.522265 24.843977
v 9.489203 3.834214 24.843977
v 8.565352 3.834214 24.843977
v 9.489203 3.834214 22.700327
v 8.565352 3.834214 22.700327
v 9.489203 2.522265 22.700327
v 8.565352 2.522265 22.700327
v 8.379434 2.609412 24.774837
v 8.379434 3.747066 24.774837
v 8.379434 3.747066 22.769467
v 8.379434 2.609412 22.769467
v 8.527278 2.468196 24.779559
v 9.527278 2.468196 24.774904
v 8.527278 2.468196 22.785178
v 9.527278 2.468196 22.768830
v 8.527278 2.324391 22.785178
v 8.527278 2.324391 24.779559
v 9.527278 2.324391 22.768830
v 9.527278 2.324391 24.774904
v 8.692092 2.324391 23.373258
v 9.362464 2.324391 23.366637
v 9.362464 2.324391 24.179869
v 8.692092 2.324391 24.181757
v 8.692092 2.156491 23.373258
v 9.362464 2.156491 23.366637
v 9.362464 2.156491 24.179869
v 8.692092 2.156491 24.181757
v 8.465411 2.044791 23.102112
v 9.589144 2.044791 23.091008
v 9.589144 2.044791 24.454223
v 8.465411 2.044791 24.457384
v 8.438373 2.485337 24.904319
v 8.379434 2.530603 24.869915
v 8.379434 3.825875 24.869915
v 8.438373 3.871142 24.904319
v 8.379434 3.820181 22.680082
v 8.438373 3.871142 22.639989
v 8.379434 2.530603 22.674388
v 8.438373 2.485337 22.639989
v 8.379434 2.519689 22.836436
v 8.430927 2.468196 22.785025
v 8.430597 2.468196 24.777421
v 8.379434 2.519089 24.725398
v 8.379434 2.375842 22.836395
v 8.430886 2.324391 22.785025
v 8.430597 2.324391 24.777421
v 8.379434 2.375849 24.724834
vt 0.375000 0.000000
vt 0.625000 0.000000
vt 0.375000 0.250000
vt 0.625000 0.250000
vt 0.375000 0.500000
vt 0.625000 0.500000
vt 0.375000 0.750000
vt 0.625000 0.750000
vt 0.375000 1.000000
vt 0.625000 1.000000
vt 0.875000 0.000000
vt 0.875000 0.250000
vt 0.125000 0.000000
vt 0.125000 0.250000
vt 0.625000 0.000000
vt 0.625000 0.250000
vt 0.375000 0.000000
vt 0.625000 0.500000
vt 0.625000 0.750000
vt 0.625000 1.000000
vt 0.625000 0.974876
vt 0.625000 0.768831
vt 0.625000 0.768831
vt 0.625000 0.974876
vt 0.375000 0.768661
vt 0.625000 0.768831
vt 0.625000 0.974876
vt 0.375000 0.982118
vt 0.375000 0.768661
vt 0.625000 0.768831
vt 0.625000 0.974876
vt 0.375000 0.982118
vt 0.375000 0.768661
vt 0.625000 0.768831
vt 0.625000 0.974876
vt 0.375000 0.982118
vt 0.375000 0.999042
vt 0.375000 0.001135
vt 0.375000 0.977644
vt 0.375000 0.000000
vt 0.375000 0.248583
vt 0.375000 0.250000
vt 0.375000 0.501239
vt 0.375000 0.500000
vt 0.375000 0.748583
vt 0.375000 1.000000
vt 0.375000 1.000000
vt 0.375000 0.250000
vt 0.375000 0.000000
vt 0.375000 0.500000
vt 0.375000 0.250000
vt 0.375000 0.750000
vt 0.375000 0.500000
vt 0.375000 0.982818
vt 0.375000 1.000000
vt 0.375000 1.000000
vt 0.375000 0.750000
vt 0.375000 0.768964
vt 0.375000 0.768644
vt 0.375000 0.982118
vt 0.375000 0.768661
vt 0.375000 0.750000
vt 0.375000 0.768644
vt 0.375000 0.768661
vt 0.375000 0.982118
vt 0.375000 0.982818
vt 0.375000 0.983820
vt 0.375000 0.774179
vn 0.066543 0.000000 0.997784
vn 0.000000 0.000000 1.000000
vn 0.000000 0.000000 1.000000
vn 0.066542 0.000000 0.997784
vn 0.040429 0.999182 0.000000
vn 0.000000 1.000000 0.000000
vn 0.000000 1.000000 0.000000
vn 0.040429 0.999182 0.000000
vn 0.066538 0.000000 -0.997784
vn 0.000000 0.000000 -1.000000
vn 0.000000 0.000000 -1.000000
vn 0.066538 0.000000 -0.997784
vn 0.058336 -0.828932 0.556299
vn 0.001523 -0.777030 0.629462
vn 0.001523 -0.777030 0.629462
vn 0.015492 -0.790603 0.612133
vn 1.000000 0.000000 0.000000
vn 1.000000 0.000000 0.000000
vn 1.000000 0.000000 0.000000
vn 1.000000 0.000000 0.000000
vn -1.000000 0.000000 0.000000
vn -1.000000 0.000000 0.000000
vn -1.000000 0.000000 0.000000
vn -1.000000 0.000000 0.000000
vn 0.463536 0.000000 0.886078
vn 0.463536 0.000000 0.886078
vn 0.463536 0.000000 0.886078
vn 0.463536 0.000000 0.886078
vn 0.188795 0.982017 0.000000
vn 0.188795 0.982017 0.000000
vn 0.188795 0.982017 0.000000
vn 0.188795 0.982017 0.000000
vn 0.463536 0.000000 -0.886078
vn 0.463536 0.000000 -0.886078
vn 0.463536 0.000000 -0.886078
vn 0.463536 0.000000 -0.886078
vn 0.330725 -0.943412 0.024395
vn 0.322462 -0.946581 0.001317
vn 0.467271 -0.552598 0.690139
vn 0.000000 0.000000 -1.000000
vn 0.000000 0.000000 -1.000000
vn 0.000000 0.000000 -1.000000
vn 0.000000 0.000000 -1.000000
vn 0.000000 -1.000000 0.000000
vn 0.000000 -1.000000 0.000000
vn 0.000000 -1.000000 0.000000
vn 0.000000 -1.000000 0.000000
vn 0.000000 0.000000 1.000000
vn 0.000000 0.000000 1.000000
vn 0.000000 0.000000 1.000000
vn 0.000000 0.000000 1.000000
vn 0.000000 1.000000 0.000000
vn 0.000000 1.000000 0.000000
vn 0.000000 1.000000 0.000000
vn 0.000000 1.000000 0.000000
vn 0.000000 -1.000000 0.000000
vn 0.000000 -1.000000 0.000000
vn 0.000000 -1.000000 0.000000
vn 0.000000 -1.000000 0.000000
vn 0.322463 -0.946581 -0.001313
vn 0.330762 -0.943398 -0.024415
vn 0.011633 -0.831205 -0.555844
vn -0.004897 -0.817236 -0.576283
vn -0.004897 -0.817236 -0.576283
vn 0.052089 -0.862317 -0.503683
vn 0.467960 -0.548442 -0.692983
vn -0.014770 -0.000000 -0.999891
vn -0.016346 0.000000 -0.999866
vn -0.016346 0.000000 -0.999866
vn -0.014770 -0.000000 -0.999891
vn 1.000000 0.000000 0.000000
vn 1.000000 0.000000 0.000000
vn 1.000000 0.000000 0.000000
vn 1.000000 0.000000 0.000000
vn 0.004655 0.000000 0.999989
vn 0.002295 0.000000 0.999997
vn 0.002295 0.000000 0.999997
vn 0.004655 0.000000 0.999989
vn 0.000000 -1.000000 0.000000
vn 0.000000 -1.000000 0.000000
vn 0.000000 -1.000000 0.000000
vn 0.000000 -1.000000 0.000000
vn 0.000000 -1.000000 0.000000
vn 0.000000 -1.000000 0.000000
vn 0.000000 -1.000000 0.000000
vn 0.000000 -1.000000 0.000000
vn 0.000000 -1.000000 -0.000000
vn 0.000000 -1.000000 -0.000000
vn 0.000000 -1.000000 -0.000000
vn 0.000000 -1.000000 -0.000000
vn 0.000000 -1.000000 -0.000000
vn 0.000000 -1.000000 -0.000000
vn 0.000000 -1.000000 0.000000
vn 0.000000 -1.000000 0.000000
vn -0.009876 0.000000 -0.999951
vn -0.009876 0.000000 -0.999951
vn -0.009876 0.000000 -0.999951
vn -0.009876 0.000000 -0.999951
vn 1.000000 0.000000 0.000000
vn 1.000000 0.000000 0.000000
vn 1.000000 0.000000 0.000000
vn 1.000000 0.000000 0.000000
vn 0.002816 0.000000 0.999996
vn 0.002816 0.000000 0.999996
vn 0.002816 0.000000 0.999996
vn 0.002816 0.000000 0.999996
vn -1.000000 0.000000 0.000000
vn -1.000000 0.000000 0.000000
vn -1.000000 0.000000 0.000000
vn -1.000000 0.000000 0.000000
vn -0.003737 0.925707 -0.378222
vn -0.003737 0.925707 -0.378222
vn -0.003737 0.925707 -0.378222
vn -0.003737 0.925707 -0.378222
vn 0.442012 0.897009 0.000000
vn 0.442012 0.897009 0.000000
vn 0.442012 0.897009 0.000000
vn 0.442012 0.897009 0.000000
vn 0.001059 0.926484 0.376333
vn 0.001059 0.926484 0.376333
vn 0.001059 0.926484 0.376333
vn 0.001059 0.926484 0.376333
vn -0.442012 0.897009 0.000000
vn -0.442012 0.897009 0.000000
vn -0.442012 0.897009 0.000000
vn -0.442012 0.897009 0.000000
vn -0.696121 -0.711602 0.095075
vn -0.696121 -0.711602 0.095075
vn -0.696121 -0.711602 0.095075
vn -0.696121 -0.711602 0.095075
vn -0.504115 0.000000 0.863636
vn -0.504115 0.000000 0.863637
vn -0.504115 0.000000 0.863636
vn -0.504115 0.000000 0.863636
vn -0.632410 0.774633 -0.000990
vn -0.632410 0.774633 -0.000990
vn -0.632410 0.774633 -0.000990
vn -0.632410 0.774633 -0.000990
vn -0.534276 0.001799 -0.845308
vn -0.534276 0.001799 -0.845308
vn -0.534276 0.001799 -0.845308
vn -0.534276 0.001799 -0.845308
vn -0.692187 -0.717011 -0.082291
vn -0.692187 -0.717011 -0.082291
vn -0.692187 -0.717011 -0.082291
vn -0.692187 -0.717011 -0.082291
vn -0.706448 0.000199 -0.707765
vn -0.706448 0.000199 -0.707765
vn -0.706448 0.000199 -0.707765
vn -0.706448 0.000199 -0.707765
vn -0.715541 -0.001373 0.698569
vn -0.715541 -0.001373 0.698569
vn -0.715541 -0.001373 0.698569
vn -0.715541 -0.001373 0.698569
vn -0.708123 -0.706089 -0.000052
vn -0.708123 -0.706089 -0.000052
vn -0.708123 -0.706089 -0.000052
vn -0.708123 -0.706089 -0.000052
vn -1.000000 0.000000 0.000000
vn -1.000000 -0.000000 0.000000
vn -1.000000 -0.000000 0.000000
vn -1.000000 0.000000 0.000000
vn -1.000000 0.000000 0.000000
vn -1.000000 0.000000 0.000000
vn -1.000000 -0.000000 0.000000
vn -1.000000 0.000000 0.000000
vn -1.000000 -0.000000 0.000000
vn 0.429215 0.000000 0.903202
vn 0.429215 0.000000 0.903202
vn 0.279252 0.960218 0.000000
vn 0.279252 0.960218 0.000000
vn 0.429193 0.000000 -0.903213
vn 0.429193 0.000000 -0.903213
vn 0.229070 -0.928938 0.290864
vn 0.229070 -0.928938 0.290864
vn -1.000000 -0.000000 0.000000
vn 0.000000 -1.000000 -0.000000
vn 0.000000 -1.000000 -0.000000
vn 0.223030 -0.942771 -0.247872
vn 0.223030 -0.942771 -0.247872
vn 0.001588 -0.000000 -0.999999
vn 0.001588 -0.000000 -0.999999
vn -0.022110 0.000000 0.999756
vn -0.022110 0.000000 0.999756
vn -1.000000 -0.000000 0.000000
vn -1.000000 -0.000000 0.000000
s 1
g pCube7
usemtl initialShadingGroup
f 567/713/1869 568/711/1870 569/712/1871 570/744/1872
s 2
f 570/744/1873 569/712/1874 571/714/1875 572/746/1876
s 3
f 572/746/1877 571/714/1878 573/715/1879 574/748/1880
s 4
f 579/761/1881 580/717/1882 568/716/1883 567/751/1884
s off
f 560/698/1885 566/707/1886 564/708/1887 562/700/1888
f 565/709/1889 559/697/1890 561/699/1891 563/710/1892
f 560/698/1893 562/700/1894 569/712/1895 568/711/1896
f 562/700/1897 564/702/1898 571/714/1899 569/712/1900
f 564/702/1901 566/704/1902 573/715/1903 571/714/1904
s 5
f 580/717/1905 560/706/1906 568/716/1907
s off
f 561/699/1908 559/697/1909 575/736/1910 576/738/1911
f 563/701/1912 561/699/1913 576/738/1914 577/740/1915
f 565/703/1916 563/701/1917 577/740/1918 578/753/1919
f 559/705/1920 565/703/1921 578/753/1922 575/742/1923
f 595/729/1924 596/730/1925 597/731/1926 598/732/1927
s 5
f 566/704/1928 560/706/1906 580/717/1905 582/718/1929
s 6
f 574/748/1930 573/715/1931 582/718/1932 581/757/1933
s 5
f 566/704/1928 582/718/1929 573/715/1934
s 7
f 581/757/1935 582/718/1936 585/719/1937 583/760/1938
s off
f 582/718/1939 580/717/1940 586/720/1941 585/719/1942
s 8
f 580/717/1943 579/761/1944 584/756/1945 586/720/1946
s off
f 583/760/1947 585/719/1948 588/722/1949 587/721/1950
f 585/719/1951 586/720/1952 589/723/1953 588/722/1954
f 586/720/1955 584/756/1956 590/724/1957 589/723/1958
s 9
f 584/756/1959 583/760/1960 587/721/1961 590/724/1962
s off
f 587/721/1963 588/722/1964 592/726/1965 591/725/1966
f 588/722/1967 589/723/1968 593/727/1969 592/726/1970
f 589/723/1971 590/724/1972 594/728/1973 593/727/1974
f 590/724/1975 587/721/1976 591/725/1977 594/728/1978
f 591/725/1979 592/726/1980 596/730/1981 595/729/1982
f 592/726/1983 593/727/1984 597/731/1985 596/730/1986
f 593/727/1987 594/728/1988 598/732/1989 597/731/1990
f 594/728/1991 591/725/1992 595/729/1993 598/732/1994
f 599/733/1995 600/743/1996 610/763/1997 609/750/1998
f 600/734/1999 599/745/2000 602/747/2001 601/737/2002
f 601/737/2003 602/747/2004 604/749/2005 603/739/2006
f 603/739/2007 604/749/2008 606/758/2009 605/741/2010
f 605/741/2011 606/758/2012 608/759/2013 607/754/2014
f 607/754/2015 608/759/2016 612/755/2017 611/764/2018
f 609/750/2019 610/763/2020 614/735/2021 613/762/2022
f 611/764/2023 612/755/2024 613/762/2025 614/735/2026
s 10
f 576/738/2027 575/736/2028 600/734/2029 601/737/2030
f 577/740/2031 576/738/2027 601/737/2030 603/739/2032
f 578/753/2033 577/740/2031 603/739/2032 605/741/2034
f 575/742/2028 610/763/2035 600/743/2029
s 1
f 567/713/1869 570/744/1872 602/747/2036 599/745/2037
s 2
f 570/744/1873 572/746/1876 604/749/2038 602/747/2039
s 3
f 572/746/1877 574/748/1880 606/758/2040 604/749/2041
s 4
f 609/750/2042 579/761/1881 567/751/1884 599/752/2043
s 10
f 575/742/2028 578/753/2033 607/754/2044 610/763/2035
s 9
f 612/755/2045 583/760/1960 584/756/1959 613/762/2046
s 10
f 607/754/2044 578/753/2033 605/741/2034
s 6
f 574/748/1930 581/757/1933 608/759/2047 606/758/2048
s 7
f 608/759/2049 581/757/1935 583/760/1938 612/755/2050
s 8
f 579/761/1944 609/750/2051 613/762/2052 584/756/1945
s 10
f 610/763/2035 607/754/2044 611/764/2053 614/735/2054
g default
v 7.294270 2.051302 25.272126
v 8.110657 2.051302 25.272126
v 7.296008 2.086808 25.272126
v 8.108919 2.170113 25.272126
v 7.296008 2.086808 22.574071
v 8.108919 2.170113 22.574071
v 7.294270 2.051302 22.574071
v 8.110657 2.051302 22.574071
vt 0.762127 0.495994
vt 0.008834 0.235072
vt 0.763064 0.006811
vt 0.008848 0.268251
vt 0.521041 0.495508
vt 0.762239 0.267935
vt 0.762129 0.006792
vt 0.762225 0.234756
vt 0.532289 0.268029
vt 0.991310 0.760182
vt 0.531021 0.268032
vt 0.532476 0.301209
vt 0.530955 0.495996
vt 0.008739 0.007108
vt 0.008739 0.505921
vt 0.008739 0.495994
vt 0.760393 0.296585
vt 0.762127 0.505921
vt 0.759707 0.286682
vt 0.991246 0.006792
vt 0.763128 0.760202
vt 0.497845 0.268508
vn 0.000000 0.000000 1.000000
vn 0.000000 0.000000 1.000000
vn 0.000000 0.000000 1.000000
vn 0.000000 0.000000 1.000000
vn -0.101942 0.994790 0.000000
vn -0.101942 0.994790 0.000000
vn -0.101942 0.994790 0.000000
vn -0.101942 0.994790 0.000000
vn 0.000000 0.000000 -1.000000
vn 0.000000 0.000000 -1.000000
vn 0.000000 0.000000 -1.000000
vn 0.000000 0.000000 -1.000000
vn 0.000000 -1.000000 0.000000
vn 0.000000 -1.000000 0.000000
vn 0.000000 -1.000000 0.000000
vn 0.000000 -1.000000 0.000000
vn 0.999893 0.014626 0.000000
vn 0.999893 0.014626 0.000000
vn 0.999893 0.014626 0.000000
vn 0.999893 0.014626 0.000000
vn -0.998804 0.048887 0.000000
vn -0.998804 0.048887 0.000000
vn -0.998804 0.048887 0.000000
vn -0.998804 0.048887 0.000000
s off
g pCube10
usemtl standardSurface4SG
f 615/781/2055 616/776/2056 618/773/2057 617/783/2058
f 617/767/2059 618/784/2060 620/774/2061 619/785/2062
f 619/769/2063 620/786/2064 622/775/2065 621/777/2066
f 621/771/2067 622/772/2068 616/766/2069 615/778/2070
f 616/766/2071 622/772/2072 620/770/2073 618/768/2074
f 621/780/2075 615/765/2076 617/782/2077 619/779/2078
g default
v 7.424273 -0.044178 22.200507
v 9.180115 -0.044178 22.200507
v 7.424273 1.710654 22.200507
v 9.180115 1.710654 22.200507
v 7.424273 1.710654 21.200507
v 9.180115 1.710654 21.200507
v 7.424273 -0.044178 21.200507
v 9.180115 -0.044178 21.200507
v 7.424273 1.438133 22.200507
v 7.424273 1.438133 21.200507
v 9.180115 1.438133 21.200507
v 9.180115 1.438133 22.200507
v 7.424273 1.235106 22.200507
v 7.424273 1.235106 21.200507
v 9.180115 1.235106 21.200507
v 9.180115 1.235106 22.200507
v 7.424273 1.014499 22.200507
v 7.424273 1.014499 21.200507
v 9.180115 1.014499 21.200507
v 9.180115 1.014499 22.200507
v 7.424273 0.838471 22.200507
v 7.424273 0.838471 21.200507
v 9.180115 0.838471 21.200507
v 9.180115 0.838471 22.200507
v 7.424273 1.483300 22.142708
v 7.424273 1.483300 21.258305
v 7.424273 1.665488 22.142708
v 7.424273 1.665488 21.258305
v 7.424273 1.259293 22.140820
v 7.424273 1.259293 21.260193
v 7.424273 1.413946 22.140820
v 7.424273 1.413946 21.260193
v 7.424273 1.051728 22.139349
v 7.424273 1.051728 21.261664
v 7.424273 1.197877 22.139349
v 7.424273 1.197877 21.261664
v 7.424273 0.885283 22.168496
v 7.424273 0.885283 21.232518
v 7.424273 0.967688 22.168496
v 7.424273 0.967688 21.232518
v 7.424273 0.417702 21.424056
v 7.424273 0.417702 21.976958
v 7.424273 0.662822 21.976958
v 7.424273 0.662822 21.424056
v 7.458384 1.483300 22.142708
v 7.458384 1.483300 21.258305
v 7.458384 1.665488 22.142708
v 7.458384 1.665488 21.258305
v 7.442707 1.271038 22.112280
v 7.442707 1.271038 21.288733
v 7.442707 1.402201 22.112280
v 7.442707 1.402201 21.288733
v 7.478927 1.051728 22.139349
v 7.478927 1.051728 21.261664
v 7.478927 1.197877 22.139349
v 7.478927 1.197877 21.261664
v 7.478927 0.885283 22.168496
v 7.478927 0.885283 21.232518
v 7.478927 0.967688 22.168496
v 7.478927 0.967688 21.232518
v 7.390544 0.417702 21.424056
v 7.390544 0.417702 21.976958
v 7.390544 0.662822 21.976958
v 7.390544 0.662822 21.424056
vt 0.375000 0.000000
vt 0.625000 0.000000
vt 0.375000 0.250000
vt 0.625000 0.250000
vt 0.375000 0.500000
vt 0.625000 0.500000
vt 0.375000 0.750000
vt 0.625000 0.750000
vt 0.375000 1.000000
vt 0.625000 1.000000
vt 0.875000 0.000000
vt 0.875000 0.250000
vt 0.125000 0.000000
vt 0.125000 0.250000
vt 0.375000 0.211176
vt 0.125000 0.211176
vt 0.375000 0.538824
vt 0.625000 0.538824
vt 0.875000 0.211176
vt 0.625000 0.211176
vt 0.375000 0.182252
vt 0.125000 0.182252
vt 0.375000 0.567748
vt 0.625000 0.567748
vt 0.875000 0.182252
vt 0.625000 0.182252
vt 0.375000 0.150823
vt 0.125000 0.150823
vt 0.375000 0.599177
vt 0.625000 0.599177
vt 0.875000 0.150823
vt 0.625000 0.150823
vt 0.375000 0.125746
vt 0.125000 0.125746
vt 0.375000 0.624254
vt 0.625000 0.624254
vt 0.875000 0.125746
vt 0.625000 0.125746
vt 0.125000 0.211176
vt 0.375000 0.211176
vt 0.375000 0.250000
vt 0.125000 0.250000
vt 0.125000 0.182252
vt 0.375000 0.182252
vt 0.375000 0.211176
vt 0.125000 0.211176
vt 0.125000 0.150823
vt 0.375000 0.150823
vt 0.375000 0.182252
vt 0.125000 0.182252
vt 0.125000 0.125746
vt 0.375000 0.125746
vt 0.375000 0.150823
vt 0.125000 0.150823
vt 0.125000 0.000000
vt 0.375000 0.000000
vt 0.375000 0.125746
vt 0.125000 0.125746
vt 0.125000 0.211176
vt 0.375000 0.211176
vt 0.375000 0.250000
vt 0.125000 0.250000
vt 0.125000 0.182252
vt 0.375000 0.182252
vt 0.375000 0.211176
vt 0.125000 0.211176
vt 0.125000 0.150823
vt 0.375000 0.150823
vt 0.375000 0.182252
vt 0.125000 0.182252
vt 0.125000 0.125746
vt 0.375000 0.125746
vt 0.375000 0.150823
vt 0.125000 0.150823
vt 0.125000 0.000000
vt 0.375000 0.000000
vt 0.375000 0.125746
vt 0.125000 0.125746
vn 0.000000 0.000000 1.000000
vn 0.000000 0.000000 1.000000
vn 0.000000 0.000000 1.000000
vn 0.000000 0.000000 1.000000
vn 0.000000 1.000000 0.000000
vn 0.000000 1.000000 0.000000
vn 0.000000 1.000000 0.000000
vn 0.000000 1.000000 0.000000
vn 0.000000 0.000000 -1.000000
vn 0.000000 0.000000 -1.000000
vn 0.000000 0.000000 -1.000000
vn 0.000000 0.000000 -1.000000
vn 0.000000 -1.000000 0.000000
vn 0.000000 -1.000000 0.000000
vn 0.000000 -1.000000 0.000000
vn 0.000000 -1.000000 0.000000
vn 1.000000 0.000000 0.000000
vn 1.000000 0.000000 0.000000
vn 1.000000 0.000000 0.000000
vn 1.000000 0.000000 0.000000
vn -1.000000 0.000000 0.000000
vn -1.000000 0.000000 0.000000
vn -1.000000 0.000000 0.000000
vn -1.000000 0.000000 0.000000
vn -1.000000 0.000000 0.000000
vn -1.000000 0.000000 0.000000
vn -1.000000 0.000000 0.000000
vn -1.000000 0.000000 0.000000
vn 0.000000 0.000000 -1.000000
vn 0.000000 0.000000 -1.000000
vn 0.000000 0.000000 -1.000000
vn 0.000000 0.000000 -1.000000
vn 1.000000 0.000000 0.000000
vn 1.000000 0.000000 0.000000
vn 1.000000 0.000000 0.000000
vn 1.000000 0.000000 0.000000
vn 0.000000 0.000000 1.000000
vn 0.000000 0.000000 1.000000
vn 0.000000 0.000000 1.000000
vn 0.000000 0.000000 1.000000
vn -1.000000 0.000000 0.000000
vn -1.000000 0.000000 0.000000
vn -1.000000 0.000000 0.000000
vn -1.000000 0.000000 0.000000
vn 0.000000 0.000000 -1.000000
vn 0.000000 0.000000 -1.000000
vn 1.000000 0.000000 0.000000
vn 1.000000 0.000000 0.000000
vn 0.000000 0.000000 1.000000
vn 0.000000 0.000000 1.000000
vn -1.000000 0.000000 0.000000
vn -1.000000 0.000000 0.000000
vn -1.000000 0.000000 0.000000
vn -1.000000 0.000000 0.000000
vn 0.000000 0.000000 -1.000000
vn 0.000000 0.000000 -1.000000
vn 1.000000 0.000000 0.000000
vn 1.000000 0.000000 0.000000
vn 0.000000 0.000000 1.000000
vn 0.000000 0.000000 1.000000
vn -1.000000 0.000000 0.000000
vn -1.000000 0.000000 0.000000
vn -1.000000 0.000000 0.000000
vn -1.000000 0.000000 0.000000
vn -1.000000 0.000002 0.000000
vn -1.000000 0.000002 0.000000
vn -1.000000 0.000002 0.000000
vn -1.000000 0.000002 0.000000
vn -1.000000 0.000000 0.000000
vn -1.000000 0.000000 0.000000
vn -1.000000 0.000000 0.000000
vn -1.000000 0.000000 0.000000
vn -1.000000 -0.000002 0.000000
vn -1.000000 -0.000002 0.000000
vn -1.000000 -0.000002 0.000000
vn -1.000000 -0.000002 0.000000
vn -1.000000 0.000000 0.000000
vn -1.000000 0.000000 0.000000
vn -1.000000 0.000000 0.000000
vn -1.000000 0.000000 0.000000
vn -1.000000 0.000001 0.000000
vn -1.000000 0.000001 0.000000
vn -1.000000 0.000001 0.000000
vn -1.000000 0.000001 0.000000
vn -1.000000 0.000000 0.000000
vn -1.000000 0.000000 0.000000
vn -1.000000 0.000000 0.000000
vn -1.000000 0.000000 0.000000
vn -1.000000 -0.000001 0.000000
vn -1.000000 -0.000001 0.000000
vn -1.000000 -0.000001 0.000000
vn -1.000000 -0.000001 0.000000
vn -1.000000 0.000000 0.000000
vn -1.000000 0.000000 0.000000
vn -1.000000 0.000000 0.000000
vn -1.000000 0.000000 0.000000
vn -1.000000 0.000000 0.000000
vn -1.000000 0.000000 0.000000
vn -1.000000 0.000000 0.000000
vn -1.000000 0.000000 0.000000
vn -1.000000 0.000000 0.000000
vn -1.000000 0.000000 0.000000
vn -1.000000 0.000000 0.000000
vn -1.000000 0.000000 0.000000
vn -1.000000 -0.000000 0.000000
vn -1.000000 -0.000000 0.000000
vn -1.000000 -0.000000 0.000000
vn -1.000000 -0.000000 0.000000
vn -1.000000 0.000000 0.000000
vn -1.000000 0.000000 0.000000
vn -1.000000 0.000000 0.000000
vn -1.000000 0.000000 0.000000
vn -1.000000 -0.000002 0.000000
vn -1.000000 -0.000002 0.000000
vn -1.000000 -0.000002 0.000000
vn -1.000000 -0.000002 0.000000
vn -1.000000 0.000000 0.000000
vn -1.000000 0.000000 0.000000
vn -1.000000 0.000000 0.000000
vn -1.000000 0.000000 0.000000
vn -1.000000 0.000002 0.000000
vn -1.000000 0.000002 0.000000
vn -1.000000 0.000002 0.000000
vn -1.000000 0.000002 0.000000
vn -1.000000 0.000000 0.000000
vn -1.000000 0.000000 0.000000
vn -1.000000 0.000000 0.000000
vn -1.000000 0.000000 0.000000
vn -1.000000 -0.000000 0.000000
vn -1.000000 -0.000000 0.000000
vn -1.000000 -0.000000 0.000000
vn -1.000000 -0.000000 0.000000
vn -1.000000 0.000000 0.000000
vn -1.000000 0.000000 0.000000
vn -1.000000 0.000000 0.000000
vn -1.000000 0.000000 0.000000
vn -1.000000 0.000000 0.000000
vn -1.000000 0.000000 0.000000
vn -1.000000 0.000000 0.000000
vn -1.000000 0.000000 0.000000
vn -1.000000 0.000000 0.000000
vn -1.000000 0.000000 0.000000
vn -1.000000 0.000000 0.000000
vn -1.000000 0.000000 0.000000
vn 0.000000 1.000000 0.000000
vn 0.000000 1.000000 0.000000
vn 0.000000 1.000000 0.000000
vn 0.000000 1.000000 0.000000
vn 0.000000 0.000000 -1.000000
vn 0.000000 0.000000 -1.000000
vn 0.000000 0.000000 -1.000000
vn 0.000000 0.000000 -1.000000
vn 0.000000 -1.000000 0.000000
vn 0.000000 -1.000000 0.000000
vn 0.000000 -1.000000 0.000000
vn 0.000000 -1.000000 0.000000
vn 0.000000 0.000000 1.000000
vn 0.000000 0.000000 1.000000
vn 0.000000 0.000000 1.000000
vn 0.000000 0.000000 1.000000
vn -0.537336 0.843368 0.000000
vn -0.537336 0.843368 0.000000
vn -0.537336 0.843368 0.000000
vn -0.537336 0.843368 0.000000
vn -0.840009 0.000000 -0.542573
vn -0.840009 0.000000 -0.542573
vn -0.840009 0.000000 -0.542573
vn -0.840009 0.000000 -0.542573
vn -0.537336 -0.843368 0.000000
vn -0.537336 -0.843368 0.000000
vn -0.537336 -0.843368 0.000000
vn -0.537336 -0.843368 0.000000
vn -0.840009 0.000000 0.542573
vn -0.840009 0.000000 0.542573
vn -0.840009 0.000000 0.542573
vn -0.840009 0.000000 0.542573
vn 0.000000 1.000000 0.000000
vn 0.000000 1.000000 0.000000
vn 0.000000 1.000000 0.000000
vn 0.000000 1.000000 0.000000
vn 0.000000 0.000000 -1.000000
vn 0.000000 0.000000 -1.000000
vn 0.000000 0.000000 -1.000000
vn 0.000000 0.000000 -1.000000
vn 0.000000 -1.000000 0.000000
vn 0.000000 -1.000000 0.000000
vn 0.000000 -1.000000 0.000000
vn 0.000000 -1.000000 0.000000
vn 0.000000 0.000000 1.000000
vn 0.000000 0.000000 1.000000
vn 0.000000 0.000000 1.000000
vn 0.000000 0.000000 1.000000
vn 0.000000 1.000000 0.000000
vn 0.000000 1.000000 0.000000
vn 0.000000 1.000000 0.000000
vn 0.000000 1.000000 0.000000
vn 0.000000 0.000000 -1.000000
vn 0.000000 0.000000 -1.000000
vn 0.000000 0.000000 -1.000000
vn 0.000000 0.000000 -1.000000
vn 0.000000 -1.000000 0.000000
vn 0.000000 -1.000000 0.000000
vn 0.000000 -1.000000 0.000000
vn 0.000000 -1.000000 0.000000
vn 0.000000 0.000000 1.000000
vn 0.000000 0.000000 1.000000
vn 0.000000 0.000000 1.000000
vn 0.000000 0.000000 1.000000
vn 0.000000 -1.000000 0.000000
vn 0.000000 -1.000000 0.000000
vn 0.000000 -1.000000 0.000000
vn 0.000000 -1.000000 0.000000
vn 0.000000 0.000000 1.000000
vn 0.000000 0.000000 1.000000
vn 0.000000 0.000000 1.000000
vn 0.000000 0.000000 1.000000
vn 0.000000 1.000000 0.000000
vn 0.000000 1.000000 0.000000
vn 0.000000 1.000000 0.000000
vn 0.000000 1.000000 0.000000
vn 0.000000 0.000000 -1.000000
vn 0.000000 0.000000 -1.000000
vn 0.000000 0.000000 -1.000000
vn 0.000000 0.000000 -1.000000
s 1
g pCube9
usemtl initialShadingGroup
f 623/787/2079 624/788/2080 646/824/2081 643/819/2082
s off
f 625/789/2083 626/790/2084 628/792/2085 627/791/2086
s 2
f 644/821/2087 645/822/2088 630/794/2089 629/793/2090
s off
f 629/793/2091 630/794/2092 624/796/2093 623/795/2094
s 3
f 624/788/2095 630/797/2096 645/823/2097 646/824/2098
s off
f 683/861/2099 684/862/2100 685/863/2101 686/864/2102
f 668/845/2103 667/846/2104 669/847/2105 670/848/2106
s 2
f 627/791/2107 628/792/2108 633/804/2109 632/803/2110
s 3
f 634/806/2111 633/805/2112 628/798/2113 626/790/2114
s 1
f 631/801/2115 634/806/2116 626/790/2117 625/789/2118
s off
f 672/849/2119 671/850/2120 673/851/2121 674/852/2122
s 2
f 632/803/2110 633/804/2109 637/810/2123 636/809/2124
s 3
f 638/812/2125 637/811/2126 633/805/2112 634/806/2111
s 1
f 635/807/2127 638/812/2128 634/806/2116 631/801/2115
s off
f 676/853/2129 675/854/2130 677/855/2131 678/856/2132
s 2
f 636/809/2124 637/810/2123 641/816/2133 640/815/2134
s 3
f 642/818/2135 641/817/2136 637/811/2126 638/812/2125
s 1
f 639/813/2137 642/818/2138 638/812/2128 635/807/2127
s off
f 680/857/2139 679/858/2140 681/859/2141 682/860/2142
s 2
f 640/815/2134 641/816/2133 645/822/2088 644/821/2087
s 3
f 646/824/2098 645/823/2097 641/817/2136 642/818/2135
s 1
f 643/819/2082 646/824/2081 642/818/2138 639/813/2137
s off
f 632/802/2143 631/801/2144 647/826/2145 648/825/2146
f 631/801/2147 625/789/2148 649/827/2149 647/826/2150
f 625/789/2151 627/800/2152 650/828/2153 649/827/2154
f 627/800/2155 632/802/2156 648/825/2157 650/828/2158
f 636/808/2159 635/807/2160 651/830/2161 652/829/2162
f 635/807/2163 631/801/2164 653/831/2165 651/830/2166
f 631/801/2167 632/802/2168 654/832/2169 653/831/2170
f 632/802/2171 636/808/2172 652/829/2173 654/832/2174
f 640/814/2175 639/813/2176 655/834/2177 656/833/2178
f 639/813/2179 635/807/2180 657/835/2181 655/834/2182
f 635/807/2183 636/808/2184 658/836/2185 657/835/2186
f 636/808/2187 640/814/2188 656/833/2189 658/836/2190
f 644/820/2191 643/819/2192 659/838/2193 660/837/2194
f 643/819/2195 639/813/2196 661/839/2197 659/838/2198
f 639/813/2199 640/814/2200 662/840/2201 661/839/2202
f 640/814/2203 644/820/2204 660/837/2205 662/840/2206
f 629/799/2207 623/787/2208 664/842/2209 663/841/2210
f 623/787/2211 643/819/2212 665/843/2213 664/842/2214
f 643/819/2215 644/820/2216 666/844/2217 665/843/2218
f 644/820/2219 629/799/2220 663/841/2221 666/844/2222
f 648/825/2223 647/826/2224 667/846/2225 668/845/2226
f 647/826/2227 649/827/2228 669/847/2229 667/846/2230
f 649/827/2231 650/828/2232 670/848/2233 669/847/2234
f 650/828/2235 648/825/2236 668/845/2237 670/848/2238
f 652/829/2239 651/830/2240 671/850/2241 672/849/2242
f 651/830/2243 653/831/2244 673/851/2245 671/850/2246
f 653/831/2247 654/832/2248 674/852/2249 673/851/2250
f 654/832/2251 652/829/2252 672/849/2253 674/852/2254
f 656/833/2255 655/834/2256 675/854/2257 676/853/2258
f 655/834/2259 657/835/2260 677/855/2261 675/854/2262
f 657/835/2263 658/836/2264 678/856/2265 677/855/2266
f 658/836/2267 656/833/2268 676/853/2269 678/856/2270
f 660/837/2271 659/838/2272 679/858/2273 680/857/2274
f 659/838/2275 661/839/2276 681/859/2277 679/858/2278
f 661/839/2279 662/840/2280 682/860/2281 681/859/2282
f 662/840/2283 660/837/2284 680/857/2285 682/860/2286
f 663/841/2287 664/842/2288 684/862/2289 683/861/2290
f 664/842/2291 665/843/2292 685/863/2293 684/862/2294
f 665/843/2295 666/844/2296 686/864/2297 685/863/2298
f 666/844/2299 663/841/2300 683/861/2301 686/864/2302
g default
v 7.389394 2.192697 25.896972
v 7.515678 2.192697 25.926428
v 7.417323 2.210775 25.825926
v 7.543824 2.192697 25.830235
v 7.601855 2.192697 25.847680
v 7.438673 2.210775 25.752959
v 7.547544 2.192697 25.817520
v 7.605826 2.192697 25.834107
v 7.453445 2.192697 25.678064
v 7.575690 2.192697 25.721327
v 7.453445 2.032328 25.678064
v 7.544654 2.032328 25.704751
v 7.635866 2.032328 25.731440
v 7.432095 2.032328 25.751034
v 7.523303 2.032328 25.777722
v 7.614515 2.032328 25.804410
v 7.410744 2.032328 25.824002
v 7.501953 2.032328 25.850689
v 7.593165 2.032328 25.877377
v 7.389394 2.032328 25.896972
v 7.480602 2.032328 25.923659
v 7.571814 2.032328 25.950348
v 7.284658 2.120096 25.916501
v 7.307928 2.161851 25.893743
v 7.372356 2.120096 25.955201
v 7.378718 2.161851 25.933458
v 7.493307 2.120096 26.002885
v 7.499119 2.149572 25.983019
v 7.552066 2.120096 26.018098
v 7.656065 2.120096 26.044596
v 7.383089 2.161851 25.636870
v 7.375757 2.120096 25.605158
v 7.464121 2.161851 25.641577
v 7.470483 2.120096 25.619835
v 7.592248 2.149572 25.664736
v 7.598061 2.120096 25.644869
v 7.655753 2.120096 25.663730
v 7.757633 2.120096 25.697471
v 7.289862 2.174117 25.851649
v 7.241950 2.120096 25.829598
v 7.734992 2.120096 26.000606
v 7.288483 2.179930 25.788228
v 7.247843 2.120096 25.776337
v 7.738038 2.161851 25.887527
v 7.764551 2.120096 25.894819
v 7.309834 2.179930 25.715261
v 7.269193 2.120096 25.703369
v 7.742009 2.161851 25.873954
v 7.768271 2.120096 25.882104
v 7.345181 2.174117 25.662586
v 7.292940 2.120096 25.655332
v 7.800398 2.120096 25.777068
v 7.294182 2.043634 25.906097
v 7.284658 2.058468 25.916501
v 7.375762 2.040821 25.943560
v 7.372356 2.057128 25.955201
v 7.462958 2.040821 25.983962
v 7.459252 2.057128 25.996627
v 7.554170 2.040821 26.010650
v 7.550464 2.057128 26.023315
v 7.640459 2.041770 26.035272
v 7.641676 2.057573 26.050003
v 7.378170 2.043634 25.619054
v 7.375757 2.058468 25.605158
v 7.467076 2.040821 25.631479
v 7.470483 2.057128 25.619835
v 7.562298 2.040821 25.644452
v 7.566004 2.057128 25.631784
v 7.653510 2.040821 25.671140
v 7.657216 2.057128 25.658472
v 7.739467 2.041771 25.696905
v 7.748428 2.057565 25.685161
v 7.297727 2.042011 25.658583
v 7.282230 2.072541 25.652199
v 7.795056 2.042298 25.780230
v 7.808530 2.058925 25.781961
v 7.282735 2.042287 25.707332
v 7.269193 2.057810 25.703369
v 7.796747 2.042359 25.857731
v 7.806762 2.057844 25.860661
v 7.261385 2.042287 25.780299
v 7.247843 2.057810 25.776337
v 7.775397 2.042359 25.930698
v 7.785412 2.057844 25.933628
v 7.248095 2.042135 25.831396
v 7.231240 2.072992 25.826465
v 7.732615 2.042135 25.995273
v 7.744478 2.058474 26.000869
v 7.503570 2.205627 25.930380
v 7.571814 2.205627 25.950348
v 7.601855 2.205627 25.847680
v 7.533610 2.205627 25.827712
v 7.492894 2.174781 25.966866
v 7.561138 2.174781 25.986834
v 7.638399 2.174781 26.009440
v 7.712766 2.174781 25.973897
v 7.738038 2.174781 25.887527
v 7.537581 2.204466 25.814139
v 7.605826 2.204466 25.834107
v 7.635866 2.204466 25.731440
v 7.567622 2.204466 25.711472
v 7.578297 2.173620 25.674985
v 7.646542 2.173620 25.694953
v 7.723802 2.173620 25.717559
v 7.767281 2.173620 25.787584
v 7.742009 2.173620 25.873954
v 7.638867 2.161851 25.685673
v 7.722024 2.161851 25.720998
v 7.761638 2.161851 25.786933
v 7.549671 2.161851 25.990514
v 7.638755 2.161851 26.005583
v 7.707662 2.161851 25.971403
vt 0.500000 0.350000
vt 0.500000 0.400000
vt 0.500000 0.850000
vt 0.500000 0.900000
vt 0.375000 0.299999
vt 0.375000 0.553840
vt 0.394621 0.475002
vt 0.605210 0.475002
vt 0.375000 0.350000
vt 0.375000 0.400000
vt 0.625000 0.350000
vt 0.375001 0.450000
vt 0.625000 0.400000
vt 0.394621 0.274998
vt 0.437500 0.274998
vt 0.437500 0.299999
vt 0.500000 0.274998
vt 0.562500 0.274998
vt 0.500000 0.299999
vt 0.605210 0.274998
vt 0.611795 0.311167
vt 0.388996 0.310225
vt 0.437500 0.350000
vt 0.562500 0.300000
vt 0.611795 0.350000
vt 0.388997 0.350000
vt 0.437500 0.400000
vt 0.562500 0.350000
vt 0.611795 0.400000
vt 0.388996 0.400000
vt 0.562500 0.400000
vt 0.611795 0.438833
vt 0.388996 0.439775
vt 0.437500 0.450001
vt 0.500000 0.450001
vt 0.437500 0.475002
vt 0.562500 0.450001
vt 0.500000 0.475002
vt 0.562500 0.475003
vt 0.375000 1.000000
vt 0.375000 0.950873
vt 0.382523 0.990364
vt 0.437500 1.000000
vt 0.500000 1.000000
vt 0.562500 1.000000
vt 0.625000 1.000000
vt 0.617807 0.990927
vt 0.625000 0.950948
vt 0.382523 0.759636
vt 0.375000 0.799154
vt 0.625000 0.714260
vt 0.625000 0.799024
vt 0.375000 0.800000
vt 0.375000 0.850000
vt 0.625000 0.800000
vt 0.375000 0.900000
vt 0.625000 0.850000
vt 0.375000 0.950000
vt 0.625000 0.900000
vt 0.625000 0.950000
vt 0.437500 0.758680
vt 0.437500 0.800000
vt 0.500000 0.758680
vt 0.562500 0.758680
vt 0.500000 0.800000
vt 0.617812 0.759068
vt 0.619845 0.801396
vt 0.380460 0.801465
vt 0.437500 0.850000
vt 0.562500 0.800000
vt 0.620083 0.850000
vt 0.380196 0.850000
vt 0.437500 0.900000
vt 0.562500 0.850000
vt 0.620083 0.900000
vt 0.380196 0.900000
vt 0.562500 0.900000
vt 0.619999 0.948659
vt 0.380783 0.950000
vt 0.437500 0.950000
vt 0.500000 0.950000
vt 0.437500 0.991322
vt 0.562500 0.950000
vt 0.500000 0.991322
vt 0.562500 0.991322
vt 0.437500 0.034619
vt 0.375000 0.196159
vt 0.500000 0.034618
vt 0.437500 0.196159
vt 0.562500 0.034619
vt 0.500000 0.196159
vt 0.625000 0.035760
vt 0.562500 0.196159
vt 0.437500 0.553841
vt 0.375000 0.711944
vt 0.499999 0.553840
vt 0.437500 0.715381
vt 0.562500 0.553840
vt 0.500000 0.715381
vt 0.625000 0.553841
vt 0.562500 0.715381
vt 0.875000 0.035740
vt 0.875000 0.196159
vt 0.825000 0.196160
vt 0.825000 0.039228
vt 0.775000 0.196158
vt 0.775000 0.036456
vt 0.725000 0.196160
vt 0.725000 0.036456
vt 0.675000 0.196159
vt 0.675000 0.038070
vt 0.625000 0.196159
vt 0.125000 0.038056
vt 0.175000 0.036382
vt 0.125000 0.196159
vt 0.225000 0.036367
vt 0.175000 0.196159
vt 0.275000 0.036367
vt 0.225000 0.196160
vt 0.325000 0.037537
vt 0.275000 0.196158
vt 0.375000 0.038056
vt 0.325000 0.196160
vt 0.562500 0.350000
vt 0.500000 0.350000
vt 0.500000 0.299999
vt 0.500000 0.274998
vt 0.611795 0.350000
vt 0.500000 0.400000
vt 0.562500 0.400000
vt 0.500000 0.450001
vt 0.500000 0.475002
vt 0.611795 0.400000
vt 0.527948 0.456252
vt 0.531250 0.515380
vt 0.555897 0.437501
vt 0.562500 0.476920
vt 0.583846 0.418750
vt 0.593750 0.438460
vt 0.531250 0.234619
vt 0.527949 0.293748
vt 0.562500 0.273080
vt 0.555897 0.312499
vt 0.593750 0.311540
vt 0.583846 0.331250
vn 0.054120 0.990650 0.125234
vn 0.054120 0.990650 0.125234
vn 0.054120 0.990650 0.125234
vn 0.054120 0.990650 0.125234
vn 0.000000 1.000000 0.000000
vn 0.000000 1.000000 0.000000
vn 0.000000 1.000000 0.000000
vn 0.000000 1.000000 0.000000
vn 0.139987 0.989306 0.040960
vn 0.139987 0.989306 0.040960
vn 0.139987 0.989306 0.040960
vn 0.139987 0.989306 0.040960
vn 0.000000 1.000000 0.000000
vn 0.000000 1.000000 0.000000
vn 0.000000 1.000000 0.000000
vn 0.000000 1.000000 0.000000
vn 0.113091 0.990650 -0.076309
vn 0.113091 0.990650 -0.076309
vn 0.113091 0.990650 -0.076309
vn 0.113091 0.990650 -0.076309
vn 0.000000 1.000000 0.000000
vn 0.000000 1.000000 0.000000
vn 0.000000 1.000000 0.000000
vn 0.000000 1.000000 0.000000
vn 0.000000 -1.000000 0.000000
vn 0.000000 -1.000000 0.000000
vn 0.000000 -1.000000 0.000000
vn 0.000000 -1.000000 0.000000
vn 0.000000 -1.000000 0.000000
vn 0.000000 -1.000000 0.000000
vn 0.000000 -1.000000 0.000000
vn 0.000000 -1.000000 0.000000
vn 0.000000 -1.000000 0.000000
vn 0.000000 -1.000000 0.000000
vn 0.000000 -1.000000 0.000000
vn 0.000000 -1.000000 0.000000
vn 0.000000 -1.000000 0.000000
vn 0.000000 -1.000000 0.000000
vn 0.000000 -1.000000 0.000000
vn 0.000000 -1.000000 0.000000
vn 0.000000 -1.000000 0.000000
vn 0.000000 -1.000000 0.000000
vn 0.000000 -1.000000 0.000000
vn 0.000000 -1.000000 0.000000
vn 0.000000 -1.000000 0.000000
vn 0.000000 -1.000000 0.000000
vn 0.000000 -1.000000 0.000000
vn 0.000000 -1.000000 0.000000
vn -0.734760 0.549023 0.398373
vn -0.734760 0.549024 0.398373
vn -0.734760 0.549023 0.398373
vn -0.734760 0.549023 0.398373
vn -0.374369 0.536032 0.756649
vn -0.374369 0.536032 0.756649
vn -0.374369 0.536032 0.756649
vn -0.374369 0.536032 0.756649
vn -0.296606 0.518979 0.801677
vn -0.296606 0.518979 0.801677
vn -0.296606 0.518979 0.801677
vn -0.296606 0.518979 0.801677
vn -0.404130 0.549024 -0.731609
vn -0.404130 0.549024 -0.731610
vn -0.404130 0.549024 -0.731610
vn -0.404130 0.549024 -0.731610
vn 0.092546 0.536032 -0.839109
vn 0.092546 0.536032 -0.839109
vn 0.092546 0.536032 -0.839109
vn 0.092546 0.536032 -0.839109
vn 0.182316 0.518979 -0.835118
vn 0.182316 0.518979 -0.835118
vn 0.182316 0.518979 -0.835118
vn 0.182316 0.518979 -0.835118
vn -0.789362 0.613928 0.000046
vn -0.789362 0.613928 0.000046
vn -0.789362 0.613928 0.000046
vn -0.789362 0.613928 0.000046
vn -0.783418 0.577679 -0.229226
vn -0.783418 0.577679 -0.229226
vn -0.783418 0.577679 -0.229226
vn -0.783418 0.577679 -0.229226
vn 0.801598 0.549935 0.234546
vn 0.801598 0.549935 0.234546
vn 0.801598 0.549935 0.234546
vn 0.801598 0.549935 0.234546
vn -0.664836 0.613928 -0.425541
vn -0.664836 0.613928 -0.425541
vn -0.664836 0.613928 -0.425541
vn -0.664836 0.613928 -0.425541
vn -0.327545 0.815030 0.477955
vn -0.327545 0.815030 0.477955
vn -0.327545 0.815030 0.477955
vn -0.327545 0.815030 0.477955
vn -0.148835 0.794911 0.588188
vn -0.148835 0.794911 0.588188
vn -0.148835 0.794911 0.588188
vn -0.148835 0.794911 0.588188
vn -0.176938 0.776540 0.604714
vn -0.176938 0.776540 0.604714
vn -0.176938 0.776540 0.604714
vn -0.176938 0.776540 0.604714
vn 0.036659 0.902248 0.429656
vn 0.036659 0.902248 0.429656
vn 0.036659 0.902248 0.429656
vn 0.036659 0.902248 0.429656
vn -0.251763 0.960209 0.120891
vn -0.251763 0.960209 0.120891
vn -0.251763 0.960209 0.120891
vn -0.251763 0.960209 0.120891
vn 0.203877 0.977177 0.059654
vn 0.203877 0.977177 0.059654
vn 0.203877 0.977177 0.059654
vn 0.203877 0.977177 0.059654
vn -0.214931 0.974602 -0.062888
vn -0.214931 0.974602 -0.062888
vn -0.214931 0.974602 -0.062888
vn -0.214931 0.974602 -0.062888
vn 0.203877 0.977177 0.059654
vn 0.203877 0.977177 0.059654
vn 0.203877 0.977177 0.059654
vn 0.203877 0.977177 0.059654
vn -0.146889 0.960209 -0.237535
vn -0.146889 0.960209 -0.237535
vn -0.146889 0.960209 -0.237535
vn -0.146889 0.960209 -0.237535
vn 0.203877 0.977177 0.059654
vn 0.203877 0.977177 0.059654
vn 0.203877 0.977177 0.059654
vn 0.203877 0.977177 0.059654
vn -0.018244 0.815030 -0.579132
vn -0.018244 0.815030 -0.579132
vn -0.018244 0.815030 -0.579132
vn -0.018244 0.815030 -0.579132
vn 0.191700 0.794911 -0.575646
vn 0.191700 0.794911 -0.575646
vn 0.191700 0.794911 -0.575646
vn 0.191700 0.794911 -0.575646
vn 0.176938 0.776540 -0.604714
vn 0.176938 0.776540 -0.604714
vn 0.176938 0.776540 -0.604714
vn 0.176938 0.776540 -0.604714
vn 0.262481 0.902248 -0.342128
vn 0.262481 0.902248 -0.342128
vn 0.262481 0.902248 -0.342128
vn 0.262481 0.902248 -0.342128
vn -0.762463 -0.490691 0.421749
vn -0.762463 -0.490691 0.421749
vn -0.762463 -0.490691 0.421749
vn -0.762463 -0.490691 0.421749
vn -0.330541 -0.632867 0.700158
vn -0.330541 -0.632867 0.700158
vn -0.330541 -0.632867 0.700158
vn -0.330541 -0.632867 0.700158
vn -0.337496 -0.608708 0.718033
vn -0.337496 -0.608708 0.718033
vn -0.337496 -0.608708 0.718033
vn -0.337496 -0.608708 0.718033
vn -0.218301 -0.629056 0.746078
vn -0.218301 -0.629056 0.746078
vn -0.218301 -0.629056 0.746078
vn -0.218301 -0.629056 0.746078
vn -0.207744 -0.644158 0.736141
vn -0.207744 -0.644158 0.736141
vn -0.207744 -0.644158 0.736141
vn -0.207744 -0.644158 0.736141
vn 0.336675 -0.597319 0.727915
vn 0.336675 -0.597319 0.727915
vn 0.336675 -0.597319 0.727915
vn 0.336675 -0.597319 0.727915
vn 0.099016 -0.632909 -0.767868
vn 0.099016 -0.632909 -0.767868
vn 0.099016 -0.632909 -0.767868
vn 0.099016 -0.632909 -0.767868
vn -0.413694 -0.502668 -0.759067
vn -0.413694 -0.502668 -0.759067
vn -0.413694 -0.502668 -0.759067
vn -0.413694 -0.502668 -0.759067
vn 0.102779 -0.608796 -0.786641
vn 0.102779 -0.608796 -0.786641
vn 0.102779 -0.608796 -0.786641
vn 0.102779 -0.608796 -0.786641
vn 0.218282 -0.629140 -0.746014
vn 0.218282 -0.629140 -0.746014
vn 0.218282 -0.629140 -0.746014
vn 0.218282 -0.629140 -0.746014
vn 0.221764 -0.644177 -0.732023
vn 0.221764 -0.644177 -0.732023
vn 0.221764 -0.644177 -0.732023
vn 0.221764 -0.644177 -0.732023
vn 0.676011 -0.599921 -0.427905
vn 0.676011 -0.599921 -0.427905
vn 0.676011 -0.599921 -0.427905
vn 0.676011 -0.599921 -0.427905
vn -0.775788 -0.556147 -0.298082
vn -0.775788 -0.556147 -0.298082
vn -0.775788 -0.556147 -0.298082
vn -0.775788 -0.556147 -0.298082
vn 0.807369 -0.590037 -0.003451
vn 0.807369 -0.590037 -0.003451
vn 0.807369 -0.590037 -0.003451
vn 0.807369 -0.590037 -0.003451
vn -0.710193 -0.672640 -0.207801
vn -0.710193 -0.672640 -0.207801
vn -0.710193 -0.672640 -0.207801
vn -0.710193 -0.672640 -0.207801
vn 0.795927 -0.558806 0.232886
vn 0.795927 -0.558806 0.232886
vn 0.795927 -0.558806 0.232886
vn 0.795927 -0.558806 0.232886
vn -0.812080 -0.562215 -0.156336
vn -0.812080 -0.562215 -0.156336
vn -0.812080 -0.562215 -0.156336
vn -0.812080 -0.562215 -0.156336
vn 0.683049 -0.586255 0.435602
vn 0.683049 -0.586255 0.435602
vn 0.683049 -0.586255 0.435602
vn 0.683049 -0.586255 0.435602
vn -0.030932 -0.988220 -0.149878
vn -0.030932 -0.988221 -0.149878
vn -0.030932 -0.988221 -0.149878
vn -0.030932 -0.988221 -0.149878
vn 0.031461 -0.988503 -0.147889
vn 0.031461 -0.988503 -0.147889
vn 0.031461 -0.988503 -0.147889
vn 0.031461 -0.988503 -0.147889
vn 0.037620 -0.990986 -0.128572
vn 0.037620 -0.990986 -0.128572
vn 0.037620 -0.990986 -0.128572
vn 0.037620 -0.990986 -0.128572
vn 0.066451 -0.995134 -0.072752
vn 0.066451 -0.995134 -0.072752
vn 0.066451 -0.995134 -0.072752
vn 0.066451 -0.995134 -0.072752
vn -0.060954 -0.998013 -0.015940
vn -0.060954 -0.998013 -0.015940
vn -0.060954 -0.998013 -0.015940
vn -0.060954 -0.998013 -0.015940
vn 0.056170 -0.998391 0.007747
vn 0.056170 -0.998391 0.007747
vn 0.056170 -0.998391 0.007747
vn 0.056170 -0.998391 0.007747
vn -0.061292 -0.997959 -0.017934
vn -0.061292 -0.997959 -0.017934
vn -0.061292 -0.997959 -0.017934
vn -0.061292 -0.997959 -0.017934
vn 0.050635 -0.998607 0.014816
vn 0.050635 -0.998607 0.014816
vn 0.050635 -0.998607 0.014816
vn 0.050635 -0.998607 0.014816
vn -0.061000 -0.997971 -0.018256
vn -0.061000 -0.997971 -0.018256
vn -0.061000 -0.997971 -0.018256
vn -0.061000 -0.997971 -0.018256
vn 0.051349 -0.998432 0.022311
vn 0.051349 -0.998432 0.022311
vn 0.051349 -0.998432 0.022311
vn 0.051349 -0.998432 0.022311
vn -0.106799 -0.988178 0.109989
vn -0.106799 -0.988178 0.109989
vn -0.106799 -0.988178 0.109989
vn -0.106799 -0.988178 0.109989
vn -0.053217 -0.988505 0.141516
vn -0.053217 -0.988505 0.141516
vn -0.053217 -0.988505 0.141516
vn -0.053217 -0.988505 0.141516
vn -0.037618 -0.990987 0.128567
vn -0.037618 -0.990987 0.128567
vn -0.037618 -0.990987 0.128567
vn -0.037618 -0.990987 0.128567
vn 0.015758 -0.995073 0.097888
vn 0.015758 -0.995073 0.097888
vn 0.015758 -0.995073 0.097888
vn 0.015758 -0.995073 0.097888
vn -0.403720 0.000000 0.914882
vn -0.403720 0.000000 0.914882
vn -0.403720 0.000000 0.914882
vn -0.403720 0.000000 0.914882
vn -0.393317 0.060767 0.917392
vn -0.393317 0.060767 0.917392
vn -0.393317 0.060767 0.917392
vn -0.393317 0.060767 0.917392
vn -0.268467 0.068063 0.960881
vn -0.268467 0.068063 0.960881
vn -0.268467 0.068063 0.960881
vn -0.268467 0.068063 0.960881
vn -0.261389 0.114447 0.958425
vn -0.261389 0.114447 0.958425
vn -0.261389 0.114447 0.958424
vn -0.261389 0.114447 0.958425
vn 0.153119 0.000000 -0.988208
vn 0.153119 0.000000 -0.988208
vn 0.153119 0.000000 -0.988208
vn 0.153119 0.000000 -0.988208
vn 0.163234 0.060767 -0.984714
vn 0.163234 0.060767 -0.984714
vn 0.163234 0.060767 -0.984714
vn 0.163234 0.060767 -0.984714
vn 0.291835 0.068063 -0.954044
vn 0.291835 0.068063 -0.954044
vn 0.291835 0.068063 -0.954044
vn 0.291835 0.068063 -0.954044
vn 0.296477 0.114439 -0.948159
vn 0.296477 0.114439 -0.948159
vn 0.296477 0.114439 -0.948159
vn 0.296477 0.114439 -0.948159
vn 0.863545 0.022714 -0.503761
vn 0.863545 0.022714 -0.503761
vn 0.863544 0.022714 -0.503761
vn 0.863544 0.022714 -0.503761
vn 0.928789 0.327610 0.173269
vn 0.928789 0.327610 0.173269
vn 0.928789 0.327610 0.173269
vn 0.928789 0.327610 0.173269
vn 0.859568 0.444845 0.251507
vn 0.859568 0.444845 0.251507
vn 0.859568 0.444845 0.251507
vn 0.859568 0.444845 0.251507
vn 0.875695 0.326686 0.355576
vn 0.875695 0.326686 0.355576
vn 0.875695 0.326686 0.355576
vn 0.875695 0.326686 0.355576
vn 0.455840 0.022630 0.889774
vn 0.455840 0.022630 0.889774
vn 0.455840 0.022630 0.889774
vn 0.455840 0.022630 0.889774
vn -0.477124 0.071939 -0.875887
vn -0.477124 0.071939 -0.875887
vn -0.477124 0.071939 -0.875887
vn -0.477124 0.071939 -0.875887
vn -0.937628 0.100911 -0.332672
vn -0.937628 0.100911 -0.332672
vn -0.937628 0.100911 -0.332672
vn -0.937628 0.100911 -0.332672
vn -0.959759 0.000000 -0.280823
vn -0.959759 0.000000 -0.280823
vn -0.959759 0.000000 -0.280823
vn -0.959759 0.000000 -0.280823
vn -0.968916 0.101325 -0.225689
vn -0.968916 0.101325 -0.225689
vn -0.968916 0.101325 -0.225689
vn -0.968916 0.101325 -0.225689
vn -0.873908 0.072223 0.480696
vn -0.873908 0.072223 0.480696
vn -0.873908 0.072222 0.480696
vn -0.873908 0.072222 0.480696
vn 0.284027 0.018647 -0.958635
vn 0.284027 0.018647 -0.958635
vn 0.284027 0.018647 -0.958635
vn 0.284027 0.018647 -0.958635
vn -0.744713 -0.630810 -0.217901
vn -0.744713 -0.630810 -0.217901
vn -0.744713 -0.630810 -0.217901
vn -0.744713 -0.630810 -0.217901
vn -0.643959 -0.495933 -0.582552
vn -0.643959 -0.495933 -0.582552
vn -0.643959 -0.495933 -0.582552
vn -0.643959 -0.495933 -0.582552
vn 0.280823 0.000000 -0.959759
vn 0.280823 0.000000 -0.959759
vn 0.280823 0.000000 -0.959759
vn 0.280823 0.000000 -0.959759
vn -0.277508 0.020485 0.960505
vn -0.277508 0.020485 0.960505
vn -0.277508 0.020485 0.960505
vn -0.277508 0.020485 0.960505
vn -0.715820 -0.666133 -0.209447
vn -0.715820 -0.666133 -0.209447
vn -0.715820 -0.666133 -0.209447
vn -0.715820 -0.666133 -0.209447
vn -0.280823 0.000000 0.959759
vn -0.280823 0.000000 0.959759
vn -0.280823 0.000000 0.959759
vn -0.280823 0.000000 0.959759
vn -0.839269 -0.517780 0.165926
vn -0.839269 -0.517780 0.165926
vn -0.839269 -0.517780 0.165926
vn -0.839269 -0.517780 0.165926
vn 0.241328 0.547285 -0.801399
vn 0.241328 0.547285 -0.801399
vn 0.241328 0.547285 -0.801399
vn 0.241328 0.547285 -0.801399
vn 0.282453 0.589567 -0.756724
vn 0.282453 0.589567 -0.756724
vn 0.282453 0.589567 -0.756724
vn 0.282453 0.589567 -0.756724
vn 0.624049 0.696980 -0.353245
vn 0.624049 0.696980 -0.353245
vn 0.624049 0.696980 -0.353245
vn 0.624049 0.696980 -0.353245
vn 0.773762 0.598175 0.208515
vn 0.773762 0.598175 0.208515
vn 0.773762 0.598175 0.208515
vn 0.773762 0.598175 0.208515
vn -0.228725 0.547285 0.805086
vn -0.228725 0.547285 0.805086
vn -0.228725 0.547285 0.805086
vn -0.228725 0.547285 0.805086
vn -0.169990 0.589588 0.789613
vn -0.169990 0.589588 0.789613
vn -0.169990 0.589588 0.789613
vn -0.169990 0.589589 0.789613
vn 0.335194 0.696989 0.633918
vn 0.335194 0.696989 0.633918
vn 0.335194 0.696989 0.633918
vn 0.335194 0.696989 0.633918
vn 0.764121 0.598175 0.241466
vn 0.764121 0.598175 0.241466
vn 0.764121 0.598175 0.241466
vn 0.764121 0.598175 0.241466
vn 0.243519 0.496858 -0.832965
vn 0.243519 0.496858 -0.832965
vn 0.243519 0.496858 -0.832965
vn 0.243519 0.496858 -0.832965
vn 0.338070 0.096584 -0.936152
vn 0.338070 0.096584 -0.936152
vn 0.338070 0.096584 -0.936152
vn 0.338070 0.096584 -0.936152
vn 0.810097 -0.314050 -0.495091
vn 0.810097 -0.314050 -0.495091
vn 0.810097 -0.314050 -0.495091
vn 0.810097 -0.314050 -0.495091
vn 0.941545 -0.232479 0.243816
vn 0.941545 -0.232479 0.243816
vn 0.941545 -0.232479 0.243816
vn 0.941545 -0.232479 0.243816
vn 0.928783 -0.212597 0.303585
vn 0.928783 -0.212597 0.303585
vn 0.928783 -0.212597 0.303585
vn 0.928783 -0.212597 0.303585
vn 0.418986 -0.288379 0.860981
vn 0.418986 -0.288379 0.860981
vn 0.418986 -0.288379 0.860981
vn 0.418986 -0.288379 0.860981
vn -0.220041 0.087866 0.971525
vn -0.220041 0.087866 0.971525
vn -0.220041 0.087866 0.971525
vn -0.220041 0.087866 0.971525
vn -0.244555 0.473599 0.846107
vn -0.244555 0.473599 0.846107
vn -0.244555 0.473599 0.846107
vn -0.244555 0.473599 0.846107
s off
g pCube8
usemtl initialShadingGroup
f 687/880/2303 688/883/2304 690/865/2305 689/887/2306
f 775/990/2307 776/888/2308 777/988/2309 778/989/2310
f 689/887/2311 690/865/2312 693/866/2313 692/891/2314
f 690/865/2315 691/892/2316 694/895/2317 693/866/2318
f 692/891/2319 693/866/2320 696/899/2321 695/898/2322
f 784/993/2323 785/994/2324 786/901/2325 787/995/2326
f 697/926/2327 698/929/2328 701/867/2329 700/933/2330
f 698/929/2331 699/934/2332 702/938/2333 701/867/2334
f 700/933/2335 701/867/2336 704/868/2337 703/937/2338
f 701/867/2339 702/938/2340 705/941/2341 704/868/2342
f 703/937/2343 704/868/2344 707/945/2345 706/944/2346
f 704/868/2347 705/941/2348 708/947/2349 707/945/2350
f 709/951/2351 710/878/2352 725/886/2353 726/869/2354
f 710/878/2355 709/951/2356 711/953/2357 712/879/2358
f 712/879/2359 711/953/2360 713/955/2361 714/881/2362
f 717/871/2363 718/870/2364 737/876/2365 736/897/2366
f 718/870/2367 717/871/2368 719/900/2369 720/958/2370
f 720/958/2371 719/900/2372 721/902/2373 722/960/2374
f 726/869/2375 725/886/2376 728/890/2377 729/873/2378
f 729/873/2379 728/890/2380 732/894/2381 733/874/2382
f 730/889/2383 731/875/2384 735/877/2385 734/893/2386
f 733/874/2387 732/894/2388 736/897/2389 737/876/2390
f 710/878/2391 712/879/2392 687/880/2393 725/886/2394
f 712/879/2395 714/881/2396 688/883/2397 687/880/2398
f 779/991/2399 780/882/2400 776/888/2401 775/990/2402
f 780/882/2403 781/884/2404 782/885/2405 776/888/2406
f 725/886/2407 687/880/2408 689/887/2409 728/890/2410
f 776/888/2411 782/885/2412 783/992/2413 777/988/2414
f 728/890/2415 689/887/2416 692/891/2417 732/894/2418
f 691/892/2419 730/889/2420 734/893/2421 694/895/2422
f 732/894/2423 692/891/2424 695/898/2425 736/897/2426
f 785/994/2427 792/997/2428 791/896/2429 786/901/2430
f 736/897/2431 695/898/2432 719/900/2433 717/871/2434
f 695/898/2435 696/899/2436 721/902/2437 719/900/2438
f 787/995/2439 786/901/2440 789/903/2441 788/996/2442
f 786/901/2443 791/896/2444 790/872/2445 789/903/2446
f 739/906/2447 740/904/2448 772/905/2449 771/943/2450
f 740/904/2451 739/906/2452 741/946/2453 742/907/2454
f 742/907/2455 741/946/2456 743/948/2457 744/908/2458
f 744/908/2459 743/948/2460 745/949/2461 746/909/2462
f 746/909/2463 745/949/2464 747/911/2465 748/910/2466
f 748/910/2467 747/911/2468 773/942/2469 774/912/2470
f 749/913/2471 750/959/2472 752/961/2473 751/925/2474
f 750/959/2475 749/913/2476 759/932/2477 760/914/2478
f 751/925/2479 752/961/2480 754/963/2481 753/927/2482
f 753/927/2483 754/963/2484 756/965/2485 755/928/2486
f 755/928/2487 756/965/2488 758/915/2489 757/930/2490
f 757/930/2491 758/915/2492 762/916/2493 761/931/2494
f 760/917/2495 759/932/2496 763/936/2497 764/918/2498
f 761/931/2499 762/919/2500 766/921/2501 765/935/2502
f 764/918/2503 763/936/2504 767/940/2505 768/920/2506
f 765/935/2507 766/921/2508 770/923/2509 769/939/2510
f 768/920/2511 767/940/2512 771/943/2513 772/922/2514
f 769/939/2515 770/923/2516 774/924/2517 773/942/2518
f 749/913/2519 751/925/2520 697/926/2521 759/932/2522
f 751/925/2523 753/927/2524 698/929/2525 697/926/2526
f 753/927/2527 755/928/2528 699/934/2529 698/929/2530
f 755/928/2531 757/930/2532 761/931/2533 699/934/2534
f 759/932/2535 697/926/2536 700/933/2537 763/936/2538
f 699/934/2539 761/931/2540 765/935/2541 702/938/2542
f 763/936/2543 700/933/2544 703/937/2545 767/940/2546
f 702/938/2547 765/935/2548 769/939/2549 705/941/2550
f 767/940/2551 703/937/2552 706/944/2553 771/943/2554
f 705/941/2555 769/939/2556 773/942/2557 708/947/2558
f 771/943/2559 706/944/2560 741/946/2561 739/906/2562
f 706/944/2563 707/945/2564 743/948/2565 741/946/2566
f 707/945/2567 708/947/2568 745/949/2569 743/948/2570
f 708/947/2571 773/942/2572 747/911/2573 745/949/2574
f 740/986/2575 742/950/2576 711/953/2577 709/951/2578
f 742/950/2579 744/952/2580 713/955/2581 711/953/2582
f 744/952/2583 746/954/2584 715/957/2585 713/955/2586
f 746/954/2587 748/956/2588 716/976/2589 715/957/2590
f 718/870/2591 720/958/2592 752/961/2593 750/959/2594
f 720/958/2595 722/960/2596 754/963/2597 752/961/2598
f 722/960/2599 723/962/2600 756/965/2601 754/963/2602
f 723/962/2603 724/964/2604 758/915/2605 756/965/2606
f 762/969/2607 758/966/2608 724/967/2609 738/968/2610
f 766/971/2611 762/969/2612 738/968/2613 735/970/2614
f 770/973/2615 766/971/2616 735/970/2617 731/972/2618
f 774/975/2619 770/973/2620 731/972/2621 727/974/2622
f 748/956/2623 774/975/2624 727/974/2625 716/976/2626
f 750/977/2627 760/978/2628 737/981/2629 718/979/2630
f 760/978/2631 764/980/2632 733/983/2633 737/981/2634
f 764/980/2635 768/982/2636 729/985/2637 733/983/2638
f 768/982/2639 772/984/2640 726/987/2641 729/985/2642
f 772/984/2643 740/986/2644 709/951/2645 726/987/2646
f 691/892/2647 690/865/2648 778/989/2649 777/988/2650
f 690/865/2651 688/883/2652 775/990/2653 778/989/2654
f 688/883/2655 714/881/2656 779/991/2657 775/990/2658
f 730/889/2659 691/892/2660 777/988/2661 783/992/2662
f 693/866/2663 694/895/2664 785/994/2665 784/993/2666
f 696/899/2667 693/866/2668 784/993/2669 787/995/2670
f 694/895/2671 734/893/2672 792/997/2673 785/994/2674
f 721/902/2675 696/899/2676 787/995/2677 788/996/2678
f 722/960/2679 721/902/2680 793/998/2681 723/999/2682
f 723/999/2683 793/998/2684 794/1000/2685 724/1001/2686
f 724/1001/2687 794/1000/2688 795/1002/2689 738/1003/2690
f 738/1003/2691 795/1002/2692 734/893/2693 735/877/2694
f 714/881/2695 713/955/2696 715/1004/2697 796/1005/2698
f 796/1005/2699 715/1004/2700 716/1006/2701 797/1007/2702
f 797/1007/2703 716/1006/2704 727/1008/2705 798/1009/2706
f 798/1009/2707 727/1008/2708 731/875/2709 730/889/2710
f 788/996/2711 789/903/2712 793/998/2713 721/902/2714
f 789/903/2715 790/872/2716 794/1000/2717 793/998/2718
f 790/872/2719 791/896/2720 795/1002/2721 794/1000/2722
f 791/896/2723 792/997/2724 734/893/2725 795/1002/2726
f 783/992/2727 782/885/2728 798/1009/2729 730/889/2730
f 782/885/2731 781/884/2732 797/1007/2733 798/1009/2734
f 781/884/2735 780/882/2736 796/1005/2737 797/1007/2738
f 780/882/2739 779/991/2740 714/881/2741 796/1005/2742
g default
v 8.566679 2.035538 25.668294
v 8.566679 2.569264 25.668294
v 8.687277 2.063888 25.580675
v 8.663161 2.035538 25.598196
v 8.612744 2.063888 25.526523
v 8.603531 2.035538 25.554875
v 8.520616 2.063888 25.526523
v 8.529828 2.035538 25.554875
v 8.446083 2.063888 25.580675
v 8.470199 2.035538 25.598196
v 8.417614 2.063888 25.668294
v 8.447423 2.035538 25.668294
v 8.446083 2.063888 25.755910
v 8.470199 2.035538 25.738389
v 8.520616 2.063888 25.810063
v 8.529828 2.035538 25.781713
v 8.612744 2.063888 25.810063
v 8.603531 2.035538 25.781713
v 8.687277 2.063888 25.755910
v 8.663161 2.035538 25.738389
v 8.715746 2.063888 25.668294
v 8.685936 2.035538 25.668294
v 8.687277 2.540914 25.580675
v 8.663161 2.569264 25.598196
v 8.612744 2.540914 25.526523
v 8.603531 2.569264 25.554875
v 8.520616 2.540914 25.526523
v 8.529828 2.569264 25.554875
v 8.446083 2.540914 25.580675
v 8.470199 2.569264 25.598196
v 8.417614 2.540914 25.668294
v 8.447423 2.569264 25.668294
v 8.446083 2.540914 25.755910
v 8.470199 2.569264 25.738389
v 8.520616 2.540914 25.810063
v 8.529828 2.569264 25.781713
v 8.612744 2.540914 25.810063
v 8.603531 2.569264 25.781713
v 8.687277 2.540914 25.755910
v 8.663161 2.569264 25.738389
v 8.715746 2.540914 25.668294
v 8.685936 2.569264 25.668294
vt 0.375000 0.332419
vt 0.377500 0.312500
vt 0.397500 0.312500
vt 0.622500 0.312500
vt 0.602500 0.312500
vt 0.402500 0.312500
vt 0.422500 0.312500
vt 0.427500 0.312500
vt 0.447500 0.312500
vt 0.452500 0.312500
vt 0.472500 0.312500
vt 0.477500 0.312500
vt 0.497500 0.312500
vt 0.502499 0.312500
vt 0.522500 0.312500
vt 0.527500 0.312500
vt 0.547500 0.312500
vt 0.552500 0.312500
vt 0.572500 0.312500
vt 0.577500 0.312500
vt 0.597500 0.312500
vt 0.625000 0.667581
vt 0.622500 0.687500
vt 0.602500 0.687500
vt 0.377500 0.687500
vt 0.397500 0.687500
vt 0.402500 0.687500
vt 0.422500 0.687500
vt 0.427500 0.687500
vt 0.447500 0.687500
vt 0.452500 0.687500
vt 0.472500 0.687500
vt 0.477500 0.687500
vt 0.497500 0.687500
vt 0.502499 0.687500
vt 0.522500 0.687500
vt 0.527500 0.687500
vt 0.547500 0.687500
vt 0.552500 0.687500
vt 0.572500 0.687500
vt 0.577500 0.687500
vt 0.597500 0.687500
vt 0.400000 0.332419
vt 0.375000 0.667580
vt 0.425000 0.332422
vt 0.400000 0.667581
vt 0.450000 0.332419
vt 0.425000 0.667581
vt 0.475000 0.332419
vt 0.450000 0.667581
vt 0.500000 0.332419
vt 0.475000 0.667581
vt 0.525000 0.332419
vt 0.499999 0.667581
vt 0.550000 0.332420
vt 0.525000 0.667578
vt 0.575001 0.332419
vt 0.550000 0.667581
vt 0.600000 0.332419
vt 0.575000 0.667581
vt 0.625000 0.332420
vt 0.600000 0.667581
vt 0.601130 0.082775
vt 0.538628 0.037365
vt 0.461371 0.037365
vt 0.398869 0.082774
vt 0.374996 0.156250
vt 0.398869 0.229723
vt 0.461371 0.275135
vt 0.538628 0.275135
vt 0.601130 0.229723
vt 0.500000 0.156250
vt 0.625003 0.156250
vt 0.538628 0.962635
vt 0.461371 0.962635
vt 0.398869 0.917226
vt 0.374996 0.843750
vt 0.398869 0.770277
vt 0.461371 0.724865
vt 0.538628 0.724865
vt 0.601130 0.770277
vt 0.625003 0.843750
vt 0.601130 0.917225
vt 0.500000 0.843750
vn 0.808222 -0.044346 -0.587206
vn 0.557530 -0.724619 -0.405076
vn 0.212954 -0.724629 -0.655410
vn 0.308719 -0.044347 -0.950119
vn 0.999016 -0.044346 -0.000000
vn 0.689153 -0.724615 0.000001
vn -0.212955 -0.724630 -0.655410
vn -0.308719 -0.044347 -0.950119
vn -0.557532 -0.724619 -0.405075
vn -0.808224 -0.044346 -0.587204
vn -0.689153 -0.724615 0.000001
vn -0.999016 -0.044346 -0.000000
vn -0.557536 -0.724612 0.405080
vn -0.808219 -0.044346 0.587210
vn -0.212964 -0.724611 0.655428
vn -0.308720 -0.044345 0.950119
vn 0.212963 -0.724611 0.655428
vn 0.308719 -0.044345 0.950119
vn 0.557535 -0.724613 0.405082
vn 0.808218 -0.044346 0.587212
vn 0.808222 0.044346 -0.587206
vn 0.557528 0.724623 -0.405074
vn 0.689150 0.724618 0.000001
vn 0.999016 0.044346 -0.000000
vn 0.308718 0.044347 -0.950119
vn 0.212953 0.724632 -0.655408
vn -0.308719 0.044347 -0.950119
vn -0.212954 0.724633 -0.655407
vn -0.808224 0.044346 -0.587203
vn -0.557529 0.724622 -0.405072
vn -0.999016 0.044346 -0.000000
vn -0.689150 0.724619 0.000001
vn -0.808219 0.044346 0.587210
vn -0.557534 0.724616 0.405078
vn -0.308720 0.044345 0.950119
vn -0.212963 0.724614 0.655425
vn 0.308719 0.044345 0.950119
vn 0.212962 0.724614 0.655425
vn 0.808218 0.044346 0.587212
vn 0.557532 0.724616 0.405080
vn 0.000000 -1.000000 0.000000
vn 0.000000 -1.000000 0.000000
vn 0.000000 -1.000000 0.000000
vn 0.000000 -1.000000 0.000000
vn 0.000000 -1.000000 0.000000
vn 0.000000 -1.000000 0.000000
vn 0.000000 -1.000000 0.000000
vn 0.000000 -1.000000 0.000000
vn 0.000000 -1.000000 0.000000
vn 0.000000 -1.000000 0.000000
vn 0.000000 -1.000000 0.000000
vn 0.000000 1.000000 -0.000000
vn 0.000000 1.000000 0.000000
vn 0.000000 1.000000 -0.000000
vn 0.000000 1.000000 0.000000
vn 0.000000 1.000000 0.000000
vn 0.000000 1.000000 0.000000
vn 0.000000 1.000000 0.000000
vn 0.000000 1.000000 0.000000
vn 0.000000 1.000000 -0.000000
vn 0.000000 1.000000 -0.000000
vn 0.000000 1.000000 -0.000000
s 1
g pCylinder1
usemtl initialShadingGroup
f 801/1010/2743 802/1011/2744 804/1012/2745 803/1052/2746
f 802/1013/2744 801/1070/2743 819/1068/2747 820/1014/2748
f 803/1052/2746 804/1015/2745 806/1016/2749 805/1054/2750
f 805/1054/2750 806/1017/2749 808/1018/2751 807/1056/2752
f 807/1056/2752 808/1019/2751 810/1020/2753 809/1058/2754
f 809/1058/2754 810/1021/2753 812/1022/2755 811/1060/2756
f 811/1060/2756 812/1023/2755 814/1024/2757 813/1062/2758
f 813/1062/2758 814/1025/2757 816/1026/2759 815/1064/2760
f 815/1064/2760 816/1027/2759 818/1028/2761 817/1066/2762
f 817/1066/2762 818/1029/2761 820/1030/2748 819/1068/2747
f 821/1031/2763 822/1032/2764 840/1033/2765 839/1071/2766
f 822/1034/2764 821/1053/2763 823/1055/2767 824/1035/2768
f 824/1036/2768 823/1055/2767 825/1057/2769 826/1037/2770
f 826/1038/2770 825/1057/2769 827/1059/2771 828/1039/2772
f 828/1040/2772 827/1059/2771 829/1061/2773 830/1041/2774
f 830/1042/2774 829/1061/2773 831/1063/2775 832/1043/2776
f 832/1044/2776 831/1063/2775 833/1065/2777 834/1045/2778
f 834/1046/2778 833/1065/2777 835/1067/2779 836/1047/2780
f 836/1048/2780 835/1067/2779 837/1069/2781 838/1049/2782
f 838/1050/2782 837/1069/2781 839/1071/2766 840/1051/2765
f 801/1010/2743 803/1052/2746 823/1055/2767 821/1053/2763
f 803/1052/2746 805/1054/2750 825/1057/2769 823/1055/2767
f 805/1054/2750 807/1056/2752 827/1059/2771 825/1057/2769
f 807/1056/2752 809/1058/2754 829/1061/2773 827/1059/2771
f 809/1058/2754 811/1060/2756 831/1063/2775 829/1061/2773
f 811/1060/2756 813/1062/2758 833/1065/2777 831/1063/2775
f 813/1062/2758 815/1064/2760 835/1067/2779 833/1065/2777
f 815/1064/2760 817/1066/2762 837/1069/2781 835/1067/2779
f 817/1066/2762 819/1068/2747 839/1071/2766 837/1069/2781
f 819/1068/2747 801/1070/2743 821/1031/2763 839/1071/2766
s 3
f 804/1073/2783 802/1072/2784 799/1081/2785
f 806/1074/2786 804/1073/2783 799/1081/2785
f 808/1075/2787 806/1074/2786 799/1081/2785
f 810/1076/2788 808/1075/2787 799/1081/2785
f 812/1077/2789 810/1076/2788 799/1081/2785
f 814/1078/2790 812/1077/2789 799/1081/2785
f 816/1079/2791 814/1078/2790 799/1081/2785
f 818/1080/2792 816/1079/2791 799/1081/2785
f 820/1082/2793 818/1080/2792 799/1081/2785
f 802/1072/2784 820/1082/2793 799/1081/2785
s 4
f 822/1092/2794 824/1083/2795 800/1093/2796
f 824/1083/2795 826/1084/2797 800/1093/2796
f 826/1084/2797 828/1085/2798 800/1093/2796
f 828/1085/2798 830/1086/2799 800/1093/2796
f 830/1086/2799 832/1087/2800 800/1093/2796
f 832/1087/2800 834/1088/2801 800/1093/2796
f 834/1088/2801 836/1089/2802 800/1093/2796
f 836/1089/2802 838/1090/2803 800/1093/2796
f 838/1090/2803 840/1091/2804 800/1093/2796
f 840/1091/2804 822/1092/2794 800/1093/2796
g default
v 8.913929 2.171360 25.773326
v 8.682288 2.171360 26.254165
v 9.010272 2.258978 25.851208
v 9.000850 2.241457 25.815200
v 8.943125 2.313131 25.818860
v 8.947129 2.284778 25.789320
v 8.860125 2.313131 25.778876
v 8.880729 2.284778 25.757332
v 8.792978 2.258978 25.746528
v 8.827009 2.241457 25.731453
v 8.767330 2.171360 25.734172
v 8.806490 2.171360 25.721568
v 8.792978 2.083743 25.746528
v 8.827009 2.101264 25.731453
v 8.860125 2.029591 25.778876
v 8.880729 2.057941 25.757332
v 8.943125 2.029591 25.818860
v 8.947129 2.057941 25.789320
v 9.010272 2.083743 25.851208
v 9.000850 2.101264 25.815200
v 9.035920 2.171360 25.863564
v 9.021369 2.171360 25.825085
v 8.803240 2.258978 26.280965
v 8.769209 2.241457 26.296039
v 8.736092 2.313131 26.248616
v 8.715488 2.284778 26.270159
v 8.653093 2.313131 26.208632
v 8.649088 2.284778 26.238172
v 8.585945 2.258978 26.176284
v 8.595368 2.241457 26.212292
v 8.560297 2.171360 26.163929
v 8.574849 2.171360 26.202408
v 8.585945 2.083743 26.176284
v 8.595368 2.101264 26.212292
v 8.653093 2.029591 26.208632
v 8.649088 2.057941 26.238172
v 8.736092 2.029591 26.248616
v 8.715488 2.057941 26.270159
v 8.803240 2.083743 26.280965
v 8.769209 2.101264 26.296039
v 8.828888 2.171360 26.293320
v 8.789727 2.171360 26.305924
vt 0.375000 0.332419
vt 0.377500 0.312500
vt 0.397500 0.312500
vt 0.622500 0.312500
vt 0.602500 0.312500
vt 0.402500 0.312500
vt 0.422500 0.312500
vt 0.427500 0.312500
vt 0.447500 0.312500
vt 0.452500 0.312500
vt 0.472500 0.312500
vt 0.477500 0.312500
vt 0.497500 0.312500
vt 0.502499 0.312500
vt 0.522500 0.312500
vt 0.527500 0.312500
vt 0.547500 0.312500
vt 0.552500 0.312500
vt 0.572500 0.312500
vt 0.577500 0.312500
vt 0.597500 0.312500
vt 0.625000 0.667581
vt 0.622500 0.687500
vt 0.602500 0.687500
vt 0.377500 0.687500
vt 0.397500 0.687500
vt 0.402500 0.687500
vt 0.422500 0.687500
vt 0.427500 0.687500
vt 0.447500 0.687500
vt 0.452500 0.687500
vt 0.472500 0.687500
vt 0.477500 0.687500
vt 0.497500 0.687500
vt 0.502499 0.687500
vt 0.522500 0.687500
vt 0.527500 0.687500
vt 0.547500 0.687500
vt 0.552500 0.687500
vt 0.572500 0.687500
vt 0.577500 0.687500
vt 0.597500 0.687500
vt 0.400000 0.332419
vt 0.375000 0.667580
vt 0.425000 0.332422
vt 0.400000 0.667581
vt 0.450000 0.332419
vt 0.425000 0.667581
vt 0.475000 0.332419
vt 0.450000 0.667581
vt 0.500000 0.332419
vt 0.475000 0.667581
vt 0.525000 0.332419
vt 0.499999 0.667581
vt 0.550000 0.332420
vt 0.525000 0.667578
vt 0.575001 0.332419
vt 0.550000 0.667581
vt 0.600000 0.332419
vt 0.575000 0.667581
vt 0.625000 0.332420
vt 0.600000 0.667581
vt 0.601130 0.082775
vt 0.538628 0.037365
vt 0.461371 0.037365
vt 0.398869 0.082774
vt 0.374996 0.156250
vt 0.398869 0.229723
vt 0.461371 0.275135
vt 0.538628 0.275135
vt 0.601130 0.229723
vt 0.500000 0.156250
vt 0.625003 0.156250
vt 0.538628 0.962635
vt 0.461371 0.962635
vt 0.398869 0.917226
vt 0.374996 0.843750
vt 0.398869 0.770277
vt 0.461371 0.724865
vt 0.538628 0.724865
vt 0.601130 0.770277
vt 0.625003 0.843750
vt 0.601130 0.917225
vt 0.500000 0.843750
vn 0.747381 0.587206 0.310823
vn 0.816774 0.405076 -0.410844
vn 0.506347 0.655410 -0.560402
vn 0.297374 0.950119 0.094034
vn 0.919269 0.000000 0.393629
vn 0.935353 -0.000001 -0.353715
vn 0.122642 0.655410 -0.745250
vn -0.258881 0.950119 -0.173939
vn -0.187795 0.405074 -0.894789
vn -0.708890 0.587204 -0.390727
vn -0.306376 -0.000001 -0.951911
vn -0.880777 0.000000 -0.473532
vn -0.187802 -0.405080 -0.894785
vn -0.708886 -0.587210 -0.390725
vn 0.122625 -0.655428 -0.745237
vn -0.258883 -0.950119 -0.173937
vn 0.506347 -0.655428 -0.560381
vn 0.297374 -0.950119 0.094036
vn 0.816776 -0.405082 -0.410836
vn 0.747377 -0.587212 0.310821
vn 0.708888 0.587206 0.390726
vn 0.187790 0.405074 0.894790
vn 0.306372 -0.000001 0.951912
vn 0.880777 0.000000 0.473532
vn 0.258880 0.950119 0.173939
vn -0.122645 0.655408 0.745251
vn -0.297375 0.950119 -0.094034
vn -0.506348 0.655407 0.560405
vn -0.747383 0.587203 -0.310823
vn -0.816775 0.405072 0.410847
vn -0.919269 0.000000 -0.393629
vn -0.935352 -0.000001 0.353719
vn -0.747379 -0.587210 -0.310822
vn -0.816776 -0.405078 0.410839
vn -0.297375 -0.950119 -0.094036
vn -0.506348 -0.655425 0.560384
vn 0.258882 -0.950119 0.173937
vn -0.122628 -0.655425 0.745238
vn 0.708884 -0.587212 0.390724
vn 0.187797 -0.405080 0.894786
vn 0.434007 0.000000 -0.900909
vn 0.434007 0.000000 -0.900909
vn 0.434007 0.000000 -0.900909
vn 0.434007 0.000000 -0.900909
vn 0.434007 0.000000 -0.900909
vn 0.434007 0.000000 -0.900909
vn 0.434007 0.000000 -0.900909
vn 0.434007 0.000000 -0.900909
vn 0.434007 0.000000 -0.900909
vn 0.434007 0.000000 -0.900909
vn 0.434007 0.000000 -0.900909
vn -0.434007 0.000000 0.900909
vn -0.434007 -0.000000 0.900909
vn -0.434007 0.000000 0.900909
vn -0.434007 -0.000000 0.900909
vn -0.434007 -0.000000 0.900909
vn -0.434007 -0.000000 0.900909
vn -0.434007 -0.000000 0.900909
vn -0.434007 -0.000000 0.900909
vn -0.434007 0.000000 0.900909
vn -0.434007 0.000000 0.900909
vn -0.434007 0.000000 0.900909
s 1
g pCylinder9
usemtl initialShadingGroup
f 843/1094/2805 844/1095/2806 846/1096/2807 845/1136/2808
f 844/1097/2806 843/1154/2805 861/1152/2809 862/1098/2810
f 845/1136/2808 846/1099/2807 848/1100/2811 847/1138/2812
f 847/1138/2812 848/1101/2811 850/1102/2813 849/1140/2814
f 849/1140/2814 850/1103/2813 852/1104/2815 851/1142/2816
f 851/1142/2816 852/1105/2815 854/1106/2817 853/1144/2818
f 853/1144/2818 854/1107/2817 856/1108/2819 855/1146/2820
f 855/1146/2820 856/1109/2819 858/1110/2821 857/1148/2822
f 857/1148/2822 858/1111/2821 860/1112/2823 859/1150/2824
f 859/1150/2824 860/1113/2823 862/1114/2810 861/1152/2809
f 863/1115/2825 864/1116/2826 882/1117/2827 881/1155/2828
f 864/1118/2826 863/1137/2825 865/1139/2829 866/1119/2830
f 866/1120/2830 865/1139/2829 867/1141/2831 868/1121/2832
f 868/1122/2832 867/1141/2831 869/1143/2833 870/1123/2834
f 870/1124/2834 869/1143/2833 871/1145/2835 872/1125/2836
f 872/1126/2836 871/1145/2835 873/1147/2837 874/1127/2838
f 874/1128/2838 873/1147/2837 875/1149/2839 876/1129/2840
f 876/1130/2840 875/1149/2839 877/1151/2841 878/1131/2842
f 878/1132/2842 877/1151/2841 879/1153/2843 880/1133/2844
f 880/1134/2844 879/1153/2843 881/1155/2828 882/1135/2827
f 843/1094/2805 845/1136/2808 865/1139/2829 863/1137/2825
f 845/1136/2808 847/1138/2812 867/1141/2831 865/1139/2829
f 847/1138/2812 849/1140/2814 869/1143/2833 867/1141/2831
f 849/1140/2814 851/1142/2816 871/1145/2835 869/1143/2833
f 851/1142/2816 853/1144/2818 873/1147/2837 871/1145/2835
f 853/1144/2818 855/1146/2820 875/1149/2839 873/1147/2837
f 855/1146/2820 857/1148/2822 877/1151/2841 875/1149/2839
f 857/1148/2822 859/1150/2824 879/1153/2843 877/1151/2841
f 859/1150/2824 861/1152/2809 881/1155/2828 879/1153/2843
f 861/1152/2809 843/1154/2805 863/1115/2825 881/1155/2828
s 3
f 846/1157/2845 844/1156/2846 841/1165/2847
f 848/1158/2848 846/1157/2845 841/1165/2847
f 850/1159/2849 848/1158/2848 841/1165/2847
f 852/1160/2850 850/1159/2849 841/1165/2847
f 854/1161/2851 852/1160/2850 841/1165/2847
f 856/1162/2852 854/1161/2851 841/1165/2847
f 858/1163/2853 856/1162/2852 841/1165/2847
f 860/1164/2854 858/1163/2853 841/1165/2847
f 862/1166/2855 860/1164/2854 841/1165/2847
f 844/1156/2846 862/1166/2855 841/1165/2847
s 4
f 864/1176/2856 866/1167/2857 842/1177/2858
f 866/1167/2857 868/1168/2859 842/1177/2858
f 868/1168/2859 870/1169/2860 842/1177/2858
f 870/1169/2860 872/1170/2861 842/1177/2858
f 872/1170/2861 874/1171/2862 842/1177/2858
f 874/1171/2862 876/1172/2863 842/1177/2858
f 876/1172/2863 878/1173/2864 842/1177/2858
f 878/1173/2864 880/1174/2865 842/1177/2858
f 880/1174/2865 882/1175/2866 842/1177/2858
f 882/1175/2866 864/1176/2856 842/1177/2858
g default
v 9.354559 2.035538 26.589732
v 9.354559 2.569264 26.589732
v 9.475157 2.063888 26.502114
v 9.451040 2.035538 26.519635
v 9.400623 2.063888 26.447961
v 9.391411 2.035538 26.476314
v 9.308495 2.063888 26.447961
v 9.317708 2.035538 26.476314
v 9.233962 2.063888 26.502114
v 9.258079 2.035538 26.519635
v 9.205493 2.063888 26.589732
v 9.235303 2.035538 26.589732
v 9.233962 2.063888 26.677349
v 9.258079 2.035538 26.659828
v 9.308495 2.063888 26.731501
v 9.317708 2.035538 26.703151
v 9.400623 2.063888 26.731501
v 9.391411 2.035538 26.703151
v 9.475157 2.063888 26.677349
v 9.451040 2.035538 26.659828
v 9.503626 2.063888 26.589732
v 9.473816 2.035538 26.589732
v 9.475157 2.540914 26.502114
v 9.451040 2.569264 26.519635
v 9.400623 2.540914 26.447961
v 9.391411 2.569264 26.476314
v 9.308495 2.540914 26.447961
v 9.317708 2.569264 26.476314
v 9.233962 2.540914 26.502114
v 9.258079 2.569264 26.519635
v 9.205493 2.540914 26.589732
v 9.235303 2.569264 26.589732
v 9.233962 2.540914 26.677349
v 9.258079 2.569264 26.659828
v 9.308495 2.540914 26.731501
v 9.317708 2.569264 26.703151
v 9.400623 2.540914 26.731501
v 9.391411 2.569264 26.703151
v 9.475157 2.540914 26.677349
v 9.451040 2.569264 26.659828
v 9.503626 2.540914 26.589732
v 9.473816 2.569264 26.589732
vt 0.375000 0.332419
vt 0.377500 0.312500
vt 0.397500 0.312500
vt 0.622500 0.312500
vt 0.602500 0.312500
vt 0.402500 0.312500
vt 0.422500 0.312500
vt 0.427500 0.312500
vt 0.447500 0.312500
vt 0.452500 0.312500
vt 0.472500 0.312500
vt 0.477500 0.312500
vt 0.497500 0.312500
vt 0.502499 0.312500
vt 0.522500 0.312500
vt 0.527500 0.312500
vt 0.547500 0.312500
vt 0.552500 0.312500
vt 0.572500 0.312500
vt 0.577500 0.312500
vt 0.597500 0.312500
vt 0.625000 0.667581
vt 0.622500 0.687500
vt 0.602500 0.687500
vt 0.377500 0.687500
vt 0.397500 0.687500
vt 0.402500 0.687500
vt 0.422500 0.687500
vt 0.427500 0.687500
vt 0.447500 0.687500
vt 0.452500 0.687500
vt 0.472500 0.687500
vt 0.477500 0.687500
vt 0.497500 0.687500
vt 0.502499 0.687500
vt 0.522500 0.687500
vt 0.527500 0.687500
vt 0.547500 0.687500
vt 0.552500 0.687500
vt 0.572500 0.687500
vt 0.577500 0.687500
vt 0.597500 0.687500
vt 0.400000 0.332419
vt 0.375000 0.667580
vt 0.425000 0.332422
vt 0.400000 0.667581
vt 0.450000 0.332419
vt 0.425000 0.667581
vt 0.475000 0.332419
vt 0.450000 0.667581
vt 0.500000 0.332419
vt 0.475000 0.667581
vt 0.525000 0.332419
vt 0.499999 0.667581
vt 0.550000 0.332420
vt 0.525000 0.667578
vt 0.575001 0.332419
vt 0.550000 0.667581
vt 0.600000 0.332419
vt 0.575000 0.667581
vt 0.625000 0.332420
vt 0.600000 0.667581
vt 0.601130 0.082775
vt 0.538628 0.037365
vt 0.461371 0.037365
vt 0.398869 0.082774
vt 0.374996 0.156250
vt 0.398869 0.229723
vt 0.461371 0.275135
vt 0.538628 0.275135
vt 0.601130 0.229723
vt 0.500000 0.156250
vt 0.625003 0.156250
vt 0.538628 0.962635
vt 0.461371 0.962635
vt 0.398869 0.917226
vt 0.374996 0.843750
vt 0.398869 0.770277
vt 0.461371 0.724865
vt 0.538628 0.724865
vt 0.601130 0.770277
vt 0.625003 0.843750
vt 0.601130 0.917225
vt 0.500000 0.843750
vn 0.808222 -0.044346 -0.587206
vn 0.557530 -0.724619 -0.405076
vn 0.212954 -0.724629 -0.655410
vn 0.308719 -0.044347 -0.950119
vn 0.999016 -0.044346 -0.000000
vn 0.689153 -0.724615 0.000001
vn -0.212955 -0.724630 -0.655410
vn -0.308719 -0.044347 -0.950119
vn -0.557532 -0.724619 -0.405075
vn -0.808224 -0.044346 -0.587204
vn -0.689153 -0.724615 0.000001
vn -0.999016 -0.044346 -0.000000
vn -0.557536 -0.724612 0.405080
vn -0.808219 -0.044346 0.587210
vn -0.212964 -0.724611 0.655428
vn -0.308720 -0.044345 0.950119
vn 0.212963 -0.724611 0.655428
vn 0.308719 -0.044345 0.950119
vn 0.557535 -0.724613 0.405082
vn 0.808218 -0.044346 0.587212
vn 0.808222 0.044346 -0.587206
vn 0.557528 0.724623 -0.405074
vn 0.689150 0.724618 0.000001
vn 0.999016 0.044346 -0.000000
vn 0.308718 0.044347 -0.950119
vn 0.212953 0.724632 -0.655408
vn -0.308719 0.044347 -0.950119
vn -0.212954 0.724633 -0.655407
vn -0.808224 0.044346 -0.587203
vn -0.557529 0.724622 -0.405072
vn -0.999016 0.044346 -0.000000
vn -0.689150 0.724619 0.000001
vn -0.808219 0.044346 0.587210
vn -0.557534 0.724616 0.405078
vn -0.308720 0.044345 0.950119
vn -0.212963 0.724614 0.655425
vn 0.308719 0.044345 0.950119
vn 0.212962 0.724614 0.655425
vn 0.808218 0.044346 0.587212
vn 0.557532 0.724616 0.405080
vn 0.000000 -1.000000 0.000000
vn 0.000000 -1.000000 0.000000
vn 0.000000 -1.000000 0.000000
vn 0.000000 -1.000000 0.000000
vn 0.000000 -1.000000 0.000000
vn 0.000000 -1.000000 0.000000
vn 0.000000 -1.000000 0.000000
vn 0.000000 -1.000000 0.000000
vn 0.000000 -1.000000 0.000000
vn 0.000000 -1.000000 0.000000
vn 0.000000 -1.000000 0.000000
vn 0.000000 1.000000 -0.000000
vn 0.000000 1.000000 0.000000
vn 0.000000 1.000000 -0.000000
vn 0.000000 1.000000 0.000000
vn 0.000000 1.000000 0.000000
vn 0.000000 1.000000 0.000000
vn 0.000000 1.000000 0.000000
vn 0.000000 1.000000 0.000000
vn 0.000000 1.000000 -0.000000
vn 0.000000 1.000000 -0.000000
vn 0.000000 1.000000 -0.000000
s 1
g pCylinder10
usemtl initialShadingGroup
f 885/1178/2867 886/1179/2868 888/1180/2869 887/1220/2870
f 886/1181/2868 885/1238/2867 903/1236/2871 904/1182/2872
f 887/1220/2870 888/1183/2869 890/1184/2873 889/1222/2874
f 889/1222/2874 890/1185/2873 892/1186/2875 891/1224/2876
f 891/1224/2876 892/1187/2875 894/1188/2877 893/1226/2878
f 893/1226/2878 894/1189/2877 896/1190/2879 895/1228/2880
f 895/1228/2880 896/1191/2879 898/1192/2881 897/1230/2882
f 897/1230/2882 898/1193/2881 900/1194/2883 899/1232/2884
f 899/1232/2884 900/1195/2883 902/1196/2885 901/1234/2886
f 901/1234/2886 902/1197/2885 904/1198/2872 903/1236/2871
f 905/1199/2887 906/1200/2888 924/1201/2889 923/1239/2890
f 906/1202/2888 905/1221/2887 907/1223/2891 908/1203/2892
f 908/1204/2892 907/1223/2891 909/1225/2893 910/1205/2894
f 910/1206/2894 909/1225/2893 911/1227/2895 912/1207/2896
f 912/1208/2896 911/1227/2895 913/1229/2897 914/1209/2898
f 914/1210/2898 913/1229/2897 915/1231/2899 916/1211/2900
f 916/1212/2900 915/1231/2899 917/1233/2901 918/1213/2902
f 918/1214/2902 917/1233/2901 919/1235/2903 920/1215/2904
f 920/1216/2904 919/1235/2903 921/1237/2905 922/1217/2906
f 922/1218/2906 921/1237/2905 923/1239/2890 924/1219/2889
f 885/1178/2867 887/1220/2870 907/1223/2891 905/1221/2887
f 887/1220/2870 889/1222/2874 909/1225/2893 907/1223/2891
f 889/1222/2874 891/1224/2876 911/1227/2895 909/1225/2893
f 891/1224/2876 893/1226/2878 913/1229/2897 911/1227/2895
f 893/1226/2878 895/1228/2880 915/1231/2899 913/1229/2897
f 895/1228/2880 897/1230/2882 917/1233/2901 915/1231/2899
f 897/1230/2882 899/1232/2884 919/1235/2903 917/1233/2901
f 899/1232/2884 901/1234/2886 921/1237/2905 919/1235/2903
f 901/1234/2886 903/1236/2871 923/1239/2890 921/1237/2905
f 903/1236/2871 885/1238/2867 905/1199/2887 923/1239/2890
s 3
f 888/1241/2907 886/1240/2908 883/1249/2909
f 890/1242/2910 888/1241/2907 883/1249/2909
f 892/1243/2911 890/1242/2910 883/1249/2909
f 894/1244/2912 892/1243/2911 883/1249/2909
f 896/1245/2913 894/1244/2912 883/1249/2909
f 898/1246/2914 896/1245/2913 883/1249/2909
f 900/1247/2915 898/1246/2914 883/1249/2909
f 902/1248/2916 900/1247/2915 883/1249/2909
f 904/1250/2917 902/1248/2916 883/1249/2909
f 886/1240/2908 904/1250/2917 883/1249/2909
s 4
f 906/1260/2918 908/1251/2919 884/1261/2920
f 908/1251/2919 910/1252/2921 884/1261/2920
f 910/1252/2921 912/1253/2922 884/1261/2920
f 912/1253/2922 914/1254/2923 884/1261/2920
f 914/1254/2923 916/1255/2924 884/1261/2920
f 916/1255/2924 918/1256/2925 884/1261/2920
f 918/1256/2925 920/1257/2926 884/1261/2920
f 920/1257/2926 922/1258/2927 884/1261/2920
f 922/1258/2927 924/1259/2928 884/1261/2920
f 924/1259/2928 906/1260/2918 884/1261/2920
