# This file uses centimeters as units for non-parametric coordinates.

mtllib dinnertable_livingroom.mtl
g default
v 56.701823 1.605155 -15.382988
v 58.369787 1.605155 -15.382988
v 56.701823 1.802467 -17.050960
v 58.369787 1.802467 -17.050960
v 56.701823 1.605155 -17.050960
v 58.369787 1.605155 -17.050960
v 56.701823 1.605155 -16.861629
v 58.369787 1.605155 -16.861629
v 56.701823 1.802467 -15.536693
v 56.701823 1.605155 -15.536693
v 58.369787 1.605155 -15.536693
v 58.369787 1.802467 -15.536693
v 56.931445 1.605155 -15.382988
v 56.931445 1.802467 -15.536693
v 56.931445 1.802467 -16.861629
v 56.931445 1.802467 -17.050960
v 56.931445 1.605155 -17.050960
v 56.931445 1.605155 -16.861629
v 56.931445 1.605155 -15.536693
v 58.177999 1.802467 -16.861629
v 58.177999 1.802467 -15.536693
v 58.177999 1.605155 -15.382988
v 58.177999 1.605155 -15.536693
v 58.177999 1.605155 -16.861629
v 58.177999 1.605155 -17.050960
v 58.177999 1.802467 -17.050960
v 56.931445 3.611127 -17.508524
v 56.701823 3.611127 -17.508524
v 58.177999 3.611127 -17.508524
v 58.369787 3.611127 -17.508524
v 56.701823 0.458198 -15.536693
v 56.931445 0.458198 -15.536693
v 56.931445 0.458198 -15.382988
v 56.701823 0.458198 -15.382988
v 56.701823 0.458198 -17.050960
v 56.931445 0.458198 -17.050960
v 56.931445 0.458198 -16.861629
v 56.701823 0.458198 -16.861629
v 58.177999 0.458198 -16.861629
v 58.177999 0.458198 -17.050960
v 58.369787 0.458198 -17.050960
v 58.369787 0.458198 -16.861629
v 58.177999 0.458198 -15.382988
v 58.177999 0.458198 -15.536693
v 58.369787 0.458198 -15.536693
v 58.369787 0.458198 -15.382988
v 56.931445 2.340478 -16.861629
v 56.701823 2.340478 -17.050960
v 56.931445 2.340478 -17.050960
v 58.177999 2.340478 -17.050960
v 58.369787 2.340478 -17.050960
v 58.177999 2.340478 -16.861629
v 56.931445 2.898557 -17.019004
v 56.701823 2.898557 -17.208333
v 56.931445 2.898557 -17.208333
v 58.177999 2.898557 -17.208333
v 58.369787 2.898557 -17.208333
v 58.177999 2.898557 -17.019004
v 56.701823 1.802467 -16.952734
v 56.701823 1.705837 -16.861629
v 56.701823 1.802467 -16.764999
v 56.792914 1.802467 -16.861629
v 56.792914 2.340478 -16.861629
v 56.701823 2.327879 -16.952734
v 56.931445 3.611127 -17.396512
v 56.931445 3.539870 -17.289165
v 56.794848 3.541158 -17.289712
v 56.701823 3.611127 -17.403986
v 58.278685 1.802467 -16.861629
v 58.369787 1.802467 -16.764999
v 58.369787 1.705837 -16.861629
v 58.369787 1.802467 -16.952734
v 58.369787 2.327879 -16.952734
v 58.278685 2.340478 -16.861629
v 58.177999 3.611127 -17.396512
v 58.177999 3.539870 -17.289165
v 58.369787 3.611127 -17.403986
v 58.276750 3.541158 -17.289712
v 56.792914 2.898557 -17.019004
v 56.701823 2.868393 -17.105155
v 58.369787 2.868393 -17.105155
v 58.278685 2.898557 -17.019004
v 56.701823 1.802467 -15.444461
v 56.701823 1.740991 -15.382988
v 56.931445 1.740991 -15.382988
v 56.931445 1.802467 -15.444461
v 58.177999 1.802467 -15.444461
v 58.177999 1.740991 -15.382988
v 58.369787 1.740991 -15.382988
v 58.369787 1.802467 -15.444461
vt 0.625000 0.500000
vt 0.375000 0.750000
vt 0.625000 0.750000
vt 0.375000 1.000000
vt 0.625000 1.000000
vt 0.375000 0.778378
vt 0.625000 0.778378
vt 0.375000 0.976962
vt 0.625000 0.976962
vt 0.625000 0.273038
vt 0.409416 1.000000
vt 0.409416 0.500000
vt 0.409416 0.750000
vt 0.409416 0.778378
vt 0.409416 0.976962
vt 0.596253 1.000000
vt 0.596253 0.976962
vt 0.596253 0.778378
vt 0.596253 0.750000
vt 0.596253 0.500000
vt 0.375000 0.976962
vt 0.409416 0.976962
vt 0.409416 1.000000
vt 0.375000 1.000000
vt 0.375000 0.750000
vt 0.409416 0.750000
vt 0.409416 0.778378
vt 0.375000 0.778378
vt 0.596253 0.778378
vt 0.596253 0.750000
vt 0.625000 0.750000
vt 0.625000 0.778378
vt 0.596253 1.000000
vt 0.596253 0.976962
vt 0.625000 0.976962
vt 0.625000 1.000000
vt 0.409416 0.500000
vt 0.596253 0.500000
vt 0.409416 0.500000
vt 0.596253 0.500000
vt 0.125000 -0.000000
vt 0.153378 0.000000
vt 0.139723 0.250000
vt 0.125000 0.250000
vt 0.351962 0.250000
vt 0.375000 0.457139
vt 0.625000 0.457139
vt 0.648038 0.000000
vt 0.846622 0.000000
vt 0.875000 0.000000
vt 0.875000 0.250000
vt 0.388654 0.471622
vt 0.625000 0.485277
vt 0.611056 0.471622
vt 0.409416 0.483211
vt 0.375000 0.500000
vt 0.596253 0.500000
vt 0.625000 0.484332
vt 0.409416 0.500000
vt 0.596253 0.483211
vt 0.409416 0.471622
vt 0.409416 0.471622
vt 0.375000 0.500000
vt 0.375000 0.485277
vt 0.375000 0.485277
vt 0.596253 0.471622
vt 0.611345 0.471622
vt 0.611345 0.471622
vt 0.625000 0.500000
vt 0.388654 0.471622
vt 0.375000 0.500000
vt 0.375000 0.485809
vt 0.625000 0.485277
vt 0.625000 0.500000
vt 0.596253 0.471622
vt 0.611345 0.471622
vt 0.388654 0.471622
vt 0.409416 0.471622
vt 0.388943 0.471622
vt 0.375000 0.500000
vt 0.375000 0.484332
vt 0.625000 0.485809
vt 0.625000 0.500000
vt 0.596253 0.471622
vt 0.596253 0.471622
vt 0.409416 0.471622
vt 0.153378 0.127567
vt 0.167861 0.250000
vt 0.153378 0.250000
vt 0.846622 0.250000
vt 0.832139 0.250000
vt 0.846622 0.127567
vt 0.860277 0.250000
vt 0.351962 0.000000
vt 0.365786 0.250000
vt 0.625000 0.000000
vt 0.648038 0.250000
vt 0.634214 0.250000
vt 0.375000 0.172108
vt 0.625000 0.259214
vt 0.375000 0.000000
vt 0.409416 0.000000
vt 0.375000 0.259214
vt 0.409416 0.259214
vt 0.375000 0.273038
vt 0.596253 0.172108
vt 0.625000 0.172108
vt 0.596253 0.273038
vt 0.409416 0.273038
vt 0.596253 0.259214
vt 0.409416 0.172108
vt 0.596253 0.000000
vn 0.000000 0.000000 -1.000000
vn 0.000000 0.000000 -1.000000
vn 0.000000 0.000000 -1.000000
vn 0.000000 0.000000 -1.000000
vn 0.000000 -1.000000 0.000000
vn 0.000000 -1.000000 0.000000
vn 0.000000 -1.000000 0.000000
vn 0.000000 -1.000000 0.000000
vn 1.000000 -0.000000 0.000000
vn 1.000000 0.000000 0.000000
vn 1.000000 0.000000 0.000000
vn 1.000000 -0.000000 0.000000
vn 1.000000 -0.000000 0.000000
vn -1.000000 0.000000 0.000000
vn -1.000000 0.000000 0.000000
vn -1.000000 0.000000 0.000000
vn -1.000000 0.000000 0.000000
vn -1.000000 0.000000 0.000000
vn -1.000000 0.000000 0.000000
vn -1.000000 0.000000 0.000000
vn -1.000000 0.000000 0.000000
vn -1.000000 0.000000 0.000000
vn -1.000000 0.000000 0.000000
vn 0.000000 -1.000000 0.000000
vn 0.000000 -1.000000 0.000000
vn 0.000000 -1.000000 0.000000
vn 0.000000 -1.000000 0.000000
vn 0.000000 -1.000000 0.000000
vn 0.000000 -1.000000 0.000000
vn 0.000000 -1.000000 0.000000
vn 0.000000 -1.000000 0.000000
vn 1.000000 0.000000 0.000000
vn 1.000000 0.000000 0.000000
vn 1.000000 0.000000 0.000000
vn 0.000000 1.000000 0.000000
vn 0.000000 1.000000 0.000000
vn 0.000000 1.000000 0.000000
vn 0.000000 1.000000 0.000000
vn 0.000000 1.000000 0.000000
vn 0.000000 1.000000 0.000000
vn 0.000000 1.000000 0.000000
vn 0.000000 1.000000 0.000000
vn 0.000000 1.000000 0.000000
vn 0.000000 1.000000 0.000000
vn 0.000000 0.000000 -1.000000
vn 0.000000 0.000000 -1.000000
vn 0.000000 0.000000 -1.000000
vn 0.000000 0.000000 -1.000000
vn 0.000000 -1.000000 0.000000
vn 0.000000 -1.000000 0.000000
vn 0.000000 -1.000000 0.000000
vn 0.000000 -1.000000 0.000000
vn 0.000000 -1.000000 0.000000
vn 0.000000 -1.000000 0.000000
vn 0.000000 -1.000000 0.000000
vn 0.000000 -1.000000 0.000000
vn 0.000000 -1.000000 0.000000
vn 0.000000 -1.000000 0.000000
vn 0.000000 -1.000000 0.000000
vn 0.000000 -1.000000 0.000000
vn 0.000000 -1.000000 0.000000
vn 0.000000 -1.000000 0.000000
vn 0.000000 -1.000000 0.000000
vn 0.000000 -1.000000 0.000000
vn 0.000000 0.000000 -1.000000
vn 0.000000 0.000000 -1.000000
vn 0.000000 -0.142120 -0.989849
vn 0.000000 -0.142120 -0.989849
vn 0.000000 0.000000 -1.000000
vn 0.000000 0.000000 -1.000000
vn 0.000000 -0.142120 -0.989849
vn 0.000000 -0.142120 -0.989849
vn 0.000000 0.000000 1.000000
vn 0.000000 0.000000 1.000000
vn 0.000000 0.142121 0.989849
vn 0.000000 0.142121 0.989849
vn 0.000000 0.000000 -1.000000
vn 0.000000 0.000000 -1.000000
vn 0.000000 -0.142120 -0.989849
vn 0.000000 -0.142120 -0.989849
vn 0.000000 0.000000 -1.000000
vn 0.000000 0.000000 -1.000000
vn 0.000000 0.000000 -1.000000
vn 0.000000 0.000000 -1.000000
vn 1.000000 0.000000 0.000000
vn 1.000000 0.000000 0.000000
vn 1.000000 0.000000 0.000000
vn 1.000000 0.000000 0.000000
vn 0.000000 0.000000 1.000000
vn 0.000000 0.000000 1.000000
vn 0.000000 0.000000 1.000000
vn 0.000000 0.000000 1.000000
vn -1.000000 0.000000 0.000000
vn -1.000000 0.000000 0.000000
vn -1.000000 0.000000 0.000000
vn -1.000000 0.000000 0.000000
vn 0.000000 0.000000 -1.000000
vn 0.000000 0.000000 -1.000000
vn 0.000000 0.000000 -1.000000
vn 0.000000 0.000000 -1.000000
vn 1.000000 0.000000 0.000000
vn 1.000000 0.000000 0.000000
vn 1.000000 0.000000 0.000000
vn 1.000000 0.000000 0.000000
vn 0.000000 0.000000 1.000000
vn 0.000000 0.000000 1.000000
vn 0.000000 0.000000 1.000000
vn 0.000000 0.000000 1.000000
vn -1.000000 0.000000 0.000000
vn -1.000000 0.000000 0.000000
vn -1.000000 0.000000 0.000000
vn -1.000000 0.000000 0.000000
vn -1.000000 0.000000 0.000000
vn -1.000000 0.000000 0.000000
vn -1.000000 0.000000 0.000000
vn -1.000000 0.000000 0.000000
vn 0.000000 0.000000 -1.000000
vn 0.000000 0.000000 -1.000000
vn 0.000000 0.000000 -1.000000
vn 0.000000 0.000000 -1.000000
vn 1.000000 0.000000 0.000000
vn 1.000000 0.000000 0.000000
vn 1.000000 0.000000 0.000000
vn 1.000000 0.000000 0.000000
vn 0.000000 0.000000 1.000000
vn 0.000000 0.000000 1.000000
vn 0.000000 0.000000 1.000000
vn 0.000000 0.000000 1.000000
vn -1.000000 0.000000 0.000000
vn -1.000000 0.000000 0.000000
vn -1.000000 0.000000 0.000000
vn -1.000000 0.000000 0.000000
vn 0.000000 0.000000 -1.000000
vn 0.000000 0.000000 -1.000000
vn 0.000000 0.000000 -1.000000
vn 0.000000 0.000000 -1.000000
vn 1.000000 0.000000 0.000000
vn 1.000000 0.000000 0.000000
vn 1.000000 0.000000 0.000000
vn 1.000000 0.000000 0.000000
vn 0.000000 0.000000 1.000000
vn 0.000000 0.000000 1.000000
vn 0.000000 0.000000 1.000000
vn 0.000000 0.000000 1.000000
vn 0.000000 -0.338805 -0.940857
vn 0.000000 -0.338805 -0.940857
vn 0.000000 -0.338805 -0.940857
vn 0.000000 -0.338805 -0.940857
vn 0.000000 -0.338805 -0.940857
vn 0.000000 -0.338805 -0.940857
vn 0.000001 0.335748 0.941952
vn -0.000001 0.335749 0.941951
vn 0.000000 -0.388233 -0.921561
vn 0.000000 -0.388233 -0.921561
vn 0.000000 -0.388233 -0.921561
vn 0.000000 -0.388233 -0.921561
vn 0.000000 -0.388233 -0.921561
vn 0.000000 -0.388233 -0.921561
vn -1.000000 0.000000 0.000000
vn 1.000000 0.000000 0.000000
vn 1.000000 0.000000 0.000000
vn 1.000000 0.000000 0.000000
vn -0.707162 0.000000 0.707051
vn -0.707162 0.000000 0.707051
vn -0.710499 0.099814 0.696584
vn -0.710499 0.099814 0.696584
vn -0.691862 0.241659 0.680388
vn -0.691922 0.241477 0.680391
vn -0.001165 0.834275 0.551348
vn -0.001142 0.834253 0.551381
vn 0.001172 0.833998 0.551766
vn 0.001201 0.834019 0.551734
vn -0.008866 0.841600 0.540029
vn -0.008866 0.841600 0.540029
vn -0.678598 0.280100 0.679006
vn -0.678598 0.280100 0.679006
vn 0.707113 0.000000 0.707101
vn 0.707113 0.000000 0.707101
vn 0.710449 0.099821 0.696633
vn 0.710449 0.099821 0.696633
vn 0.691872 0.241493 0.680437
vn 0.691812 0.241675 0.680433
vn 0.011196 0.841134 0.540711
vn 0.011196 0.841134 0.540711
vn 0.678547 0.280118 0.679049
vn 0.678547 0.280118 0.679049
vn 0.000000 1.000000 0.000000
vn 0.000000 1.000000 0.000000
vn 0.000000 1.000000 0.000000
vn 0.000000 1.000000 0.000000
vn 0.000000 1.000000 0.000000
vn 0.000000 1.000000 0.000000
vn 0.000000 1.000000 0.000000
vn 0.000000 1.000000 0.000000
vn 0.000000 0.142121 0.989849
vn 0.000000 0.000000 1.000000
vn -1.000000 0.000000 0.000000
vn -1.000000 0.000000 0.000000
vn 0.000000 0.000000 1.000000
vn 0.000000 0.142121 0.989849
vn 1.000000 -0.000000 0.000000
vn 1.000000 -0.000000 0.000000
vn -0.000008 0.335543 0.942025
vn -1.000000 0.000000 0.000000
vn -1.000000 0.000000 0.000000
vn 1.000000 -0.000000 0.000000
vn 1.000000 -0.000000 0.000000
vn 0.000011 0.335467 0.942052
vn -0.000001 0.388221 0.921566
vn -0.000015 0.388223 0.921565
vn -1.000000 0.000000 0.000000
vn -1.000000 0.000000 0.000000
vn 1.000000 0.000000 0.000000
vn 1.000000 0.000000 0.000000
vn 0.000020 0.388224 0.921565
vn 0.000002 0.388221 0.921566
vn -0.727659 0.685939 0.000000
vn -0.727659 0.685939 0.000000
vn -0.727659 0.685939 0.000000
vn -0.727659 0.685939 0.000000
vn 0.727611 0.685990 0.000000
vn 0.727611 0.685990 0.000000
vn 0.727611 0.685990 0.000000
vn 0.727611 0.685990 0.000000
vn 0.000000 0.707087 0.707126
vn 0.000000 0.707087 0.707126
vn 0.000000 0.707087 0.707126
vn 0.000000 0.707087 0.707126
vn 0.000000 0.707087 0.707126
vn 0.000000 0.707087 0.707126
vn 0.000000 0.707087 0.707126
vn 0.000000 0.707087 0.707126
vn 0.000000 0.000000 1.000000
vn 0.000000 0.000000 1.000000
vn 0.000000 1.000000 0.000000
vn 0.000000 1.000000 0.000000
vn 0.000000 0.000000 1.000000
vn 0.000000 0.000000 1.000000
vn 0.000000 1.000000 0.000000
vn 0.000000 1.000000 0.000000
s 1
g pCube56
usemtl initialShadingGroup
f 3/63/1 16/12/2 17/13/3 5/2/4
s off
f 31/21/5 32/22/6 33/23/7 34/24/8
s 2
f 2/96/9 11/48/10 12/97/11 90/98/12 89/107/13
s 3
f 9/45/14 10/94/15 1/101/16 84/99/17 83/95/18
f 5/41/19 7/42/20 60/87/21 59/43/22 3/44/23
s off
f 35/25/24 36/26/25 37/27/26 38/28/27
s 4
f 7/6/28 18/14/29 19/15/30 10/8/31
s 2
f 12/97/11 11/48/10 8/49/32 71/92/33 70/91/34
s 5
f 9/105/35 14/109/36 15/61/37 62/52/38 61/46/39
f 20/66/40 21/108/41 12/10/42 70/47/43 69/67/44
s 1
f 25/19/45 26/20/46 4/1/47 6/3/48
s off
f 39/29/49 40/30/50 41/31/51 42/32/52
s 4
f 23/17/53 24/18/54 8/7/55 11/9/56
s off
f 43/33/57 44/34/58 45/35/59 46/36/60
s 5
f 15/61/37 14/109/36 21/108/41 20/66/40
s 4
f 13/11/61 19/15/30 23/17/53 22/16/62
f 19/15/30 18/14/29 24/18/54 23/17/53
f 18/14/29 17/13/63 25/19/64 24/18/54
s 1
f 17/13/3 16/12/2 26/20/46 25/19/45
s 6
f 16/12/65 3/63/66 48/71/67 49/37/68
s 7
f 4/1/69 26/20/70 50/38/71 51/69/72
s 8
f 15/61/73 20/66/74 52/75/75 47/62/76
s 9
f 26/20/77 16/12/78 49/37/79 50/38/80
s off
f 10/8/81 19/15/82 32/22/83 31/21/84
f 19/15/85 13/11/86 33/23/87 32/22/88
s 10
f 13/11/89 1/4/90 34/24/91 33/23/92
s off
f 1/4/93 10/8/94 31/21/95 34/24/96
f 5/2/97 17/13/98 36/26/99 35/25/100
f 17/13/101 18/14/102 37/27/103 36/26/104
f 18/14/105 7/6/106 38/28/107 37/27/108
f 7/6/109 5/2/110 35/25/111 38/28/112
f 24/18/113 25/19/114 40/30/115 39/29/116
f 25/19/117 6/3/118 41/31/119 40/30/120
f 6/3/121 8/7/122 42/32/123 41/31/124
f 8/7/125 24/18/126 39/29/127 42/32/128
f 22/16/129 23/17/130 44/34/131 43/33/132
f 23/17/133 11/9/134 45/35/135 44/34/136
f 11/9/137 2/5/138 46/36/139 45/35/140
s 10
f 2/5/141 22/16/142 43/33/143 46/36/144
s 6
f 49/37/68 48/71/67 54/80/145 55/39/146
s 9
f 50/38/80 49/37/79 55/39/147 56/40/148
s 7
f 51/69/72 50/38/71 56/40/149 57/74/150
s 8
f 47/62/76 52/75/75 58/85/151 53/78/152
s 6
f 55/39/146 54/80/145 28/56/153 27/59/154
s 9
f 56/40/148 55/39/147 27/59/155 29/57/156
s 7
f 57/74/150 56/40/149 29/57/157 30/83/158
s 3
f 61/88/159 60/87/21 7/42/20 10/94/15 9/45/14
s 2
f 72/93/160 71/92/33 8/49/32 6/50/161 4/51/162
s 12
f 59/64/163 62/52/164 63/70/165 64/65/166
f 64/65/166 63/70/165 79/77/167 80/72/168
s 13
f 65/55/169 66/86/170 76/84/171 75/60/172
f 66/86/170 65/55/169 68/81/173 67/79/174
s 12
f 67/79/175 68/81/176 80/72/168 79/77/167
s 14
f 69/67/177 72/53/178 73/73/179 74/68/180
f 74/68/180 73/73/179 81/82/181 82/76/182
s 13
f 75/60/172 76/84/171 78/54/183 77/58/184
s 14
f 77/58/185 78/54/186 82/76/182 81/82/181
s 15
f 68/81/187 65/55/188 27/59/189 28/56/190
f 29/57/191 75/60/192 77/58/193 30/83/194
f 27/59/189 65/55/188 75/60/192 29/57/191
s 8
f 63/70/195 62/52/196 15/61/73 47/62/76
s 3
f 3/63/23 59/64/22 64/65/197 48/71/198
s 8
f 20/66/74 69/67/199 74/68/200 52/75/75
s 2
f 73/73/201 72/53/160 4/1/162 51/69/202
s 8
f 63/70/195 47/62/76 53/78/152 79/77/203
s 3
f 48/71/198 64/65/197 80/72/204 54/80/205
s 2
f 73/73/201 51/69/202 57/74/206 81/82/207
s 8
f 52/75/75 74/68/200 82/76/208 58/85/151
f 79/77/203 53/78/152 66/86/209 67/79/210
s 3
f 54/80/205 80/72/204 68/81/211 28/56/212
s 2
f 81/82/207 57/74/206 30/83/213 77/58/214
s 8
f 58/85/151 82/76/208 78/54/215 76/84/216
f 53/78/152 58/85/151 76/84/216 66/86/209
s off
f 59/43/217 60/87/218 61/88/219 62/89/220
f 69/90/221 70/91/222 71/92/223 72/93/224
s 16
f 83/103/225 84/99/226 85/111/227 86/104/228
f 86/104/228 85/111/227 88/106/229 87/110/230
f 87/110/230 88/106/229 89/107/231 90/100/232
s 10
f 1/101/90 13/102/89 85/111/233 84/99/234
s 5
f 83/103/235 86/104/236 14/109/36 9/105/35
s 10
f 88/106/237 22/112/142 2/96/141 89/107/238
s 5
f 21/108/41 87/110/239 90/100/240 12/10/42
f 14/109/36 86/104/236 87/110/239 21/108/41
s 10
f 85/111/233 13/102/89 22/112/142 88/106/237
g default
v 58.781760 1.605155 -17.055758
v 60.249594 1.605155 -16.263566
v 59.573956 1.802467 -18.523599
v 61.041790 1.802467 -17.731407
v 59.573956 1.605155 -18.523599
v 61.041790 1.605155 -17.731407
v 59.484034 1.605155 -18.356985
v 60.951868 1.605155 -17.564793
v 58.854762 1.802467 -17.191021
v 58.854762 1.605155 -17.191021
v 60.322596 1.605155 -16.398829
v 60.322596 1.802467 -16.398829
v 58.983831 1.605155 -16.946701
v 59.056833 1.802467 -17.081963
v 59.686105 1.802467 -18.247927
v 59.776027 1.802467 -18.414541
v 59.776027 1.605155 -18.414541
v 59.686105 1.605155 -18.247927
v 59.056833 1.605155 -17.081963
v 60.783091 1.802467 -17.655882
v 60.153819 1.802467 -16.489918
v 60.080817 1.605155 -16.354655
v 60.153819 1.605155 -16.489918
v 60.783091 1.605155 -17.655882
v 60.873013 1.605155 -17.822496
v 60.873013 1.802467 -17.822496
v 59.993345 3.611127 -18.817204
v 59.791274 3.611127 -18.926262
v 61.090331 3.611127 -18.225159
v 61.259108 3.611127 -18.134070
v 58.854762 0.458198 -17.191021
v 59.056833 0.458198 -17.081963
v 58.983831 0.458198 -16.946701
v 58.781760 0.458198 -17.055758
v 59.573956 0.458198 -18.523599
v 59.776027 0.458198 -18.414541
v 59.686105 0.458198 -18.247927
v 59.484034 0.458198 -18.356985
v 60.783091 0.458198 -17.655882
v 60.873013 0.458198 -17.822496
v 61.041790 0.458198 -17.731407
v 60.951868 0.458198 -17.564793
v 60.080817 0.458198 -16.354655
v 60.153819 0.458198 -16.489918
v 60.322596 0.458198 -16.398829
v 60.249594 0.458198 -16.263566
v 59.686105 2.340478 -18.247927
v 59.573956 2.340478 -18.523599
v 59.776027 2.340478 -18.414541
v 60.873013 2.340478 -17.822496
v 61.041790 2.340478 -17.731407
v 60.783091 2.340478 -17.655882
v 59.760850 2.898557 -18.386420
v 59.648700 2.898557 -18.662090
v 59.850771 2.898557 -18.553032
v 60.947757 2.898557 -17.960987
v 61.116534 2.898557 -17.869898
v 60.857836 2.898557 -17.794374
v 59.527304 1.802467 -18.437159
v 59.484034 1.705837 -18.356985
v 59.438140 1.802467 -18.271949
v 59.564195 1.802467 -18.313722
v 59.564195 2.340478 -18.313722
v 59.527304 2.327879 -18.437159
v 59.940145 3.611127 -18.718633
v 59.889161 3.539870 -18.624165
v 59.769214 3.541158 -18.689523
v 59.741624 3.611127 -18.834267
v 60.871696 1.802467 -17.608062
v 60.905974 1.802467 -17.479757
v 60.951868 1.705837 -17.564793
v 60.995138 1.802467 -17.644966
v 60.995138 2.327879 -17.644966
v 60.871696 2.340478 -17.608062
v 61.037132 3.611127 -18.126587
v 60.986148 3.539870 -18.032120
v 61.209458 3.611127 -18.042075
v 61.073310 3.541158 -17.985700
v 59.638940 2.898557 -18.452215
v 59.599696 2.868393 -18.571292
v 61.067530 2.868393 -17.779100
v 60.946441 2.898557 -17.746554
v 58.810957 1.802467 -17.109855
v 58.781760 1.740991 -17.055758
v 58.983831 1.740991 -16.946701
v 59.013027 1.802467 -17.000798
v 60.110014 1.802467 -16.408752
v 60.080817 1.740991 -16.354655
v 60.249594 1.740991 -16.263566
v 60.278790 1.802467 -16.317663
vt 0.625000 0.500000
vt 0.375000 0.750000
vt 0.625000 0.750000
vt 0.375000 1.000000
vt 0.625000 1.000000
vt 0.375000 0.778378
vt 0.625000 0.778378
vt 0.375000 0.976962
vt 0.625000 0.976962
vt 0.625000 0.273038
vt 0.409416 1.000000
vt 0.409416 0.500000
vt 0.409416 0.750000
vt 0.409416 0.778378
vt 0.409416 0.976962
vt 0.596253 1.000000
vt 0.596253 0.976962
vt 0.596253 0.778378
vt 0.596253 0.750000
vt 0.596253 0.500000
vt 0.375000 0.976962
vt 0.409416 0.976962
vt 0.409416 1.000000
vt 0.375000 1.000000
vt 0.375000 0.750000
vt 0.409416 0.750000
vt 0.409416 0.778378
vt 0.375000 0.778378
vt 0.596253 0.778378
vt 0.596253 0.750000
vt 0.625000 0.750000
vt 0.625000 0.778378
vt 0.596253 1.000000
vt 0.596253 0.976962
vt 0.625000 0.976962
vt 0.625000 1.000000
vt 0.409416 0.500000
vt 0.596253 0.500000
vt 0.409416 0.500000
vt 0.596253 0.500000
vt 0.125000 -0.000000
vt 0.153378 0.000000
vt 0.139723 0.250000
vt 0.125000 0.250000
vt 0.351962 0.250000
vt 0.375000 0.457139
vt 0.625000 0.457139
vt 0.648038 0.000000
vt 0.846622 0.000000
vt 0.875000 0.000000
vt 0.875000 0.250000
vt 0.388654 0.471622
vt 0.625000 0.485277
vt 0.611056 0.471622
vt 0.409416 0.483211
vt 0.375000 0.500000
vt 0.596253 0.500000
vt 0.625000 0.484332
vt 0.409416 0.500000
vt 0.596253 0.483211
vt 0.409416 0.471622
vt 0.409416 0.471622
vt 0.375000 0.500000
vt 0.375000 0.485277
vt 0.375000 0.485277
vt 0.596253 0.471622
vt 0.611345 0.471622
vt 0.611345 0.471622
vt 0.625000 0.500000
vt 0.388654 0.471622
vt 0.375000 0.500000
vt 0.375000 0.485809
vt 0.625000 0.485277
vt 0.625000 0.500000
vt 0.596253 0.471622
vt 0.611345 0.471622
vt 0.388654 0.471622
vt 0.409416 0.471622
vt 0.388943 0.471622
vt 0.375000 0.500000
vt 0.375000 0.484332
vt 0.625000 0.485809
vt 0.625000 0.500000
vt 0.596253 0.471622
vt 0.596253 0.471622
vt 0.409416 0.471622
vt 0.153378 0.127567
vt 0.167861 0.250000
vt 0.153378 0.250000
vt 0.846622 0.250000
vt 0.832139 0.250000
vt 0.846622 0.127567
vt 0.860277 0.250000
vt 0.351962 0.000000
vt 0.365786 0.250000
vt 0.625000 0.000000
vt 0.648038 0.250000
vt 0.634214 0.250000
vt 0.375000 0.172108
vt 0.625000 0.259214
vt 0.375000 0.000000
vt 0.409416 0.000000
vt 0.375000 0.259214
vt 0.409416 0.259214
vt 0.375000 0.273038
vt 0.596253 0.172108
vt 0.625000 0.172108
vt 0.596253 0.273038
vt 0.409416 0.273038
vt 0.596253 0.259214
vt 0.409416 0.172108
vt 0.596253 0.000000
vn 0.474946 0.000000 -0.880015
vn 0.474946 0.000000 -0.880015
vn 0.474946 0.000000 -0.880015
vn 0.474946 0.000000 -0.880015
vn 0.000000 -1.000000 0.000000
vn 0.000000 -1.000000 0.000000
vn 0.000000 -1.000000 0.000000
vn 0.000000 -1.000000 0.000000
vn 0.880015 -0.000000 0.474946
vn 0.880015 0.000000 0.474946
vn 0.880015 0.000000 0.474946
vn 0.880015 -0.000000 0.474946
vn 0.880015 -0.000000 0.474946
vn -0.880015 0.000000 -0.474946
vn -0.880015 0.000000 -0.474946
vn -0.880015 0.000000 -0.474946
vn -0.880015 0.000000 -0.474946
vn -0.880015 0.000000 -0.474946
vn -0.880015 0.000000 -0.474946
vn -0.880015 0.000000 -0.474946
vn -0.880015 0.000000 -0.474946
vn -0.880015 0.000000 -0.474946
vn -0.880015 0.000000 -0.474946
vn 0.000000 -1.000000 0.000000
vn 0.000000 -1.000000 0.000000
vn 0.000000 -1.000000 0.000000
vn 0.000000 -1.000000 0.000000
vn 0.000000 -1.000000 0.000000
vn 0.000000 -1.000000 0.000000
vn 0.000000 -1.000000 0.000000
vn 0.000000 -1.000000 0.000000
vn 0.880015 0.000000 0.474946
vn 0.880015 0.000000 0.474946
vn 0.880015 0.000000 0.474946
vn -0.000000 1.000000 0.000000
vn -0.000000 1.000000 0.000000
vn -0.000000 1.000000 0.000000
vn -0.000000 1.000000 0.000000
vn -0.000000 1.000000 0.000000
vn 0.000000 1.000000 0.000000
vn 0.000000 1.000000 0.000000
vn 0.000000 1.000000 0.000000
vn 0.000000 1.000000 0.000000
vn 0.000000 1.000000 0.000000
vn 0.474946 0.000000 -0.880015
vn 0.474946 0.000000 -0.880015
vn 0.474946 0.000000 -0.880015
vn 0.474946 0.000000 -0.880015
vn 0.000000 -1.000000 0.000000
vn 0.000000 -1.000000 0.000000
vn 0.000000 -1.000000 0.000000
vn 0.000000 -1.000000 0.000000
vn 0.000000 -1.000000 0.000000
vn 0.000000 -1.000000 0.000000
vn 0.000000 -1.000000 0.000000
vn 0.000000 -1.000000 0.000000
vn 0.000000 -1.000000 0.000000
vn 0.000000 -1.000000 0.000000
vn 0.000000 -1.000000 0.000000
vn 0.000000 -1.000000 0.000000
vn 0.000000 -1.000000 0.000000
vn 0.000000 -1.000000 0.000000
vn 0.000000 -1.000000 0.000000
vn 0.000000 -1.000000 0.000000
vn 0.474946 0.000000 -0.880015
vn 0.474946 0.000000 -0.880015
vn 0.470125 -0.142120 -0.871083
vn 0.470125 -0.142120 -0.871083
vn 0.474946 0.000000 -0.880015
vn 0.474946 0.000000 -0.880015
vn 0.470125 -0.142120 -0.871083
vn 0.470125 -0.142120 -0.871083
vn -0.474946 0.000000 0.880015
vn -0.474946 0.000000 0.880015
vn -0.470124 0.142121 0.871082
vn -0.470125 0.142121 0.871082
vn 0.474946 0.000000 -0.880015
vn 0.474946 0.000000 -0.880015
vn 0.470125 -0.142120 -0.871083
vn 0.470125 -0.142120 -0.871083
vn 0.474946 0.000000 -0.880015
vn 0.474946 0.000000 -0.880015
vn 0.474946 0.000000 -0.880015
vn 0.474946 0.000000 -0.880015
vn 0.880015 0.000000 0.474946
vn 0.880015 0.000000 0.474946
vn 0.880015 0.000000 0.474946
vn 0.880015 0.000000 0.474946
vn -0.474946 0.000000 0.880015
vn -0.474946 0.000000 0.880015
vn -0.474946 0.000000 0.880015
vn -0.474946 0.000000 0.880015
vn -0.880015 0.000000 -0.474946
vn -0.880015 0.000000 -0.474946
vn -0.880015 0.000000 -0.474946
vn -0.880015 0.000000 -0.474946
vn 0.474946 0.000000 -0.880015
vn 0.474946 0.000000 -0.880015
vn 0.474946 0.000000 -0.880015
vn 0.474946 0.000000 -0.880015
vn 0.880015 0.000000 0.474946
vn 0.880015 0.000000 0.474946
vn 0.880015 0.000000 0.474946
vn 0.880015 0.000000 0.474946
vn -0.474946 0.000000 0.880015
vn -0.474946 0.000000 0.880015
vn -0.474946 0.000000 0.880015
vn -0.474946 0.000000 0.880015
vn -0.880015 0.000000 -0.474946
vn -0.880015 0.000000 -0.474946
vn -0.880015 0.000000 -0.474946
vn -0.880015 0.000000 -0.474946
vn -0.880015 0.000000 -0.474946
vn -0.880015 0.000000 -0.474946
vn -0.880015 0.000000 -0.474946
vn -0.880015 0.000000 -0.474946
vn 0.474946 0.000000 -0.880015
vn 0.474946 0.000000 -0.880015
vn 0.474946 0.000000 -0.880015
vn 0.474946 0.000000 -0.880015
vn 0.880015 0.000000 0.474946
vn 0.880015 0.000000 0.474946
vn 0.880015 0.000000 0.474946
vn 0.880015 0.000000 0.474946
vn -0.474946 0.000000 0.880015
vn -0.474946 0.000000 0.880015
vn -0.474946 0.000000 0.880015
vn -0.474946 0.000000 0.880015
vn -0.880015 0.000000 -0.474946
vn -0.880015 0.000000 -0.474946
vn -0.880015 0.000000 -0.474946
vn -0.880015 0.000000 -0.474946
vn 0.474946 0.000000 -0.880015
vn 0.474946 0.000000 -0.880015
vn 0.474946 0.000000 -0.880015
vn 0.474946 0.000000 -0.880015
vn 0.880015 0.000000 0.474946
vn 0.880015 0.000000 0.474946
vn 0.880015 0.000000 0.474946
vn 0.880015 0.000000 0.474946
vn -0.474946 0.000000 0.880015
vn -0.474946 0.000000 0.880015
vn -0.474946 0.000000 0.880015
vn -0.474946 0.000000 0.880015
vn 0.446856 -0.338805 -0.827968
vn 0.446856 -0.338805 -0.827968
vn 0.446856 -0.338805 -0.827968
vn 0.446856 -0.338805 -0.827968
vn 0.446856 -0.338805 -0.827968
vn 0.446856 -0.338805 -0.827968
vn -0.447375 0.335748 0.828932
vn -0.447376 0.335749 0.828931
vn 0.437691 -0.388233 -0.810988
vn 0.437691 -0.388233 -0.810988
vn 0.437691 -0.388233 -0.810988
vn 0.437691 -0.388233 -0.810988
vn 0.437691 -0.388233 -0.810988
vn 0.437691 -0.388233 -0.810988
vn -0.880015 0.000000 -0.474946
vn 0.880015 0.000000 0.474946
vn 0.880015 0.000000 0.474946
vn 0.880015 0.000000 0.474946
vn -0.958124 0.000000 0.286352
vn -0.958124 0.000000 0.286352
vn -0.956089 0.099814 0.275556
vn -0.956089 0.099814 0.275556
vn -0.931996 0.241659 0.270154
vn -0.932051 0.241477 0.270129
vn -0.262886 0.834275 0.484641
vn -0.262881 0.834253 0.484681
vn -0.261028 0.833998 0.486119
vn -0.260986 0.834019 0.486105
vn -0.264286 0.841600 0.471023
vn -0.264286 0.841600 0.471023
vn -0.919667 0.280100 0.275239
vn -0.919667 0.280100 0.275239
vn 0.286436 0.000000 0.958099
vn 0.286436 0.000000 0.958099
vn 0.294343 0.099821 0.950472
vn 0.294343 0.099821 0.950472
vn 0.285688 0.241493 0.927396
vn 0.285637 0.241675 0.927364
vn -0.246955 0.841134 0.481151
vn -0.246955 0.841134 0.481151
vn 0.274620 0.280118 0.919847
vn 0.274620 0.280118 0.919847
vn 0.000000 1.000000 0.000000
vn 0.000000 1.000000 0.000000
vn 0.000000 1.000000 0.000000
vn 0.000000 1.000000 0.000000
vn 0.000000 1.000000 0.000000
vn 0.000000 1.000000 0.000000
vn 0.000000 1.000000 0.000000
vn 0.000000 1.000000 0.000000
vn -0.470125 0.142121 0.871082
vn -0.474946 0.000000 0.880015
vn -0.880015 0.000000 -0.474946
vn -0.880015 0.000000 -0.474946
vn -0.474946 0.000000 0.880015
vn -0.470125 0.142121 0.871082
vn 0.880015 -0.000000 0.474946
vn 0.880015 -0.000000 0.474946
vn -0.447418 0.335543 0.828992
vn -0.880015 0.000000 -0.474946
vn -0.880015 0.000000 -0.474946
vn 0.880015 -0.000000 0.474946
vn 0.880015 -0.000000 0.474946
vn -0.447414 0.335467 0.829025
vn -0.437695 0.388221 0.810992
vn -0.437706 0.388223 0.810984
vn -0.880015 0.000000 -0.474946
vn -0.880015 0.000000 -0.474946
vn 0.880015 0.000000 0.474946
vn 0.880015 0.000000 0.474946
vn -0.437675 0.388224 0.811001
vn -0.437692 0.388221 0.810993
vn -0.640351 0.685939 -0.345598
vn -0.640351 0.685939 -0.345598
vn -0.640351 0.685939 -0.345598
vn -0.640351 0.685939 -0.345598
vn 0.640309 0.685990 0.345576
vn 0.640309 0.685990 0.345576
vn 0.640309 0.685990 0.345576
vn 0.640309 0.685990 0.345576
vn -0.335846 0.707087 0.622282
vn -0.335846 0.707087 0.622282
vn -0.335846 0.707087 0.622282
vn -0.335846 0.707087 0.622282
vn -0.335846 0.707087 0.622282
vn -0.335846 0.707087 0.622282
vn -0.335846 0.707087 0.622282
vn -0.335846 0.707087 0.622282
vn -0.474946 0.000000 0.880015
vn -0.474946 0.000000 0.880015
vn 0.000000 1.000000 0.000000
vn 0.000000 1.000000 0.000000
vn -0.474946 0.000000 0.880015
vn -0.474946 0.000000 0.880015
vn 0.000000 1.000000 0.000000
vn 0.000000 1.000000 0.000000
s 1
g pCube55
usemtl initialShadingGroup
f 93/175/241 106/124/242 107/125/243 95/114/244
s off
f 121/133/245 122/134/246 123/135/247 124/136/248
s 2
f 92/208/249 101/160/250 102/209/251 180/210/252 179/219/253
s 3
f 99/157/254 100/206/255 91/213/256 174/211/257 173/207/258
f 95/153/259 97/154/260 150/199/261 149/155/262 93/156/263
s off
f 125/137/264 126/138/265 127/139/266 128/140/267
s 4
f 97/118/268 108/126/269 109/127/270 100/120/271
s 2
f 102/209/251 101/160/250 98/161/272 161/204/273 160/203/274
s 5
f 99/217/275 104/221/276 105/173/277 152/164/278 151/158/279
f 110/178/280 111/220/281 102/122/282 160/159/283 159/179/284
s 1
f 115/131/285 116/132/286 94/113/287 96/115/288
s off
f 129/141/289 130/142/290 131/143/291 132/144/292
s 4
f 113/129/293 114/130/294 98/119/295 101/121/296
s off
f 133/145/297 134/146/298 135/147/299 136/148/300
s 5
f 105/173/277 104/221/276 111/220/281 110/178/280
s 4
f 103/123/301 109/127/270 113/129/293 112/128/302
f 109/127/270 108/126/269 114/130/294 113/129/293
f 108/126/269 107/125/303 115/131/304 114/130/294
s 1
f 107/125/243 106/124/242 116/132/286 115/131/285
s 6
f 106/124/305 93/175/306 138/183/307 139/149/308
s 7
f 94/113/309 116/132/310 140/150/311 141/181/312
s 8
f 105/173/313 110/178/314 142/187/315 137/174/316
s 9
f 116/132/317 106/124/318 139/149/319 140/150/320
s off
f 100/120/321 109/127/322 122/134/323 121/133/324
f 109/127/325 103/123/326 123/135/327 122/134/328
s 10
f 103/123/329 91/116/330 124/136/331 123/135/332
s off
f 91/116/333 100/120/334 121/133/335 124/136/336
f 95/114/337 107/125/338 126/138/339 125/137/340
f 107/125/341 108/126/342 127/139/343 126/138/344
f 108/126/345 97/118/346 128/140/347 127/139/348
f 97/118/349 95/114/350 125/137/351 128/140/352
f 114/130/353 115/131/354 130/142/355 129/141/356
f 115/131/357 96/115/358 131/143/359 130/142/360
f 96/115/361 98/119/362 132/144/363 131/143/364
f 98/119/365 114/130/366 129/141/367 132/144/368
f 112/128/369 113/129/370 134/146/371 133/145/372
f 113/129/373 101/121/374 135/147/375 134/146/376
f 101/121/377 92/117/378 136/148/379 135/147/380
s 10
f 92/117/381 112/128/382 133/145/383 136/148/384
s 6
f 139/149/308 138/183/307 144/192/385 145/151/386
s 9
f 140/150/320 139/149/319 145/151/387 146/152/388
s 7
f 141/181/312 140/150/311 146/152/389 147/186/390
s 8
f 137/174/316 142/187/315 148/197/391 143/190/392
s 6
f 145/151/386 144/192/385 118/168/393 117/171/394
s 9
f 146/152/388 145/151/387 117/171/395 119/169/396
s 7
f 147/186/390 146/152/389 119/169/397 120/195/398
s 3
f 151/200/399 150/199/261 97/154/260 100/206/255 99/157/254
s 2
f 162/205/400 161/204/273 98/161/272 96/162/401 94/163/402
s 12
f 149/176/403 152/164/404 153/182/405 154/177/406
f 154/177/406 153/182/405 169/189/407 170/184/408
s 13
f 155/167/409 156/198/410 166/196/411 165/172/412
f 156/198/410 155/167/409 158/193/413 157/191/414
s 12
f 157/191/415 158/193/416 170/184/408 169/189/407
s 14
f 159/179/417 162/165/418 163/185/419 164/180/420
f 164/180/420 163/185/419 171/194/421 172/188/422
s 13
f 165/172/412 166/196/411 168/166/423 167/170/424
s 14
f 167/170/425 168/166/426 172/188/422 171/194/421
s 15
f 158/193/427 155/167/428 117/171/429 118/168/430
f 119/169/431 165/172/432 167/170/433 120/195/434
f 117/171/429 155/167/428 165/172/432 119/169/431
s 8
f 153/182/435 152/164/436 105/173/313 137/174/316
s 3
f 93/175/263 149/176/262 154/177/437 138/183/438
s 8
f 110/178/314 159/179/439 164/180/440 142/187/315
s 2
f 163/185/441 162/165/400 94/113/402 141/181/442
s 8
f 153/182/435 137/174/316 143/190/392 169/189/443
s 3
f 138/183/438 154/177/437 170/184/444 144/192/445
s 2
f 163/185/441 141/181/442 147/186/446 171/194/447
s 8
f 142/187/315 164/180/440 172/188/448 148/197/391
f 169/189/443 143/190/392 156/198/449 157/191/450
s 3
f 144/192/445 170/184/444 158/193/451 118/168/452
s 2
f 171/194/447 147/186/446 120/195/453 167/170/454
s 8
f 148/197/391 172/188/448 168/166/455 166/196/456
f 143/190/392 148/197/391 166/196/456 156/198/449
s off
f 149/155/457 150/199/458 151/200/459 152/201/460
f 159/202/461 160/203/462 161/204/463 162/205/464
s 16
f 173/215/465 174/211/466 175/223/467 176/216/468
f 176/216/468 175/223/467 178/218/469 177/222/470
f 177/222/470 178/218/469 179/219/471 180/212/472
s 10
f 91/213/330 103/214/329 175/223/473 174/211/474
s 5
f 173/215/475 176/216/476 104/221/276 99/217/275
s 10
f 178/218/477 112/224/382 92/208/381 179/219/478
s 5
f 111/220/281 177/222/479 180/212/480 102/122/282
f 104/221/276 176/216/476 177/222/479 111/220/281
s 10
f 175/223/473 103/214/329 112/224/382 178/218/477
g default
v 54.325853 1.605155 -15.177322
v 55.993817 1.605155 -15.177322
v 54.325853 1.802467 -16.845294
v 55.993817 1.802467 -16.845294
v 54.325853 1.605155 -16.845294
v 55.993817 1.605155 -16.845294
v 54.325853 1.605155 -16.655963
v 55.993817 1.605155 -16.655963
v 54.325853 1.802467 -15.331027
v 54.325853 1.605155 -15.331027
v 55.993817 1.605155 -15.331027
v 55.993817 1.802467 -15.331027
v 54.555475 1.605155 -15.177322
v 54.555475 1.802467 -15.331027
v 54.555475 1.802467 -16.655963
v 54.555475 1.802467 -16.845294
v 54.555475 1.605155 -16.845294
v 54.555475 1.605155 -16.655963
v 54.555475 1.605155 -15.331027
v 55.802029 1.802467 -16.655963
v 55.802029 1.802467 -15.331027
v 55.802029 1.605155 -15.177322
v 55.802029 1.605155 -15.331027
v 55.802029 1.605155 -16.655963
v 55.802029 1.605155 -16.845294
v 55.802029 1.802467 -16.845294
v 54.555475 3.611127 -17.302857
v 54.325853 3.611127 -17.302857
v 55.802029 3.611127 -17.302857
v 55.993817 3.611127 -17.302857
v 54.325853 0.458198 -15.331027
v 54.555475 0.458198 -15.331027
v 54.555475 0.458198 -15.177322
v 54.325853 0.458198 -15.177322
v 54.325853 0.458198 -16.845294
v 54.555475 0.458198 -16.845294
v 54.555475 0.458198 -16.655963
v 54.325853 0.458198 -16.655963
v 55.802029 0.458198 -16.655963
v 55.802029 0.458198 -16.845294
v 55.993817 0.458198 -16.845294
v 55.993817 0.458198 -16.655963
v 55.802029 0.458198 -15.177322
v 55.802029 0.458198 -15.331027
v 55.993817 0.458198 -15.331027
v 55.993817 0.458198 -15.177322
v 54.555475 2.340478 -16.655963
v 54.325853 2.340478 -16.845294
v 54.555475 2.340478 -16.845294
v 55.802029 2.340478 -16.845294
v 55.993817 2.340478 -16.845294
v 55.802029 2.340478 -16.655963
v 54.555475 2.898557 -16.813338
v 54.325853 2.898557 -17.002667
v 54.555475 2.898557 -17.002667
v 55.802029 2.898557 -17.002667
v 55.993817 2.898557 -17.002667
v 55.802029 2.898557 -16.813338
v 54.325853 1.802467 -16.747068
v 54.325853 1.705837 -16.655963
v 54.325853 1.802467 -16.559333
v 54.416944 1.802467 -16.655963
v 54.416944 2.340478 -16.655963
v 54.325853 2.327879 -16.747068
v 54.555475 3.611127 -17.190846
v 54.555475 3.539870 -17.083499
v 54.418878 3.541158 -17.084046
v 54.325853 3.611127 -17.198319
v 55.902714 1.802467 -16.655963
v 55.993817 1.802467 -16.559333
v 55.993817 1.705837 -16.655963
v 55.993817 1.802467 -16.747068
v 55.993817 2.327879 -16.747068
v 55.902714 2.340478 -16.655963
v 55.802029 3.611127 -17.190846
v 55.802029 3.539870 -17.083499
v 55.993817 3.611127 -17.198319
v 55.900780 3.541158 -17.084046
v 54.416944 2.898557 -16.813338
v 54.325853 2.868393 -16.899489
v 55.993817 2.868393 -16.899489
v 55.902714 2.898557 -16.813338
v 54.325853 1.802467 -15.238795
v 54.325853 1.740991 -15.177322
v 54.555475 1.740991 -15.177322
v 54.555475 1.802467 -15.238795
v 55.802029 1.802467 -15.238795
v 55.802029 1.740991 -15.177322
v 55.993817 1.740991 -15.177322
v 55.993817 1.802467 -15.238795
vt 0.625000 0.500000
vt 0.375000 0.750000
vt 0.625000 0.750000
vt 0.375000 1.000000
vt 0.625000 1.000000
vt 0.375000 0.778378
vt 0.625000 0.778378
vt 0.375000 0.976962
vt 0.625000 0.976962
vt 0.625000 0.273038
vt 0.409416 1.000000
vt 0.409416 0.500000
vt 0.409416 0.750000
vt 0.409416 0.778378
vt 0.409416 0.976962
vt 0.596253 1.000000
vt 0.596253 0.976962
vt 0.596253 0.778378
vt 0.596253 0.750000
vt 0.596253 0.500000
vt 0.375000 0.976962
vt 0.409416 0.976962
vt 0.409416 1.000000
vt 0.375000 1.000000
vt 0.375000 0.750000
vt 0.409416 0.750000
vt 0.409416 0.778378
vt 0.375000 0.778378
vt 0.596253 0.778378
vt 0.596253 0.750000
vt 0.625000 0.750000
vt 0.625000 0.778378
vt 0.596253 1.000000
vt 0.596253 0.976962
vt 0.625000 0.976962
vt 0.625000 1.000000
vt 0.409416 0.500000
vt 0.596253 0.500000
vt 0.409416 0.500000
vt 0.596253 0.500000
vt 0.125000 -0.000000
vt 0.153378 0.000000
vt 0.139723 0.250000
vt 0.125000 0.250000
vt 0.351962 0.250000
vt 0.375000 0.457139
vt 0.625000 0.457139
vt 0.648038 0.000000
vt 0.846622 0.000000
vt 0.875000 0.000000
vt 0.875000 0.250000
vt 0.388654 0.471622
vt 0.625000 0.485277
vt 0.611056 0.471622
vt 0.409416 0.483211
vt 0.375000 0.500000
vt 0.596253 0.500000
vt 0.625000 0.484332
vt 0.409416 0.500000
vt 0.596253 0.483211
vt 0.409416 0.471622
vt 0.409416 0.471622
vt 0.375000 0.500000
vt 0.375000 0.485277
vt 0.375000 0.485277
vt 0.596253 0.471622
vt 0.611345 0.471622
vt 0.611345 0.471622
vt 0.625000 0.500000
vt 0.388654 0.471622
vt 0.375000 0.500000
vt 0.375000 0.485809
vt 0.625000 0.485277
vt 0.625000 0.500000
vt 0.596253 0.471622
vt 0.611345 0.471622
vt 0.388654 0.471622
vt 0.409416 0.471622
vt 0.388943 0.471622
vt 0.375000 0.500000
vt 0.375000 0.484332
vt 0.625000 0.485809
vt 0.625000 0.500000
vt 0.596253 0.471622
vt 0.596253 0.471622
vt 0.409416 0.471622
vt 0.153378 0.127567
vt 0.167861 0.250000
vt 0.153378 0.250000
vt 0.846622 0.250000
vt 0.832139 0.250000
vt 0.846622 0.127567
vt 0.860277 0.250000
vt 0.351962 0.000000
vt 0.365786 0.250000
vt 0.625000 0.000000
vt 0.648038 0.250000
vt 0.634214 0.250000
vt 0.375000 0.172108
vt 0.625000 0.259214
vt 0.375000 0.000000
vt 0.409416 0.000000
vt 0.375000 0.259214
vt 0.409416 0.259214
vt 0.375000 0.273038
vt 0.596253 0.172108
vt 0.625000 0.172108
vt 0.596253 0.273038
vt 0.409416 0.273038
vt 0.596253 0.259214
vt 0.409416 0.172108
vt 0.596253 0.000000
vn 0.000000 0.000000 -1.000000
vn 0.000000 0.000000 -1.000000
vn 0.000000 0.000000 -1.000000
vn 0.000000 0.000000 -1.000000
vn 0.000000 -1.000000 0.000000
vn 0.000000 -1.000000 0.000000
vn 0.000000 -1.000000 0.000000
vn 0.000000 -1.000000 0.000000
vn 1.000000 -0.000000 0.000000
vn 1.000000 0.000000 0.000000
vn 1.000000 0.000000 0.000000
vn 1.000000 -0.000000 0.000000
vn 1.000000 -0.000000 0.000000
vn -1.000000 0.000000 0.000000
vn -1.000000 0.000000 0.000000
vn -1.000000 0.000000 0.000000
vn -1.000000 0.000000 0.000000
vn -1.000000 0.000000 0.000000
vn -1.000000 0.000000 0.000000
vn -1.000000 0.000000 0.000000
vn -1.000000 0.000000 0.000000
vn -1.000000 0.000000 0.000000
vn -1.000000 0.000000 0.000000
vn 0.000000 -1.000000 0.000000
vn 0.000000 -1.000000 0.000000
vn 0.000000 -1.000000 0.000000
vn 0.000000 -1.000000 0.000000
vn 0.000000 -1.000000 0.000000
vn 0.000000 -1.000000 0.000000
vn 0.000000 -1.000000 0.000000
vn 0.000000 -1.000000 0.000000
vn 1.000000 0.000000 0.000000
vn 1.000000 0.000000 0.000000
vn 1.000000 0.000000 0.000000
vn 0.000000 1.000000 0.000000
vn 0.000000 1.000000 0.000000
vn 0.000000 1.000000 0.000000
vn 0.000000 1.000000 0.000000
vn 0.000000 1.000000 0.000000
vn 0.000000 1.000000 0.000000
vn 0.000000 1.000000 0.000000
vn 0.000000 1.000000 0.000000
vn 0.000000 1.000000 0.000000
vn 0.000000 1.000000 0.000000
vn 0.000000 0.000000 -1.000000
vn 0.000000 0.000000 -1.000000
vn 0.000000 0.000000 -1.000000
vn 0.000000 0.000000 -1.000000
vn 0.000000 -1.000000 0.000000
vn 0.000000 -1.000000 0.000000
vn 0.000000 -1.000000 0.000000
vn 0.000000 -1.000000 0.000000
vn 0.000000 -1.000000 0.000000
vn 0.000000 -1.000000 0.000000
vn 0.000000 -1.000000 0.000000
vn 0.000000 -1.000000 0.000000
vn 0.000000 -1.000000 0.000000
vn 0.000000 -1.000000 0.000000
vn 0.000000 -1.000000 0.000000
vn 0.000000 -1.000000 0.000000
vn 0.000000 -1.000000 0.000000
vn 0.000000 -1.000000 0.000000
vn 0.000000 -1.000000 0.000000
vn 0.000000 -1.000000 0.000000
vn 0.000000 0.000000 -1.000000
vn 0.000000 0.000000 -1.000000
vn 0.000000 -0.142120 -0.989849
vn 0.000000 -0.142120 -0.989849
vn 0.000000 0.000000 -1.000000
vn 0.000000 0.000000 -1.000000
vn 0.000000 -0.142120 -0.989849
vn 0.000000 -0.142120 -0.989849
vn 0.000000 0.000000 1.000000
vn 0.000000 0.000000 1.000000
vn 0.000000 0.142121 0.989849
vn 0.000000 0.142121 0.989849
vn 0.000000 0.000000 -1.000000
vn 0.000000 0.000000 -1.000000
vn 0.000000 -0.142120 -0.989849
vn 0.000000 -0.142120 -0.989849
vn 0.000000 0.000000 -1.000000
vn 0.000000 0.000000 -1.000000
vn 0.000000 0.000000 -1.000000
vn 0.000000 0.000000 -1.000000
vn 1.000000 0.000000 0.000000
vn 1.000000 0.000000 0.000000
vn 1.000000 0.000000 0.000000
vn 1.000000 0.000000 0.000000
vn 0.000000 0.000000 1.000000
vn 0.000000 0.000000 1.000000
vn 0.000000 0.000000 1.000000
vn 0.000000 0.000000 1.000000
vn -1.000000 0.000000 0.000000
vn -1.000000 0.000000 0.000000
vn -1.000000 0.000000 0.000000
vn -1.000000 0.000000 0.000000
vn 0.000000 0.000000 -1.000000
vn 0.000000 0.000000 -1.000000
vn 0.000000 0.000000 -1.000000
vn 0.000000 0.000000 -1.000000
vn 1.000000 0.000000 0.000000
vn 1.000000 0.000000 0.000000
vn 1.000000 0.000000 0.000000
vn 1.000000 0.000000 0.000000
vn 0.000000 0.000000 1.000000
vn 0.000000 0.000000 1.000000
vn 0.000000 0.000000 1.000000
vn 0.000000 0.000000 1.000000
vn -1.000000 0.000000 0.000000
vn -1.000000 0.000000 0.000000
vn -1.000000 0.000000 0.000000
vn -1.000000 0.000000 0.000000
vn -1.000000 0.000000 0.000000
vn -1.000000 0.000000 0.000000
vn -1.000000 0.000000 0.000000
vn -1.000000 0.000000 0.000000
vn 0.000000 0.000000 -1.000000
vn 0.000000 0.000000 -1.000000
vn 0.000000 0.000000 -1.000000
vn 0.000000 0.000000 -1.000000
vn 1.000000 0.000000 0.000000
vn 1.000000 0.000000 0.000000
vn 1.000000 0.000000 0.000000
vn 1.000000 0.000000 0.000000
vn 0.000000 0.000000 1.000000
vn 0.000000 0.000000 1.000000
vn 0.000000 0.000000 1.000000
vn 0.000000 0.000000 1.000000
vn -1.000000 0.000000 0.000000
vn -1.000000 0.000000 0.000000
vn -1.000000 0.000000 0.000000
vn -1.000000 0.000000 0.000000
vn 0.000000 0.000000 -1.000000
vn 0.000000 0.000000 -1.000000
vn 0.000000 0.000000 -1.000000
vn 0.000000 0.000000 -1.000000
vn 1.000000 0.000000 0.000000
vn 1.000000 0.000000 0.000000
vn 1.000000 0.000000 0.000000
vn 1.000000 0.000000 0.000000
vn 0.000000 0.000000 1.000000
vn 0.000000 0.000000 1.000000
vn 0.000000 0.000000 1.000000
vn 0.000000 0.000000 1.000000
vn 0.000000 -0.338805 -0.940857
vn 0.000000 -0.338805 -0.940857
vn 0.000000 -0.338805 -0.940857
vn 0.000000 -0.338805 -0.940857
vn 0.000000 -0.338805 -0.940857
vn 0.000000 -0.338805 -0.940857
vn 0.000001 0.335748 0.941952
vn -0.000001 0.335749 0.941951
vn 0.000000 -0.388233 -0.921561
vn 0.000000 -0.388233 -0.921561
vn 0.000000 -0.388233 -0.921561
vn 0.000000 -0.388233 -0.921561
vn 0.000000 -0.388233 -0.921561
vn 0.000000 -0.388233 -0.921561
vn -1.000000 0.000000 0.000000
vn 1.000000 0.000000 0.000000
vn 1.000000 0.000000 0.000000
vn 1.000000 0.000000 0.000000
vn -0.707162 0.000000 0.707051
vn -0.707162 0.000000 0.707051
vn -0.710499 0.099814 0.696584
vn -0.710499 0.099814 0.696584
vn -0.691862 0.241659 0.680388
vn -0.691922 0.241477 0.680391
vn -0.001165 0.834275 0.551348
vn -0.001142 0.834253 0.551381
vn 0.001172 0.833998 0.551766
vn 0.001201 0.834019 0.551734
vn -0.008866 0.841600 0.540029
vn -0.008866 0.841600 0.540029
vn -0.678598 0.280100 0.679006
vn -0.678598 0.280100 0.679006
vn 0.707113 0.000000 0.707101
vn 0.707113 0.000000 0.707101
vn 0.710449 0.099821 0.696633
vn 0.710449 0.099821 0.696633
vn 0.691872 0.241493 0.680437
vn 0.691812 0.241675 0.680433
vn 0.011196 0.841134 0.540711
vn 0.011196 0.841134 0.540711
vn 0.678547 0.280118 0.679049
vn 0.678547 0.280118 0.679049
vn 0.000000 1.000000 0.000000
vn 0.000000 1.000000 0.000000
vn 0.000000 1.000000 0.000000
vn 0.000000 1.000000 0.000000
vn 0.000000 1.000000 0.000000
vn 0.000000 1.000000 0.000000
vn 0.000000 1.000000 0.000000
vn 0.000000 1.000000 0.000000
vn 0.000000 0.142121 0.989849
vn 0.000000 0.000000 1.000000
vn -1.000000 0.000000 0.000000
vn -1.000000 0.000000 0.000000
vn 0.000000 0.000000 1.000000
vn 0.000000 0.142121 0.989849
vn 1.000000 -0.000000 0.000000
vn 1.000000 -0.000000 0.000000
vn -0.000008 0.335543 0.942025
vn -1.000000 0.000000 0.000000
vn -1.000000 0.000000 0.000000
vn 1.000000 -0.000000 0.000000
vn 1.000000 -0.000000 0.000000
vn 0.000011 0.335467 0.942052
vn -0.000001 0.388221 0.921566
vn -0.000015 0.388223 0.921565
vn -1.000000 0.000000 0.000000
vn -1.000000 0.000000 0.000000
vn 1.000000 0.000000 0.000000
vn 1.000000 0.000000 0.000000
vn 0.000020 0.388224 0.921565
vn 0.000002 0.388221 0.921566
vn -0.727659 0.685939 0.000000
vn -0.727659 0.685939 0.000000
vn -0.727659 0.685939 0.000000
vn -0.727659 0.685939 0.000000
vn 0.727611 0.685990 0.000000
vn 0.727611 0.685990 0.000000
vn 0.727611 0.685990 0.000000
vn 0.727611 0.685990 0.000000
vn 0.000000 0.707087 0.707126
vn 0.000000 0.707087 0.707126
vn 0.000000 0.707087 0.707126
vn 0.000000 0.707087 0.707126
vn 0.000000 0.707087 0.707126
vn 0.000000 0.707087 0.707126
vn 0.000000 0.707087 0.707126
vn 0.000000 0.707087 0.707126
vn 0.000000 0.000000 1.000000
vn 0.000000 0.000000 1.000000
vn 0.000000 1.000000 0.000000
vn 0.000000 1.000000 0.000000
vn 0.000000 0.000000 1.000000
vn 0.000000 0.000000 1.000000
vn 0.000000 1.000000 0.000000
vn 0.000000 1.000000 0.000000
s 1
g pCube57
usemtl initialShadingGroup
f 183/287/481 196/236/482 197/237/483 185/226/484
s off
f 211/245/485 212/246/486 213/247/487 214/248/488
s 2
f 182/320/489 191/272/490 192/321/491 270/322/492 269/331/493
s 3
f 189/269/494 190/318/495 181/325/496 264/323/497 263/319/498
f 185/265/499 187/266/500 240/311/501 239/267/502 183/268/503
s off
f 215/249/504 216/250/505 217/251/506 218/252/507
s 4
f 187/230/508 198/238/509 199/239/510 190/232/511
s 2
f 192/321/491 191/272/490 188/273/512 251/316/513 250/315/514
s 5
f 189/329/515 194/333/516 195/285/517 242/276/518 241/270/519
f 200/290/520 201/332/521 192/234/522 250/271/523 249/291/524
s 1
f 205/243/525 206/244/526 184/225/527 186/227/528
s off
f 219/253/529 220/254/530 221/255/531 222/256/532
s 4
f 203/241/533 204/242/534 188/231/535 191/233/536
s off
f 223/257/537 224/258/538 225/259/539 226/260/540
s 5
f 195/285/517 194/333/516 201/332/521 200/290/520
s 4
f 193/235/541 199/239/510 203/241/533 202/240/542
f 199/239/510 198/238/509 204/242/534 203/241/533
f 198/238/509 197/237/543 205/243/544 204/242/534
s 1
f 197/237/483 196/236/482 206/244/526 205/243/525
s 6
f 196/236/545 183/287/546 228/295/547 229/261/548
s 7
f 184/225/549 206/244/550 230/262/551 231/293/552
s 8
f 195/285/553 200/290/554 232/299/555 227/286/556
s 9
f 206/244/557 196/236/558 229/261/559 230/262/560
s off
f 190/232/561 199/239/562 212/246/563 211/245/564
f 199/239/565 193/235/566 213/247/567 212/246/568
s 10
f 193/235/569 181/228/570 214/248/571 213/247/572
s off
f 181/228/573 190/232/574 211/245/575 214/248/576
f 185/226/577 197/237/578 216/250/579 215/249/580
f 197/237/581 198/238/582 217/251/583 216/250/584
f 198/238/585 187/230/586 218/252/587 217/251/588
f 187/230/589 185/226/590 215/249/591 218/252/592
f 204/242/593 205/243/594 220/254/595 219/253/596
f 205/243/597 186/227/598 221/255/599 220/254/600
f 186/227/601 188/231/602 222/256/603 221/255/604
f 188/231/605 204/242/606 219/253/607 222/256/608
f 202/240/609 203/241/610 224/258/611 223/257/612
f 203/241/613 191/233/614 225/259/615 224/258/616
f 191/233/617 182/229/618 226/260/619 225/259/620
s 10
f 182/229/621 202/240/622 223/257/623 226/260/624
s 6
f 229/261/548 228/295/547 234/304/625 235/263/626
s 9
f 230/262/560 229/261/559 235/263/627 236/264/628
s 7
f 231/293/552 230/262/551 236/264/629 237/298/630
s 8
f 227/286/556 232/299/555 238/309/631 233/302/632
s 6
f 235/263/626 234/304/625 208/280/633 207/283/634
s 9
f 236/264/628 235/263/627 207/283/635 209/281/636
s 7
f 237/298/630 236/264/629 209/281/637 210/307/638
s 3
f 241/312/639 240/311/501 187/266/500 190/318/495 189/269/494
s 2
f 252/317/640 251/316/513 188/273/512 186/274/641 184/275/642
s 12
f 239/288/643 242/276/644 243/294/645 244/289/646
f 244/289/646 243/294/645 259/301/647 260/296/648
s 13
f 245/279/649 246/310/650 256/308/651 255/284/652
f 246/310/650 245/279/649 248/305/653 247/303/654
s 12
f 247/303/655 248/305/656 260/296/648 259/301/647
s 14
f 249/291/657 252/277/658 253/297/659 254/292/660
f 254/292/660 253/297/659 261/306/661 262/300/662
s 13
f 255/284/652 256/308/651 258/278/663 257/282/664
s 14
f 257/282/665 258/278/666 262/300/662 261/306/661
s 15
f 248/305/667 245/279/668 207/283/669 208/280/670
f 209/281/671 255/284/672 257/282/673 210/307/674
f 207/283/669 245/279/668 255/284/672 209/281/671
s 8
f 243/294/675 242/276/676 195/285/553 227/286/556
s 3
f 183/287/503 239/288/502 244/289/677 228/295/678
s 8
f 200/290/554 249/291/679 254/292/680 232/299/555
s 2
f 253/297/681 252/277/640 184/225/642 231/293/682
s 8
f 243/294/675 227/286/556 233/302/632 259/301/683
s 3
f 228/295/678 244/289/677 260/296/684 234/304/685
s 2
f 253/297/681 231/293/682 237/298/686 261/306/687
s 8
f 232/299/555 254/292/680 262/300/688 238/309/631
f 259/301/683 233/302/632 246/310/689 247/303/690
s 3
f 234/304/685 260/296/684 248/305/691 208/280/692
s 2
f 261/306/687 237/298/686 210/307/693 257/282/694
s 8
f 238/309/631 262/300/688 258/278/695 256/308/696
f 233/302/632 238/309/631 256/308/696 246/310/689
s off
f 239/267/697 240/311/698 241/312/699 242/313/700
f 249/314/701 250/315/702 251/316/703 252/317/704
s 16
f 263/327/705 264/323/706 265/335/707 266/328/708
f 266/328/708 265/335/707 268/330/709 267/334/710
f 267/334/710 268/330/709 269/331/711 270/324/712
s 10
f 181/325/570 193/326/569 265/335/713 264/323/714
s 5
f 263/327/715 266/328/716 194/333/516 189/329/515
s 10
f 268/330/717 202/336/622 182/320/621 269/331/718
s 5
f 201/332/521 267/334/719 270/324/720 192/234/522
f 194/333/516 266/328/716 267/334/719 201/332/521
s 10
f 265/335/713 193/326/569 202/336/622 268/330/717
g default
v 53.702502 2.465219 -12.870893
v 61.471003 2.465219 -12.870893
v 53.702502 2.665737 -12.870893
v 61.471003 2.665737 -12.870893
v 53.702502 2.665737 -16.460725
v 61.471003 2.665737 -16.460725
v 53.702502 2.465219 -16.460725
v 61.471003 2.465219 -16.460725
v 53.702502 2.665737 -13.081871
v 53.702502 2.465219 -13.081870
v 61.471003 2.465219 -13.081870
v 61.471003 2.665737 -13.081871
v 53.702502 2.465219 -16.206011
v 53.702502 2.665737 -16.206010
v 61.471003 2.665737 -16.206010
v 61.471003 2.465219 -16.206011
v 53.959605 2.465219 -12.870893
v 53.959605 2.665737 -12.870893
v 53.959608 2.665737 -13.081871
v 53.959605 2.665737 -16.206010
v 53.959605 2.665737 -16.460725
v 53.959605 2.465219 -16.460725
v 53.959608 2.465219 -16.206011
v 53.959605 2.465219 -13.081870
v 61.235728 2.665737 -13.081871
v 61.235731 2.665737 -12.870893
v 61.235731 2.465219 -12.870893
v 61.235731 2.465219 -13.081870
v 61.235728 2.465219 -16.206011
v 61.235731 2.465219 -16.460725
v 61.235731 2.665737 -16.460725
v 61.235731 2.665737 -16.206010
v 53.702502 0.469236 -13.081870
v 53.959605 0.469236 -13.081870
v 53.959605 0.469236 -12.870893
v 53.702502 0.469236 -12.870893
v 53.702502 0.469236 -16.460725
v 53.959605 0.469236 -16.460725
v 53.959608 0.469236 -16.206011
v 53.702502 0.469236 -16.206011
v 61.235728 0.469236 -16.206011
v 61.235731 0.469236 -16.460725
v 61.471003 0.469236 -16.460725
v 61.471003 0.469236 -16.206011
v 61.235731 0.469236 -12.870893
v 61.235731 0.469236 -13.081870
v 61.471003 0.469236 -13.081870
v 61.471003 0.469236 -12.870893
vt 0.375000 0.000000
vt 0.625000 0.000000
vt 0.375000 0.250000
vt 0.625000 0.250000
vt 0.375000 0.500000
vt 0.625000 0.500000
vt 0.375000 0.750000
vt 0.625000 0.750000
vt 0.375000 1.000000
vt 0.625000 1.000000
vt 0.875000 0.000000
vt 0.875000 0.250000
vt 0.125000 0.000000
vt 0.125000 0.250000
vt 0.360307 0.250000
vt 0.375000 0.264693
vt 0.360307 0.000000
vt 0.375000 0.985307
vt 0.625000 0.985307
vt 0.639693 0.000000
vt 0.625000 0.264693
vt 0.639693 0.250000
vt 0.142739 0.000000
vt 0.375000 0.767739
vt 0.142739 0.250000
vt 0.375000 0.482261
vt 0.625000 0.482261
vt 0.857261 0.250000
vt 0.625000 0.767739
vt 0.857261 0.000000
vt 0.383274 0.000000
vt 0.383274 1.000000
vt 0.383274 0.250000
vt 0.383274 0.264693
vt 0.383274 0.482261
vt 0.383274 0.500000
vt 0.383274 0.750000
vt 0.383274 0.767739
vt 0.383274 0.985307
vt 0.617429 0.264693
vt 0.617429 0.250000
vt 0.617429 0.000000
vt 0.617429 1.000000
vt 0.617429 0.985307
vt 0.617429 0.767739
vt 0.617429 0.750000
vt 0.617429 0.500000
vt 0.617429 0.482261
vt 0.375000 0.985307
vt 0.383274 0.985307
vt 0.383274 1.000000
vt 0.375000 1.000000
vt 0.375000 0.750000
vt 0.383274 0.750000
vt 0.383274 0.767739
vt 0.375000 0.767739
vt 0.617429 0.767739
vt 0.617429 0.750000
vt 0.625000 0.750000
vt 0.625000 0.767739
vt 0.617429 1.000000
vt 0.617429 0.985307
vt 0.625000 0.985307
vt 0.625000 1.000000
vn 0.000000 0.000000 1.000000
vn 0.000000 0.000000 1.000000
vn 0.000000 0.000000 1.000000
vn 0.000000 0.000000 1.000000
vn 0.000000 1.000000 0.000000
vn 0.000000 1.000000 -0.000000
vn 0.000000 1.000000 -0.000000
vn 0.000000 1.000000 0.000000
vn 0.000000 0.000000 -1.000000
vn 0.000000 0.000000 -1.000000
vn 0.000000 0.000000 -1.000000
vn 0.000000 0.000000 -1.000000
vn 0.000000 -1.000000 0.000000
vn 0.000000 -1.000000 0.000000
vn 0.000000 -1.000000 0.000000
vn 0.000000 -1.000000 0.000000
vn 1.000000 0.000000 0.000000
vn 1.000000 0.000000 0.000000
vn 1.000000 0.000000 0.000000
vn 1.000000 0.000000 0.000000
vn -1.000000 0.000000 0.000000
vn -1.000000 0.000000 0.000000
vn -1.000000 0.000000 0.000000
vn -1.000000 0.000000 0.000000
vn -1.000000 0.000000 0.000000
vn -1.000000 0.000000 0.000000
vn -1.000000 0.000000 0.000000
vn -1.000000 0.000000 0.000000
vn 0.000000 -1.000000 0.000000
vn 0.000000 -1.000000 0.000000
vn 0.000000 -1.000000 0.000000
vn 0.000000 -1.000000 0.000000
vn 1.000000 0.000000 0.000000
vn 1.000000 0.000000 0.000000
vn 1.000000 0.000000 0.000000
vn 1.000000 0.000000 0.000000
vn 0.000000 1.000000 0.000000
vn 0.000000 1.000000 0.000000
vn 0.000000 1.000000 0.000000
vn 0.000000 1.000000 0.000000
vn 0.000000 -1.000000 0.000000
vn 0.000000 -1.000000 0.000000
vn 0.000000 -1.000000 -0.000000
vn 0.000000 -1.000000 0.000000
vn 0.000000 0.000000 1.000000
vn 0.000000 0.000000 1.000000
vn 0.000000 0.000000 1.000000
vn 0.000000 0.000000 1.000000
vn 0.000000 1.000000 -0.000000
vn 0.000000 1.000000 -0.000000
vn 0.000000 1.000000 0.000000
vn 0.000000 1.000000 0.000000
vn 0.000000 1.000000 0.000000
vn 0.000000 1.000000 0.000000
vn 0.000000 1.000000 0.000000
vn 0.000000 1.000000 0.000000
vn 0.000000 0.000000 -1.000000
vn 0.000000 0.000000 -1.000000
vn 0.000000 0.000000 -1.000000
vn 0.000000 0.000000 -1.000000
vn 0.000000 -1.000000 -0.000000
vn 0.000000 -1.000000 -0.000000
vn 0.000000 -1.000000 -0.000000
vn 0.000000 -1.000000 -0.000000
vn 0.000000 -1.000000 -0.000000
vn 0.000000 -1.000000 0.000000
vn 0.000000 -1.000000 0.000000
vn 0.000000 -1.000000 0.000000
vn 0.000000 -1.000000 0.000000
vn 0.000000 -1.000000 0.000000
vn 0.000000 -1.000000 0.000000
vn 0.000000 -1.000000 0.000000
vn 0.000000 -1.000000 0.000000
vn 0.000000 -1.000000 0.000000
vn 0.000000 -1.000000 0.000000
vn 0.000000 -1.000000 0.000000
vn 0.000000 0.000000 -1.000000
vn 0.000000 0.000000 -1.000000
vn 0.000000 0.000000 -1.000000
vn 0.000000 0.000000 -1.000000
vn 1.000000 0.000000 0.000000
vn 1.000000 0.000000 0.000000
vn 1.000000 0.000000 0.000000
vn 1.000000 0.000000 0.000000
vn 0.000000 0.000000 1.000000
vn 0.000000 0.000000 1.000000
vn 0.000000 0.000000 1.000000
vn 0.000000 0.000000 1.000000
vn -1.000000 0.000000 0.000000
vn -1.000000 0.000000 0.000000
vn -1.000000 0.000000 0.000000
vn -1.000000 0.000000 0.000000
vn 0.000000 0.000000 -1.000000
vn 0.000000 0.000000 -1.000000
vn 0.000000 0.000000 -1.000000
vn 0.000000 0.000000 -1.000000
vn 1.000000 0.000000 -0.000015
vn 1.000000 0.000000 -0.000015
vn 1.000000 0.000000 -0.000015
vn 1.000000 0.000000 -0.000015
vn 0.000000 0.000000 1.000000
vn 0.000000 0.000000 1.000000
vn 0.000000 0.000000 1.000000
vn 0.000000 0.000000 1.000000
vn -1.000000 0.000000 0.000000
vn -1.000000 0.000000 0.000000
vn -1.000000 0.000000 0.000000
vn -1.000000 0.000000 0.000000
vn -1.000000 0.000000 -0.000015
vn -1.000000 0.000000 -0.000015
vn -1.000000 0.000000 -0.000015
vn -1.000000 0.000000 -0.000015
vn 0.000000 0.000000 -1.000000
vn 0.000000 0.000000 -1.000000
vn 0.000000 0.000000 -1.000000
vn 0.000000 0.000000 -1.000000
vn 1.000000 0.000000 0.000000
vn 1.000000 0.000000 0.000000
vn 1.000000 0.000000 0.000000
vn 1.000000 0.000000 0.000000
vn 0.000000 0.000000 1.000000
vn 0.000000 0.000000 1.000000
vn 0.000000 0.000000 1.000000
vn 0.000000 0.000000 1.000000
vn -1.000000 0.000000 0.000000
vn -1.000000 0.000000 0.000000
vn -1.000000 0.000000 0.000000
vn -1.000000 0.000000 0.000000
vn 0.000000 0.000000 -1.000000
vn 0.000000 0.000000 -1.000000
vn 0.000000 0.000000 -1.000000
vn 0.000000 0.000000 -1.000000
vn 1.000000 0.000000 0.000000
vn 1.000000 0.000000 0.000000
vn 1.000000 0.000000 0.000000
vn 1.000000 0.000000 0.000000
vn 0.000000 0.000000 1.000000
vn 0.000000 0.000000 1.000000
vn 0.000000 0.000000 1.000000
vn 0.000000 0.000000 1.000000
s 1
g pCube54
usemtl initialShadingGroup
f 271/337/721 287/367/722 288/369/723 273/339/724
s 2
f 273/339/725 288/369/726 289/370/727 279/352/728
s 3
f 275/341/729 291/372/730 292/373/731 277/343/732
s off
f 303/385/733 304/386/734 305/387/735 306/388/736
s 4
f 272/338/737 281/356/738 282/358/739 274/340/740
s 5
f 279/351/741 280/353/742 271/337/743 273/339/744
f 277/349/745 283/359/746 284/361/747 275/350/748
s off
f 307/389/749 308/390/750 309/391/751 310/392/752
s 4
f 285/364/753 286/366/754 278/347/755 276/348/756
s 2
f 284/362/757 290/371/758 291/372/759 275/341/760
s 5
f 284/361/747 283/359/746 280/353/742 279/351/741
s 2
f 279/352/728 289/370/727 290/371/758 284/362/757
s 4
f 282/358/739 281/356/738 286/366/754 285/364/753
s 6
f 283/360/761 293/374/762 294/375/763 280/354/764
s 1
f 296/377/765 297/378/766 272/338/767 274/340/768
s 2
f 295/376/769 296/377/770 274/340/771 282/357/772
f 302/384/773 295/376/769 282/357/772 285/363/774
f 301/383/775 302/384/773 285/363/774 276/342/776
s 3
f 300/382/777 301/383/778 276/342/779 278/344/780
s off
f 311/393/781 312/394/782 313/395/783 314/396/784
s 6
f 298/380/785 299/381/786 286/365/787 281/355/788
s off
f 315/397/789 316/398/790 317/399/791 318/400/792
s 2
f 289/370/727 288/369/726 296/377/770 295/376/769
s 1
f 288/369/723 287/367/722 297/378/766 296/377/765
s 6
f 287/368/793 294/375/763 298/380/785 297/379/794
f 294/375/763 293/374/762 299/381/786 298/380/785
f 293/374/762 292/373/795 300/382/796 299/381/786
s 3
f 292/373/731 291/372/730 301/383/778 300/382/777
s 2
f 291/372/759 290/371/758 302/384/773 301/383/775
f 290/371/758 289/370/727 295/376/769 302/384/773
s off
f 280/354/797 294/375/798 304/386/799 303/385/800
f 294/375/801 287/368/802 305/387/803 304/386/804
f 287/368/805 271/345/806 306/388/807 305/387/808
f 271/345/809 280/354/810 303/385/811 306/388/812
f 277/343/813 292/373/814 308/390/815 307/389/816
f 292/373/817 293/374/818 309/391/819 308/390/820
f 293/374/821 283/360/822 310/392/823 309/391/824
f 283/360/825 277/343/826 307/389/827 310/392/828
f 299/381/829 300/382/830 312/394/831 311/393/832
f 300/382/833 278/344/834 313/395/835 312/394/836
f 278/344/837 286/365/838 314/396/839 313/395/840
f 286/365/841 299/381/842 311/393/843 314/396/844
f 297/379/845 298/380/846 316/398/847 315/397/848
f 298/380/849 281/355/850 317/399/851 316/398/852
f 281/355/853 272/346/854 318/400/855 317/399/856
f 272/346/857 297/379/858 315/397/859 318/400/860
g default
v 55.886298 1.605155 -13.722803
v 54.230696 1.605155 -13.520102
v 56.088999 1.802467 -12.067193
v 54.433398 1.802467 -11.864493
v 56.088999 1.605155 -12.067193
v 54.433398 1.605155 -11.864493
v 56.065991 1.605155 -12.255121
v 54.410389 1.605155 -12.052420
v 55.904977 1.802467 -13.570237
v 55.904977 1.605155 -13.570237
v 54.249375 1.605155 -13.367536
v 54.249375 1.802467 -13.367536
v 55.658378 1.605155 -13.694898
v 55.677057 1.802467 -13.542332
v 55.838071 1.802467 -12.227216
v 55.861080 1.802467 -12.039288
v 55.861080 1.605155 -12.039288
v 55.838071 1.605155 -12.227216
v 55.677057 1.605155 -13.542332
v 54.600756 1.802467 -12.075727
v 54.439742 1.802467 -13.390843
v 54.421063 1.605155 -13.543409
v 54.439742 1.605155 -13.390843
v 54.600756 1.605155 -12.075727
v 54.623765 1.605155 -11.887800
v 54.623765 1.802467 -11.887800
v 55.916685 3.611127 -11.585116
v 56.144605 3.611127 -11.613021
v 54.679370 3.611127 -11.433628
v 54.489004 3.611127 -11.410321
v 55.904977 0.458198 -13.570237
v 55.677057 0.458198 -13.542332
v 55.658378 0.458198 -13.694898
v 55.886298 0.458198 -13.722803
v 56.088999 0.458198 -12.067193
v 55.861080 0.458198 -12.039288
v 55.838071 0.458198 -12.227216
v 56.065991 0.458198 -12.255121
v 54.600756 0.458198 -12.075727
v 54.623765 0.458198 -11.887800
v 54.433398 0.458198 -11.864493
v 54.410389 0.458198 -12.052420
v 54.421063 0.458198 -13.543409
v 54.439742 0.458198 -13.390843
v 54.249375 0.458198 -13.367536
v 54.230696 0.458198 -13.520102
v 55.838071 2.340478 -12.227216
v 56.088999 2.340478 -12.067193
v 55.861080 2.340478 -12.039288
v 54.623765 2.340478 -11.887800
v 54.433398 2.340478 -11.864493
v 54.600756 2.340478 -12.075727
v 55.857196 2.898557 -12.071007
v 56.108124 2.898557 -11.910986
v 55.880204 2.898557 -11.883081
v 54.642890 2.898557 -11.731593
v 54.452523 2.898557 -11.708286
v 54.619881 2.898557 -11.919519
v 56.077062 1.802467 -12.164691
v 56.065991 1.705837 -12.255121
v 56.054248 1.802467 -12.351035
v 55.975576 1.802467 -12.244051
v 55.975576 2.340478 -12.244051
v 56.077062 2.327879 -12.164691
v 55.903073 3.611127 -11.696297
v 55.890028 3.539870 -11.802849
v 56.025679 3.541158 -11.818906
v 56.131901 3.611127 -11.716784
v 54.500817 1.802467 -12.063492
v 54.398646 1.802467 -12.148335
v 54.410389 1.705837 -12.052420
v 54.421461 1.802467 -11.961991
v 54.421461 2.327879 -11.961991
v 54.500817 2.340478 -12.063492
v 54.665758 3.611127 -11.544809
v 54.652713 3.539870 -11.651360
v 54.476299 3.611127 -11.514084
v 54.554760 3.541158 -11.638816
v 55.994701 2.898557 -12.087842
v 56.095585 2.868393 -12.013400
v 54.439984 2.868393 -11.810699
v 54.519942 2.898557 -11.907283
v 55.893768 1.802467 -13.661785
v 55.886298 1.740991 -13.722803
v 55.658378 1.740991 -13.694898
v 55.665849 1.802467 -13.633881
v 54.428534 1.802467 -13.482392
v 54.421063 1.740991 -13.543409
v 54.230696 1.740991 -13.520102
v 54.238167 1.802467 -13.459085
vt 0.625000 0.500000
vt 0.375000 0.750000
vt 0.625000 0.750000
vt 0.375000 1.000000
vt 0.625000 1.000000
vt 0.375000 0.778378
vt 0.625000 0.778378
vt 0.375000 0.976962
vt 0.625000 0.976962
vt 0.625000 0.273038
vt 0.409416 1.000000
vt 0.409416 0.500000
vt 0.409416 0.750000
vt 0.409416 0.778378
vt 0.409416 0.976962
vt 0.596253 1.000000
vt 0.596253 0.976962
vt 0.596253 0.778378
vt 0.596253 0.750000
vt 0.596253 0.500000
vt 0.375000 0.976962
vt 0.409416 0.976962
vt 0.409416 1.000000
vt 0.375000 1.000000
vt 0.375000 0.750000
vt 0.409416 0.750000
vt 0.409416 0.778378
vt 0.375000 0.778378
vt 0.596253 0.778378
vt 0.596253 0.750000
vt 0.625000 0.750000
vt 0.625000 0.778378
vt 0.596253 1.000000
vt 0.596253 0.976962
vt 0.625000 0.976962
vt 0.625000 1.000000
vt 0.409416 0.500000
vt 0.596253 0.500000
vt 0.409416 0.500000
vt 0.596253 0.500000
vt 0.125000 -0.000000
vt 0.153378 0.000000
vt 0.139723 0.250000
vt 0.125000 0.250000
vt 0.351962 0.250000
vt 0.375000 0.457139
vt 0.625000 0.457139
vt 0.648038 0.000000
vt 0.846622 0.000000
vt 0.875000 0.000000
vt 0.875000 0.250000
vt 0.388654 0.471622
vt 0.625000 0.485277
vt 0.611056 0.471622
vt 0.409416 0.483211
vt 0.375000 0.500000
vt 0.596253 0.500000
vt 0.625000 0.484332
vt 0.409416 0.500000
vt 0.596253 0.483211
vt 0.409416 0.471622
vt 0.409416 0.471622
vt 0.375000 0.500000
vt 0.375000 0.485277
vt 0.375000 0.485277
vt 0.596253 0.471622
vt 0.611345 0.471622
vt 0.611345 0.471622
vt 0.625000 0.500000
vt 0.388654 0.471622
vt 0.375000 0.500000
vt 0.375000 0.485809
vt 0.625000 0.485277
vt 0.625000 0.500000
vt 0.596253 0.471622
vt 0.611345 0.471622
vt 0.388654 0.471622
vt 0.409416 0.471622
vt 0.388943 0.471622
vt 0.375000 0.500000
vt 0.375000 0.484332
vt 0.625000 0.485809
vt 0.625000 0.500000
vt 0.596253 0.471622
vt 0.596253 0.471622
vt 0.409416 0.471622
vt 0.153378 0.127567
vt 0.167861 0.250000
vt 0.153378 0.250000
vt 0.846622 0.250000
vt 0.832139 0.250000
vt 0.846622 0.127567
vt 0.860277 0.250000
vt 0.351962 0.000000
vt 0.365786 0.250000
vt 0.625000 0.000000
vt 0.648038 0.250000
vt 0.634214 0.250000
vt 0.375000 0.172108
vt 0.625000 0.259214
vt 0.375000 0.000000
vt 0.409416 0.000000
vt 0.375000 0.259214
vt 0.409416 0.259214
vt 0.375000 0.273038
vt 0.596253 0.172108
vt 0.625000 0.172108
vt 0.596253 0.273038
vt 0.409416 0.273038
vt 0.596253 0.259214
vt 0.409416 0.172108
vt 0.596253 0.000000
vn 0.121526 0.000000 0.992588
vn 0.121526 0.000000 0.992588
vn 0.121526 0.000000 0.992588
vn 0.121526 0.000000 0.992588
vn 0.000000 -1.000000 0.000000
vn 0.000000 -1.000000 0.000000
vn 0.000000 -1.000000 0.000000
vn 0.000000 -1.000000 0.000000
vn -0.992588 -0.000000 0.121526
vn -0.992588 0.000000 0.121526
vn -0.992588 0.000000 0.121526
vn -0.992588 -0.000000 0.121526
vn -0.992588 -0.000000 0.121526
vn 0.992588 0.000000 -0.121526
vn 0.992588 0.000000 -0.121526
vn 0.992588 0.000000 -0.121526
vn 0.992588 0.000000 -0.121526
vn 0.992588 0.000000 -0.121526
vn 0.992588 0.000000 -0.121526
vn 0.992588 0.000000 -0.121526
vn 0.992588 0.000000 -0.121526
vn 0.992588 0.000000 -0.121526
vn 0.992588 0.000000 -0.121526
vn 0.000000 -1.000000 0.000000
vn 0.000000 -1.000000 0.000000
vn 0.000000 -1.000000 0.000000
vn 0.000000 -1.000000 0.000000
vn 0.000000 -1.000000 0.000000
vn 0.000000 -1.000000 0.000000
vn 0.000000 -1.000000 0.000000
vn 0.000000 -1.000000 0.000000
vn -0.992588 0.000000 0.121526
vn -0.992588 0.000000 0.121526
vn -0.992588 0.000000 0.121526
vn -0.000000 1.000000 -0.000000
vn -0.000000 1.000000 -0.000000
vn -0.000000 1.000000 -0.000000
vn -0.000000 1.000000 -0.000000
vn -0.000000 1.000000 -0.000000
vn -0.000000 1.000000 0.000000
vn -0.000000 1.000000 0.000000
vn -0.000000 1.000000 0.000000
vn -0.000000 1.000000 0.000000
vn -0.000000 1.000000 0.000000
vn 0.121526 0.000000 0.992588
vn 0.121526 0.000000 0.992588
vn 0.121526 0.000000 0.992588
vn 0.121526 0.000000 0.992588
vn 0.000000 -1.000000 0.000000
vn 0.000000 -1.000000 0.000000
vn 0.000000 -1.000000 0.000000
vn 0.000000 -1.000000 0.000000
vn 0.000000 -1.000000 0.000000
vn 0.000000 -1.000000 0.000000
vn 0.000000 -1.000000 0.000000
vn 0.000000 -1.000000 0.000000
vn 0.000000 -1.000000 0.000000
vn 0.000000 -1.000000 0.000000
vn 0.000000 -1.000000 0.000000
vn 0.000000 -1.000000 0.000000
vn 0.000000 -1.000000 0.000000
vn 0.000000 -1.000000 0.000000
vn 0.000000 -1.000000 0.000000
vn 0.000000 -1.000000 0.000000
vn 0.121526 0.000000 0.992588
vn 0.121526 0.000000 0.992588
vn 0.120292 -0.142120 0.982513
vn 0.120292 -0.142120 0.982513
vn 0.121526 0.000000 0.992588
vn 0.121526 0.000000 0.992588
vn 0.120292 -0.142120 0.982513
vn 0.120292 -0.142120 0.982513
vn -0.121526 0.000000 -0.992588
vn -0.121526 0.000000 -0.992588
vn -0.120292 0.142121 -0.982513
vn -0.120292 0.142121 -0.982513
vn 0.121526 0.000000 0.992588
vn 0.121526 0.000000 0.992588
vn 0.120292 -0.142120 0.982513
vn 0.120292 -0.142120 0.982513
vn 0.121526 0.000000 0.992588
vn 0.121526 0.000000 0.992588
vn 0.121526 0.000000 0.992588
vn 0.121526 0.000000 0.992588
vn -0.992588 0.000000 0.121526
vn -0.992588 0.000000 0.121526
vn -0.992588 0.000000 0.121526
vn -0.992588 0.000000 0.121526
vn -0.121526 0.000000 -0.992588
vn -0.121526 0.000000 -0.992588
vn -0.121526 0.000000 -0.992588
vn -0.121526 0.000000 -0.992588
vn 0.992588 0.000000 -0.121526
vn 0.992588 0.000000 -0.121526
vn 0.992588 0.000000 -0.121526
vn 0.992588 0.000000 -0.121526
vn 0.121526 0.000000 0.992588
vn 0.121526 0.000000 0.992588
vn 0.121526 0.000000 0.992588
vn 0.121526 0.000000 0.992588
vn -0.992588 0.000000 0.121526
vn -0.992588 0.000000 0.121526
vn -0.992588 0.000000 0.121526
vn -0.992588 0.000000 0.121526
vn -0.121526 0.000000 -0.992588
vn -0.121526 0.000000 -0.992588
vn -0.121526 0.000000 -0.992588
vn -0.121526 0.000000 -0.992588
vn 0.992588 0.000000 -0.121526
vn 0.992588 0.000000 -0.121526
vn 0.992588 0.000000 -0.121526
vn 0.992588 0.000000 -0.121526
vn 0.992588 0.000000 -0.121526
vn 0.992588 0.000000 -0.121526
vn 0.992588 0.000000 -0.121526
vn 0.992588 0.000000 -0.121526
vn 0.121526 0.000000 0.992588
vn 0.121526 0.000000 0.992588
vn 0.121526 0.000000 0.992588
vn 0.121526 0.000000 0.992588
vn -0.992588 0.000000 0.121526
vn -0.992588 0.000000 0.121526
vn -0.992588 0.000000 0.121526
vn -0.992588 0.000000 0.121526
vn -0.121526 0.000000 -0.992588
vn -0.121526 0.000000 -0.992588
vn -0.121526 0.000000 -0.992588
vn -0.121526 0.000000 -0.992588
vn 0.992588 0.000000 -0.121526
vn 0.992588 0.000000 -0.121526
vn 0.992588 0.000000 -0.121526
vn 0.992588 0.000000 -0.121526
vn 0.121526 0.000000 0.992588
vn 0.121526 0.000000 0.992588
vn 0.121526 0.000000 0.992588
vn 0.121526 0.000000 0.992588
vn -0.992588 0.000000 0.121526
vn -0.992588 0.000000 0.121526
vn -0.992588 0.000000 0.121526
vn -0.992588 0.000000 0.121526
vn -0.121526 0.000000 -0.992588
vn -0.121526 0.000000 -0.992588
vn -0.121526 0.000000 -0.992588
vn -0.121526 0.000000 -0.992588
vn 0.114338 -0.338805 0.933883
vn 0.114338 -0.338805 0.933883
vn 0.114338 -0.338805 0.933883
vn 0.114338 -0.338805 0.933883
vn 0.114338 -0.338805 0.933883
vn 0.114338 -0.338805 0.933883
vn -0.114472 0.335748 -0.934970
vn -0.114471 0.335749 -0.934970
vn 0.111993 -0.388233 0.914731
vn 0.111993 -0.388233 0.914731
vn 0.111993 -0.388233 0.914731
vn 0.111993 -0.388233 0.914731
vn 0.111993 -0.388233 0.914731
vn 0.111993 -0.388233 0.914731
vn 0.992588 0.000000 -0.121526
vn -0.992588 0.000000 0.121526
vn -0.992588 0.000000 0.121526
vn -0.992588 0.000000 0.121526
vn 0.615996 0.000000 -0.787749
vn 0.615996 0.000000 -0.787749
vn 0.620580 0.099814 -0.777765
vn 0.620580 0.099814 -0.777765
vn 0.604050 0.241659 -0.759424
vn 0.604109 0.241477 -0.759435
vn -0.065846 0.834275 -0.547403
vn -0.065873 0.834253 -0.547433
vn -0.068217 0.833998 -0.547534
vn -0.068242 0.834019 -0.547498
vn -0.056827 0.841600 -0.537104
vn -0.056827 0.841600 -0.537104
vn 0.591051 0.280100 -0.756441
vn 0.591051 0.280100 -0.756441
vn -0.787803 0.000000 -0.615928
vn -0.787803 0.000000 -0.615928
vn -0.789842 0.099821 -0.605132
vn -0.789842 0.099821 -0.605132
vn -0.769435 0.241493 -0.591313
vn -0.769375 0.241675 -0.591317
vn -0.076823 0.841134 -0.535342
vn -0.076823 0.841134 -0.535342
vn -0.756040 0.280118 -0.591556
vn -0.756040 0.280118 -0.591556
vn -0.000000 1.000000 0.000000
vn -0.000000 1.000000 0.000000
vn -0.000000 1.000000 0.000000
vn -0.000000 1.000000 0.000000
vn -0.000000 1.000000 0.000000
vn -0.000000 1.000000 0.000000
vn -0.000000 1.000000 0.000000
vn -0.000000 1.000000 0.000000
vn -0.120292 0.142121 -0.982513
vn -0.121526 0.000000 -0.992588
vn 0.992588 0.000000 -0.121526
vn 0.992588 0.000000 -0.121526
vn -0.121526 0.000000 -0.992588
vn -0.120292 0.142121 -0.982513
vn -0.992588 -0.000000 0.121526
vn -0.992588 -0.000000 0.121526
vn -0.114472 0.335543 -0.935044
vn 0.992588 0.000000 -0.121526
vn 0.992588 0.000000 -0.121526
vn -0.992588 -0.000000 0.121526
vn -0.992588 -0.000000 0.121526
vn -0.114495 0.335467 -0.935069
vn -0.111993 0.388221 -0.914736
vn -0.111979 0.388223 -0.914737
vn 0.992588 0.000000 -0.121526
vn 0.992588 0.000000 -0.121526
vn -0.992588 0.000000 0.121526
vn -0.992588 0.000000 0.121526
vn -0.112014 0.388224 -0.914732
vn -0.111995 0.388221 -0.914736
vn 0.722266 0.685939 -0.088429
vn 0.722266 0.685939 -0.088429
vn 0.722266 0.685939 -0.088429
vn 0.722266 0.685939 -0.088429
vn -0.722218 0.685990 0.088423
vn -0.722218 0.685990 0.088423
vn -0.722218 0.685990 0.088423
vn -0.722218 0.685990 0.088423
vn -0.085934 0.707087 -0.701885
vn -0.085934 0.707087 -0.701885
vn -0.085934 0.707087 -0.701885
vn -0.085934 0.707087 -0.701885
vn -0.085934 0.707087 -0.701885
vn -0.085934 0.707087 -0.701885
vn -0.085934 0.707087 -0.701885
vn -0.085934 0.707087 -0.701885
vn -0.121526 0.000000 -0.992588
vn -0.121526 0.000000 -0.992588
vn -0.000000 1.000000 0.000000
vn -0.000000 1.000000 0.000000
vn -0.121526 0.000000 -0.992588
vn -0.121526 0.000000 -0.992588
vn -0.000000 1.000000 0.000000
vn -0.000000 1.000000 0.000000
s 1
g pCube59
usemtl initialShadingGroup
f 321/463/861 334/412/862 335/413/863 323/402/864
s off
f 349/421/865 350/422/866 351/423/867 352/424/868
s 2
f 320/496/869 329/448/870 330/497/871 408/498/872 407/507/873
s 3
f 327/445/874 328/494/875 319/501/876 402/499/877 401/495/878
f 323/441/879 325/442/880 378/487/881 377/443/882 321/444/883
s off
f 353/425/884 354/426/885 355/427/886 356/428/887
s 4
f 325/406/888 336/414/889 337/415/890 328/408/891
s 2
f 330/497/871 329/448/870 326/449/892 389/492/893 388/491/894
s 5
f 327/505/895 332/509/896 333/461/897 380/452/898 379/446/899
f 338/466/900 339/508/901 330/410/902 388/447/903 387/467/904
s 1
f 343/419/905 344/420/906 322/401/907 324/403/908
s off
f 357/429/909 358/430/910 359/431/911 360/432/912
s 4
f 341/417/913 342/418/914 326/407/915 329/409/916
s off
f 361/433/917 362/434/918 363/435/919 364/436/920
s 5
f 333/461/897 332/509/896 339/508/901 338/466/900
s 4
f 331/411/921 337/415/890 341/417/913 340/416/922
f 337/415/890 336/414/889 342/418/914 341/417/913
f 336/414/889 335/413/923 343/419/924 342/418/914
s 1
f 335/413/863 334/412/862 344/420/906 343/419/905
s 6
f 334/412/925 321/463/926 366/471/927 367/437/928
s 7
f 322/401/929 344/420/930 368/438/931 369/469/932
s 8
f 333/461/933 338/466/934 370/475/935 365/462/936
s 9
f 344/420/937 334/412/938 367/437/939 368/438/940
s off
f 328/408/941 337/415/942 350/422/943 349/421/944
f 337/415/945 331/411/946 351/423/947 350/422/948
s 10
f 331/411/949 319/404/950 352/424/951 351/423/952
s off
f 319/404/953 328/408/954 349/421/955 352/424/956
f 323/402/957 335/413/958 354/426/959 353/425/960
f 335/413/961 336/414/962 355/427/963 354/426/964
f 336/414/965 325/406/966 356/428/967 355/427/968
f 325/406/969 323/402/970 353/425/971 356/428/972
f 342/418/973 343/419/974 358/430/975 357/429/976
f 343/419/977 324/403/978 359/431/979 358/430/980
f 324/403/981 326/407/982 360/432/983 359/431/984
f 326/407/985 342/418/986 357/429/987 360/432/988
f 340/416/989 341/417/990 362/434/991 361/433/992
f 341/417/993 329/409/994 363/435/995 362/434/996
f 329/409/997 320/405/998 364/436/999 363/435/1000
s 10
f 320/405/1001 340/416/1002 361/433/1003 364/436/1004
s 6
f 367/437/928 366/471/927 372/480/1005 373/439/1006
s 9
f 368/438/940 367/437/939 373/439/1007 374/440/1008
s 7
f 369/469/932 368/438/931 374/440/1009 375/474/1010
s 8
f 365/462/936 370/475/935 376/485/1011 371/478/1012
s 6
f 373/439/1006 372/480/1005 346/456/1013 345/459/1014
s 9
f 374/440/1008 373/439/1007 345/459/1015 347/457/1016
s 7
f 375/474/1010 374/440/1009 347/457/1017 348/483/1018
s 3
f 379/488/1019 378/487/881 325/442/880 328/494/875 327/445/874
s 2
f 390/493/1020 389/492/893 326/449/892 324/450/1021 322/451/1022
s 12
f 377/464/1023 380/452/1024 381/470/1025 382/465/1026
f 382/465/1026 381/470/1025 397/477/1027 398/472/1028
s 13
f 383/455/1029 384/486/1030 394/484/1031 393/460/1032
f 384/486/1030 383/455/1029 386/481/1033 385/479/1034
s 12
f 385/479/1035 386/481/1036 398/472/1028 397/477/1027
s 14
f 387/467/1037 390/453/1038 391/473/1039 392/468/1040
f 392/468/1040 391/473/1039 399/482/1041 400/476/1042
s 13
f 393/460/1032 394/484/1031 396/454/1043 395/458/1044
s 14
f 395/458/1045 396/454/1046 400/476/1042 399/482/1041
s 15
f 386/481/1047 383/455/1048 345/459/1049 346/456/1050
f 347/457/1051 393/460/1052 395/458/1053 348/483/1054
f 345/459/1049 383/455/1048 393/460/1052 347/457/1051
s 8
f 381/470/1055 380/452/1056 333/461/933 365/462/936
s 3
f 321/463/883 377/464/882 382/465/1057 366/471/1058
s 8
f 338/466/934 387/467/1059 392/468/1060 370/475/935
s 2
f 391/473/1061 390/453/1020 322/401/1022 369/469/1062
s 8
f 381/470/1055 365/462/936 371/478/1012 397/477/1063
s 3
f 366/471/1058 382/465/1057 398/472/1064 372/480/1065
s 2
f 391/473/1061 369/469/1062 375/474/1066 399/482/1067
s 8
f 370/475/935 392/468/1060 400/476/1068 376/485/1011
f 397/477/1063 371/478/1012 384/486/1069 385/479/1070
s 3
f 372/480/1065 398/472/1064 386/481/1071 346/456/1072
s 2
f 399/482/1067 375/474/1066 348/483/1073 395/458/1074
s 8
f 376/485/1011 400/476/1068 396/454/1075 394/484/1076
f 371/478/1012 376/485/1011 394/484/1076 384/486/1069
s off
f 377/443/1077 378/487/1078 379/488/1079 380/489/1080
f 387/490/1081 388/491/1082 389/492/1083 390/493/1084
s 16
f 401/503/1085 402/499/1086 403/511/1087 404/504/1088
f 404/504/1088 403/511/1087 406/506/1089 405/510/1090
f 405/510/1090 406/506/1089 407/507/1091 408/500/1092
s 10
f 319/501/950 331/502/949 403/511/1093 402/499/1094
s 5
f 401/503/1095 404/504/1096 332/509/896 327/505/895
s 10
f 406/506/1097 340/512/1002 320/496/1001 407/507/1098
s 5
f 339/508/901 405/510/1099 408/500/1100 330/410/902
f 332/509/896 404/504/1096 405/510/1099 339/508/901
s 10
f 403/511/1093 331/502/949 340/512/1002 406/506/1097
g default
v 58.361461 1.605155 -13.750183
v 56.693497 1.605155 -13.750183
v 58.361461 1.802467 -12.082212
v 56.693497 1.802467 -12.082212
v 58.361461 1.605155 -12.082212
v 56.693497 1.605155 -12.082212
v 58.361461 1.605155 -12.271542
v 56.693497 1.605155 -12.271542
v 58.361461 1.802467 -13.596478
v 58.361461 1.605155 -13.596478
v 56.693497 1.605155 -13.596478
v 56.693497 1.802467 -13.596478
v 58.131839 1.605155 -13.750183
v 58.131839 1.802467 -13.596478
v 58.131839 1.802467 -12.271542
v 58.131839 1.802467 -12.082212
v 58.131839 1.605155 -12.082212
v 58.131839 1.605155 -12.271542
v 58.131839 1.605155 -13.596478
v 56.885285 1.802467 -12.271542
v 56.885285 1.802467 -13.596478
v 56.885285 1.605155 -13.750183
v 56.885285 1.605155 -13.596478
v 56.885285 1.605155 -12.271542
v 56.885285 1.605155 -12.082212
v 56.885285 1.802467 -12.082212
v 58.131839 3.611127 -11.624648
v 58.361461 3.611127 -11.624648
v 56.885285 3.611127 -11.624648
v 56.693497 3.611127 -11.624648
v 58.361461 0.458198 -13.596478
v 58.131839 0.458198 -13.596478
v 58.131839 0.458198 -13.750183
v 58.361461 0.458198 -13.750183
v 58.361461 0.458198 -12.082212
v 58.131839 0.458198 -12.082212
v 58.131839 0.458198 -12.271542
v 58.361461 0.458198 -12.271542
v 56.885285 0.458198 -12.271542
v 56.885285 0.458198 -12.082212
v 56.693497 0.458198 -12.082212
v 56.693497 0.458198 -12.271542
v 56.885285 0.458198 -13.750183
v 56.885285 0.458198 -13.596478
v 56.693497 0.458198 -13.596478
v 56.693497 0.458198 -13.750183
v 58.131839 2.340478 -12.271542
v 58.361461 2.340478 -12.082212
v 58.131839 2.340478 -12.082212
v 56.885285 2.340478 -12.082212
v 56.693497 2.340478 -12.082212
v 56.885285 2.340478 -12.271542
v 58.131839 2.898557 -12.114167
v 58.361461 2.898557 -11.924838
v 58.131839 2.898557 -11.924838
v 56.885285 2.898557 -11.924838
v 56.693497 2.898557 -11.924838
v 56.885285 2.898557 -12.114167
v 58.361461 1.802467 -12.180438
v 58.361461 1.705837 -12.271542
v 58.361461 1.802467 -12.368173
v 58.270370 1.802467 -12.271542
v 58.270370 2.340478 -12.271542
v 58.361461 2.327879 -12.180438
v 58.131839 3.611127 -11.736659
v 58.131839 3.539870 -11.844006
v 58.268436 3.541158 -11.843459
v 58.361461 3.611127 -11.729186
v 56.784600 1.802467 -12.271542
v 56.693497 1.802467 -12.368173
v 56.693497 1.705837 -12.271542
v 56.693497 1.802467 -12.180438
v 56.693497 2.327879 -12.180438
v 56.784600 2.340478 -12.271542
v 56.885285 3.611127 -11.736659
v 56.885285 3.539870 -11.844006
v 56.693497 3.611127 -11.729186
v 56.786534 3.541158 -11.843459
v 58.270370 2.898557 -12.114167
v 58.361461 2.868393 -12.028016
v 56.693497 2.868393 -12.028016
v 56.784600 2.898557 -12.114167
v 58.361461 1.802467 -13.688711
v 58.361461 1.740991 -13.750183
v 58.131839 1.740991 -13.750183
v 58.131839 1.802467 -13.688711
v 56.885285 1.802467 -13.688711
v 56.885285 1.740991 -13.750183
v 56.693497 1.740991 -13.750183
v 56.693497 1.802467 -13.688711
vt 0.625000 0.500000
vt 0.375000 0.750000
vt 0.625000 0.750000
vt 0.375000 1.000000
vt 0.625000 1.000000
vt 0.375000 0.778378
vt 0.625000 0.778378
vt 0.375000 0.976962
vt 0.625000 0.976962
vt 0.625000 0.273038
vt 0.409416 1.000000
vt 0.409416 0.500000
vt 0.409416 0.750000
vt 0.409416 0.778378
vt 0.409416 0.976962
vt 0.596253 1.000000
vt 0.596253 0.976962
vt 0.596253 0.778378
vt 0.596253 0.750000
vt 0.596253 0.500000
vt 0.375000 0.976962
vt 0.409416 0.976962
vt 0.409416 1.000000
vt 0.375000 1.000000
vt 0.375000 0.750000
vt 0.409416 0.750000
vt 0.409416 0.778378
vt 0.375000 0.778378
vt 0.596253 0.778378
vt 0.596253 0.750000
vt 0.625000 0.750000
vt 0.625000 0.778378
vt 0.596253 1.000000
vt 0.596253 0.976962
vt 0.625000 0.976962
vt 0.625000 1.000000
vt 0.409416 0.500000
vt 0.596253 0.500000
vt 0.409416 0.500000
vt 0.596253 0.500000
vt 0.125000 -0.000000
vt 0.153378 0.000000
vt 0.139723 0.250000
vt 0.125000 0.250000
vt 0.351962 0.250000
vt 0.375000 0.457139
vt 0.625000 0.457139
vt 0.648038 0.000000
vt 0.846622 0.000000
vt 0.875000 0.000000
vt 0.875000 0.250000
vt 0.388654 0.471622
vt 0.625000 0.485277
vt 0.611056 0.471622
vt 0.409416 0.483211
vt 0.375000 0.500000
vt 0.596253 0.500000
vt 0.625000 0.484332
vt 0.409416 0.500000
vt 0.596253 0.483211
vt 0.409416 0.471622
vt 0.409416 0.471622
vt 0.375000 0.500000
vt 0.375000 0.485277
vt 0.375000 0.485277
vt 0.596253 0.471622
vt 0.611345 0.471622
vt 0.611345 0.471622
vt 0.625000 0.500000
vt 0.388654 0.471622
vt 0.375000 0.500000
vt 0.375000 0.485809
vt 0.625000 0.485277
vt 0.625000 0.500000
vt 0.596253 0.471622
vt 0.611345 0.471622
vt 0.388654 0.471622
vt 0.409416 0.471622
vt 0.388943 0.471622
vt 0.375000 0.500000
vt 0.375000 0.484332
vt 0.625000 0.485809
vt 0.625000 0.500000
vt 0.596253 0.471622
vt 0.596253 0.471622
vt 0.409416 0.471622
vt 0.153378 0.127567
vt 0.167861 0.250000
vt 0.153378 0.250000
vt 0.846622 0.250000
vt 0.832139 0.250000
vt 0.846622 0.127567
vt 0.860277 0.250000
vt 0.351962 0.000000
vt 0.365786 0.250000
vt 0.625000 0.000000
vt 0.648038 0.250000
vt 0.634214 0.250000
vt 0.375000 0.172108
vt 0.625000 0.259214
vt 0.375000 0.000000
vt 0.409416 0.000000
vt 0.375000 0.259214
vt 0.409416 0.259214
vt 0.375000 0.273038
vt 0.596253 0.172108
vt 0.625000 0.172108
vt 0.596253 0.273038
vt 0.409416 0.273038
vt 0.596253 0.259214
vt 0.409416 0.172108
vt 0.596253 0.000000
vn 0.000000 0.000000 1.000000
vn 0.000000 0.000000 1.000000
vn 0.000000 0.000000 1.000000
vn 0.000000 0.000000 1.000000
vn 0.000000 -1.000000 0.000000
vn 0.000000 -1.000000 0.000000
vn 0.000000 -1.000000 0.000000
vn 0.000000 -1.000000 0.000000
vn -1.000000 -0.000000 0.000000
vn -1.000000 0.000000 0.000000
vn -1.000000 0.000000 0.000000
vn -1.000000 -0.000000 0.000000
vn -1.000000 -0.000000 0.000000
vn 1.000000 0.000000 -0.000000
vn 1.000000 0.000000 -0.000000
vn 1.000000 0.000000 -0.000000
vn 1.000000 0.000000 -0.000000
vn 1.000000 0.000000 -0.000000
vn 1.000000 0.000000 -0.000000
vn 1.000000 0.000000 -0.000000
vn 1.000000 0.000000 -0.000000
vn 1.000000 0.000000 -0.000000
vn 1.000000 0.000000 -0.000000
vn 0.000000 -1.000000 0.000000
vn 0.000000 -1.000000 0.000000
vn 0.000000 -1.000000 0.000000
vn 0.000000 -1.000000 0.000000
vn 0.000000 -1.000000 0.000000
vn 0.000000 -1.000000 0.000000
vn 0.000000 -1.000000 0.000000
vn 0.000000 -1.000000 0.000000
vn -1.000000 0.000000 0.000000
vn -1.000000 0.000000 0.000000
vn -1.000000 0.000000 0.000000
vn -0.000000 1.000000 -0.000000
vn -0.000000 1.000000 -0.000000
vn -0.000000 1.000000 -0.000000
vn -0.000000 1.000000 -0.000000
vn -0.000000 1.000000 -0.000000
vn -0.000000 1.000000 0.000000
vn -0.000000 1.000000 0.000000
vn -0.000000 1.000000 0.000000
vn -0.000000 1.000000 0.000000
vn -0.000000 1.000000 0.000000
vn 0.000000 0.000000 1.000000
vn 0.000000 0.000000 1.000000
vn 0.000000 0.000000 1.000000
vn 0.000000 0.000000 1.000000
vn 0.000000 -1.000000 0.000000
vn 0.000000 -1.000000 0.000000
vn 0.000000 -1.000000 0.000000
vn 0.000000 -1.000000 0.000000
vn 0.000000 -1.000000 0.000000
vn 0.000000 -1.000000 0.000000
vn 0.000000 -1.000000 0.000000
vn 0.000000 -1.000000 0.000000
vn 0.000000 -1.000000 0.000000
vn 0.000000 -1.000000 0.000000
vn 0.000000 -1.000000 0.000000
vn 0.000000 -1.000000 0.000000
vn 0.000000 -1.000000 0.000000
vn 0.000000 -1.000000 0.000000
vn 0.000000 -1.000000 0.000000
vn 0.000000 -1.000000 0.000000
vn 0.000000 0.000000 1.000000
vn 0.000000 0.000000 1.000000
vn 0.000000 -0.142120 0.989849
vn 0.000000 -0.142120 0.989849
vn 0.000000 0.000000 1.000000
vn 0.000000 0.000000 1.000000
vn 0.000000 -0.142120 0.989849
vn 0.000000 -0.142120 0.989849
vn -0.000000 0.000000 -1.000000
vn -0.000000 0.000000 -1.000000
vn -0.000000 0.142121 -0.989849
vn -0.000000 0.142121 -0.989849
vn 0.000000 0.000000 1.000000
vn 0.000000 0.000000 1.000000
vn 0.000000 -0.142120 0.989849
vn 0.000000 -0.142120 0.989849
vn 0.000000 0.000000 1.000000
vn 0.000000 0.000000 1.000000
vn 0.000000 0.000000 1.000000
vn 0.000000 0.000000 1.000000
vn -1.000000 0.000000 0.000000
vn -1.000000 0.000000 0.000000
vn -1.000000 0.000000 0.000000
vn -1.000000 0.000000 0.000000
vn -0.000000 0.000000 -1.000000
vn -0.000000 0.000000 -1.000000
vn -0.000000 0.000000 -1.000000
vn -0.000000 0.000000 -1.000000
vn 1.000000 0.000000 -0.000000
vn 1.000000 0.000000 -0.000000
vn 1.000000 0.000000 -0.000000
vn 1.000000 0.000000 -0.000000
vn 0.000000 0.000000 1.000000
vn 0.000000 0.000000 1.000000
vn 0.000000 0.000000 1.000000
vn 0.000000 0.000000 1.000000
vn -1.000000 0.000000 0.000000
vn -1.000000 0.000000 0.000000
vn -1.000000 0.000000 0.000000
vn -1.000000 0.000000 0.000000
vn -0.000000 0.000000 -1.000000
vn -0.000000 0.000000 -1.000000
vn -0.000000 0.000000 -1.000000
vn -0.000000 0.000000 -1.000000
vn 1.000000 0.000000 -0.000000
vn 1.000000 0.000000 -0.000000
vn 1.000000 0.000000 -0.000000
vn 1.000000 0.000000 -0.000000
vn 1.000000 0.000000 -0.000000
vn 1.000000 0.000000 -0.000000
vn 1.000000 0.000000 -0.000000
vn 1.000000 0.000000 -0.000000
vn 0.000000 0.000000 1.000000
vn 0.000000 0.000000 1.000000
vn 0.000000 0.000000 1.000000
vn 0.000000 0.000000 1.000000
vn -1.000000 0.000000 0.000000
vn -1.000000 0.000000 0.000000
vn -1.000000 0.000000 0.000000
vn -1.000000 0.000000 0.000000
vn -0.000000 0.000000 -1.000000
vn -0.000000 0.000000 -1.000000
vn -0.000000 0.000000 -1.000000
vn -0.000000 0.000000 -1.000000
vn 1.000000 0.000000 -0.000000
vn 1.000000 0.000000 -0.000000
vn 1.000000 0.000000 -0.000000
vn 1.000000 0.000000 -0.000000
vn 0.000000 0.000000 1.000000
vn 0.000000 0.000000 1.000000
vn 0.000000 0.000000 1.000000
vn 0.000000 0.000000 1.000000
vn -1.000000 0.000000 0.000000
vn -1.000000 0.000000 0.000000
vn -1.000000 0.000000 0.000000
vn -1.000000 0.000000 0.000000
vn -0.000000 0.000000 -1.000000
vn -0.000000 0.000000 -1.000000
vn -0.000000 0.000000 -1.000000
vn -0.000000 0.000000 -1.000000
vn 0.000000 -0.338805 0.940857
vn 0.000000 -0.338805 0.940857
vn 0.000000 -0.338805 0.940857
vn 0.000000 -0.338805 0.940857
vn 0.000000 -0.338805 0.940857
vn 0.000000 -0.338805 0.940857
vn -0.000001 0.335748 -0.941952
vn 0.000001 0.335749 -0.941951
vn 0.000000 -0.388233 0.921561
vn 0.000000 -0.388233 0.921561
vn 0.000000 -0.388233 0.921561
vn 0.000000 -0.388233 0.921561
vn 0.000000 -0.388233 0.921561
vn 0.000000 -0.388233 0.921561
vn 1.000000 0.000000 -0.000000
vn -1.000000 0.000000 0.000000
vn -1.000000 0.000000 0.000000
vn -1.000000 0.000000 0.000000
vn 0.707162 0.000000 -0.707051
vn 0.707162 0.000000 -0.707051
vn 0.710499 0.099814 -0.696584
vn 0.710499 0.099814 -0.696584
vn 0.691862 0.241659 -0.680388
vn 0.691922 0.241477 -0.680391
vn 0.001165 0.834275 -0.551348
vn 0.001142 0.834253 -0.551381
vn -0.001172 0.833998 -0.551766
vn -0.001201 0.834019 -0.551734
vn 0.008866 0.841600 -0.540029
vn 0.008866 0.841600 -0.540029
vn 0.678598 0.280100 -0.679006
vn 0.678598 0.280100 -0.679006
vn -0.707113 0.000000 -0.707101
vn -0.707113 0.000000 -0.707101
vn -0.710449 0.099821 -0.696633
vn -0.710449 0.099821 -0.696633
vn -0.691872 0.241493 -0.680437
vn -0.691812 0.241675 -0.680433
vn -0.011196 0.841134 -0.540711
vn -0.011196 0.841134 -0.540711
vn -0.678547 0.280118 -0.679049
vn -0.678547 0.280118 -0.679049
vn -0.000000 1.000000 0.000000
vn -0.000000 1.000000 0.000000
vn -0.000000 1.000000 0.000000
vn -0.000000 1.000000 0.000000
vn -0.000000 1.000000 0.000000
vn -0.000000 1.000000 0.000000
vn -0.000000 1.000000 0.000000
vn -0.000000 1.000000 0.000000
vn -0.000000 0.142121 -0.989849
vn -0.000000 0.000000 -1.000000
vn 1.000000 0.000000 -0.000000
vn 1.000000 0.000000 -0.000000
vn -0.000000 0.000000 -1.000000
vn -0.000000 0.142121 -0.989849
vn -1.000000 -0.000000 0.000000
vn -1.000000 -0.000000 0.000000
vn 0.000008 0.335543 -0.942025
vn 1.000000 0.000000 -0.000000
vn 1.000000 0.000000 -0.000000
vn -1.000000 -0.000000 0.000000
vn -1.000000 -0.000000 0.000000
vn -0.000011 0.335467 -0.942052
vn 0.000001 0.388221 -0.921566
vn 0.000015 0.388223 -0.921565
vn 1.000000 0.000000 -0.000000
vn 1.000000 0.000000 -0.000000
vn -1.000000 0.000000 0.000000
vn -1.000000 0.000000 0.000000
vn -0.000020 0.388224 -0.921565
vn -0.000002 0.388221 -0.921566
vn 0.727659 0.685939 -0.000000
vn 0.727659 0.685939 -0.000000
vn 0.727659 0.685939 -0.000000
vn 0.727659 0.685939 -0.000000
vn -0.727611 0.685990 0.000000
vn -0.727611 0.685990 0.000000
vn -0.727611 0.685990 0.000000
vn -0.727611 0.685990 0.000000
vn -0.000000 0.707087 -0.707126
vn -0.000000 0.707087 -0.707126
vn -0.000000 0.707087 -0.707126
vn -0.000000 0.707087 -0.707126
vn -0.000000 0.707087 -0.707126
vn -0.000000 0.707087 -0.707126
vn -0.000000 0.707087 -0.707126
vn -0.000000 0.707087 -0.707126
vn -0.000000 0.000000 -1.000000
vn -0.000000 0.000000 -1.000000
vn -0.000000 1.000000 0.000000
vn -0.000000 1.000000 0.000000
vn -0.000000 0.000000 -1.000000
vn -0.000000 0.000000 -1.000000
vn -0.000000 1.000000 0.000000
vn -0.000000 1.000000 0.000000
s 1
g pCube60
usemtl initialShadingGroup
f 411/575/1101 424/524/1102 425/525/1103 413/514/1104
s off
f 439/533/1105 440/534/1106 441/535/1107 442/536/1108
s 2
f 410/608/1109 419/560/1110 420/609/1111 498/610/1112 497/619/1113
s 3
f 417/557/1114 418/606/1115 409/613/1116 492/611/1117 491/607/1118
f 413/553/1119 415/554/1120 468/599/1121 467/555/1122 411/556/1123
s off
f 443/537/1124 444/538/1125 445/539/1126 446/540/1127
s 4
f 415/518/1128 426/526/1129 427/527/1130 418/520/1131
s 2
f 420/609/1111 419/560/1110 416/561/1132 479/604/1133 478/603/1134
s 5
f 417/617/1135 422/621/1136 423/573/1137 470/564/1138 469/558/1139
f 428/578/1140 429/620/1141 420/522/1142 478/559/1143 477/579/1144
s 1
f 433/531/1145 434/532/1146 412/513/1147 414/515/1148
s off
f 447/541/1149 448/542/1150 449/543/1151 450/544/1152
s 4
f 431/529/1153 432/530/1154 416/519/1155 419/521/1156
s off
f 451/545/1157 452/546/1158 453/547/1159 454/548/1160
s 5
f 423/573/1137 422/621/1136 429/620/1141 428/578/1140
s 4
f 421/523/1161 427/527/1130 431/529/1153 430/528/1162
f 427/527/1130 426/526/1129 432/530/1154 431/529/1153
f 426/526/1129 425/525/1163 433/531/1164 432/530/1154
s 1
f 425/525/1103 424/524/1102 434/532/1146 433/531/1145
s 6
f 424/524/1165 411/575/1166 456/583/1167 457/549/1168
s 7
f 412/513/1169 434/532/1170 458/550/1171 459/581/1172
s 8
f 423/573/1173 428/578/1174 460/587/1175 455/574/1176
s 9
f 434/532/1177 424/524/1178 457/549/1179 458/550/1180
s off
f 418/520/1181 427/527/1182 440/534/1183 439/533/1184
f 427/527/1185 421/523/1186 441/535/1187 440/534/1188
s 10
f 421/523/1189 409/516/1190 442/536/1191 441/535/1192
s off
f 409/516/1193 418/520/1194 439/533/1195 442/536/1196
f 413/514/1197 425/525/1198 444/538/1199 443/537/1200
f 425/525/1201 426/526/1202 445/539/1203 444/538/1204
f 426/526/1205 415/518/1206 446/540/1207 445/539/1208
f 415/518/1209 413/514/1210 443/537/1211 446/540/1212
f 432/530/1213 433/531/1214 448/542/1215 447/541/1216
f 433/531/1217 414/515/1218 449/543/1219 448/542/1220
f 414/515/1221 416/519/1222 450/544/1223 449/543/1224
f 416/519/1225 432/530/1226 447/541/1227 450/544/1228
f 430/528/1229 431/529/1230 452/546/1231 451/545/1232
f 431/529/1233 419/521/1234 453/547/1235 452/546/1236
f 419/521/1237 410/517/1238 454/548/1239 453/547/1240
s 10
f 410/517/1241 430/528/1242 451/545/1243 454/548/1244
s 6
f 457/549/1168 456/583/1167 462/592/1245 463/551/1246
s 9
f 458/550/1180 457/549/1179 463/551/1247 464/552/1248
s 7
f 459/581/1172 458/550/1171 464/552/1249 465/586/1250
s 8
f 455/574/1176 460/587/1175 466/597/1251 461/590/1252
s 6
f 463/551/1246 462/592/1245 436/568/1253 435/571/1254
s 9
f 464/552/1248 463/551/1247 435/571/1255 437/569/1256
s 7
f 465/586/1250 464/552/1249 437/569/1257 438/595/1258
s 3
f 469/600/1259 468/599/1121 415/554/1120 418/606/1115 417/557/1114
s 2
f 480/605/1260 479/604/1133 416/561/1132 414/562/1261 412/563/1262
s 12
f 467/576/1263 470/564/1264 471/582/1265 472/577/1266
f 472/577/1266 471/582/1265 487/589/1267 488/584/1268
s 13
f 473/567/1269 474/598/1270 484/596/1271 483/572/1272
f 474/598/1270 473/567/1269 476/593/1273 475/591/1274
s 12
f 475/591/1275 476/593/1276 488/584/1268 487/589/1267
s 14
f 477/579/1277 480/565/1278 481/585/1279 482/580/1280
f 482/580/1280 481/585/1279 489/594/1281 490/588/1282
s 13
f 483/572/1272 484/596/1271 486/566/1283 485/570/1284
s 14
f 485/570/1285 486/566/1286 490/588/1282 489/594/1281
s 15
f 476/593/1287 473/567/1288 435/571/1289 436/568/1290
f 437/569/1291 483/572/1292 485/570/1293 438/595/1294
f 435/571/1289 473/567/1288 483/572/1292 437/569/1291
s 8
f 471/582/1295 470/564/1296 423/573/1173 455/574/1176
s 3
f 411/575/1123 467/576/1122 472/577/1297 456/583/1298
s 8
f 428/578/1174 477/579/1299 482/580/1300 460/587/1175
s 2
f 481/585/1301 480/565/1260 412/513/1262 459/581/1302
s 8
f 471/582/1295 455/574/1176 461/590/1252 487/589/1303
s 3
f 456/583/1298 472/577/1297 488/584/1304 462/592/1305
s 2
f 481/585/1301 459/581/1302 465/586/1306 489/594/1307
s 8
f 460/587/1175 482/580/1300 490/588/1308 466/597/1251
f 487/589/1303 461/590/1252 474/598/1309 475/591/1310
s 3
f 462/592/1305 488/584/1304 476/593/1311 436/568/1312
s 2
f 489/594/1307 465/586/1306 438/595/1313 485/570/1314
s 8
f 466/597/1251 490/588/1308 486/566/1315 484/596/1316
f 461/590/1252 466/597/1251 484/596/1316 474/598/1309
s off
f 467/555/1317 468/599/1318 469/600/1319 470/601/1320
f 477/602/1321 478/603/1322 479/604/1323 480/605/1324
s 16
f 491/615/1325 492/611/1326 493/623/1327 494/616/1328
f 494/616/1328 493/623/1327 496/618/1329 495/622/1330
f 495/622/1330 496/618/1329 497/619/1331 498/612/1332
s 10
f 409/613/1190 421/614/1189 493/623/1333 492/611/1334
s 5
f 491/615/1335 494/616/1336 422/621/1136 417/617/1135
s 10
f 496/618/1337 430/624/1242 410/608/1241 497/619/1338
s 5
f 429/620/1141 495/622/1339 498/612/1340 420/522/1142
f 422/621/1136 494/616/1336 495/622/1339 429/620/1141
s 10
f 493/623/1333 421/614/1189 430/624/1242 496/618/1337
g default
v 60.837857 1.605155 -13.796537
v 59.169893 1.605155 -13.796537
v 60.837857 1.802467 -12.128565
v 59.169893 1.802467 -12.128565
v 60.837857 1.605155 -12.128565
v 59.169893 1.605155 -12.128565
v 60.837857 1.605155 -12.317895
v 59.169893 1.605155 -12.317895
v 60.837857 1.802467 -13.642831
v 60.837857 1.605155 -13.642831
v 59.169893 1.605155 -13.642831
v 59.169893 1.802467 -13.642831
v 60.608235 1.605155 -13.796537
v 60.608235 1.802467 -13.642831
v 60.608235 1.802467 -12.317895
v 60.608235 1.802467 -12.128565
v 60.608235 1.605155 -12.128565
v 60.608235 1.605155 -12.317895
v 60.608235 1.605155 -13.642831
v 59.361681 1.802467 -12.317895
v 59.361681 1.802467 -13.642831
v 59.361681 1.605155 -13.796537
v 59.361681 1.605155 -13.642831
v 59.361681 1.605155 -12.317895
v 59.361681 1.605155 -12.128565
v 59.361681 1.802467 -12.128565
v 60.608235 3.611127 -11.671001
v 60.837857 3.611127 -11.671001
v 59.361681 3.611127 -11.671001
v 59.169893 3.611127 -11.671001
v 60.837857 0.458198 -13.642831
v 60.608235 0.458198 -13.642831
v 60.608235 0.458198 -13.796537
v 60.837857 0.458198 -13.796537
v 60.837857 0.458198 -12.128565
v 60.608235 0.458198 -12.128565
v 60.608235 0.458198 -12.317895
v 60.837857 0.458198 -12.317895
v 59.361681 0.458198 -12.317895
v 59.361681 0.458198 -12.128565
v 59.169893 0.458198 -12.128565
v 59.169893 0.458198 -12.317895
v 59.361681 0.458198 -13.796537
v 59.361681 0.458198 -13.642831
v 59.169893 0.458198 -13.642831
v 59.169893 0.458198 -13.796537
v 60.608235 2.340478 -12.317895
v 60.837857 2.340478 -12.128565
v 60.608235 2.340478 -12.128565
v 59.361681 2.340478 -12.128565
v 59.169893 2.340478 -12.128565
v 59.361681 2.340478 -12.317895
v 60.608235 2.898557 -12.160520
v 60.837857 2.898557 -11.971191
v 60.608235 2.898557 -11.971191
v 59.361681 2.898557 -11.971191
v 59.169893 2.898557 -11.971191
v 59.361681 2.898557 -12.160520
v 60.837857 1.802467 -12.226791
v 60.837857 1.705837 -12.317895
v 60.837857 1.802467 -12.414526
v 60.746767 1.802467 -12.317895
v 60.746767 2.340478 -12.317895
v 60.837857 2.327879 -12.226791
v 60.608235 3.611127 -11.783012
v 60.608235 3.539870 -11.890360
v 60.744832 3.541158 -11.889812
v 60.837857 3.611127 -11.775539
v 59.260996 1.802467 -12.317895
v 59.169893 1.802467 -12.414526
v 59.169893 1.705837 -12.317895
v 59.169893 1.802467 -12.226791
v 59.169893 2.327879 -12.226791
v 59.260996 2.340478 -12.317895
v 59.361681 3.611127 -11.783012
v 59.361681 3.539870 -11.890360
v 59.169893 3.611127 -11.775539
v 59.262930 3.541158 -11.889812
v 60.746767 2.898557 -12.160520
v 60.837857 2.868393 -12.074369
v 59.169893 2.868393 -12.074369
v 59.260996 2.898557 -12.160520
v 60.837857 1.802467 -13.735064
v 60.837857 1.740991 -13.796537
v 60.608235 1.740991 -13.796537
v 60.608235 1.802467 -13.735064
v 59.361681 1.802467 -13.735064
v 59.361681 1.740991 -13.796537
v 59.169893 1.740991 -13.796537
v 59.169893 1.802467 -13.735064
vt 0.625000 0.500000
vt 0.375000 0.750000
vt 0.625000 0.750000
vt 0.375000 1.000000
vt 0.625000 1.000000
vt 0.375000 0.778378
vt 0.625000 0.778378
vt 0.375000 0.976962
vt 0.625000 0.976962
vt 0.625000 0.273038
vt 0.409416 1.000000
vt 0.409416 0.500000
vt 0.409416 0.750000
vt 0.409416 0.778378
vt 0.409416 0.976962
vt 0.596253 1.000000
vt 0.596253 0.976962
vt 0.596253 0.778378
vt 0.596253 0.750000
vt 0.596253 0.500000
vt 0.375000 0.976962
vt 0.409416 0.976962
vt 0.409416 1.000000
vt 0.375000 1.000000
vt 0.375000 0.750000
vt 0.409416 0.750000
vt 0.409416 0.778378
vt 0.375000 0.778378
vt 0.596253 0.778378
vt 0.596253 0.750000
vt 0.625000 0.750000
vt 0.625000 0.778378
vt 0.596253 1.000000
vt 0.596253 0.976962
vt 0.625000 0.976962
vt 0.625000 1.000000
vt 0.409416 0.500000
vt 0.596253 0.500000
vt 0.409416 0.500000
vt 0.596253 0.500000
vt 0.125000 -0.000000
vt 0.153378 0.000000
vt 0.139723 0.250000
vt 0.125000 0.250000
vt 0.351962 0.250000
vt 0.375000 0.457139
vt 0.625000 0.457139
vt 0.648038 0.000000
vt 0.846622 0.000000
vt 0.875000 0.000000
vt 0.875000 0.250000
vt 0.388654 0.471622
vt 0.625000 0.485277
vt 0.611056 0.471622
vt 0.409416 0.483211
vt 0.375000 0.500000
vt 0.596253 0.500000
vt 0.625000 0.484332
vt 0.409416 0.500000
vt 0.596253 0.483211
vt 0.409416 0.471622
vt 0.409416 0.471622
vt 0.375000 0.500000
vt 0.375000 0.485277
vt 0.375000 0.485277
vt 0.596253 0.471622
vt 0.611345 0.471622
vt 0.611345 0.471622
vt 0.625000 0.500000
vt 0.388654 0.471622
vt 0.375000 0.500000
vt 0.375000 0.485809
vt 0.625000 0.485277
vt 0.625000 0.500000
vt 0.596253 0.471622
vt 0.611345 0.471622
vt 0.388654 0.471622
vt 0.409416 0.471622
vt 0.388943 0.471622
vt 0.375000 0.500000
vt 0.375000 0.484332
vt 0.625000 0.485809
vt 0.625000 0.500000
vt 0.596253 0.471622
vt 0.596253 0.471622
vt 0.409416 0.471622
vt 0.153378 0.127567
vt 0.167861 0.250000
vt 0.153378 0.250000
vt 0.846622 0.250000
vt 0.832139 0.250000
vt 0.846622 0.127567
vt 0.860277 0.250000
vt 0.351962 0.000000
vt 0.365786 0.250000
vt 0.625000 0.000000
vt 0.648038 0.250000
vt 0.634214 0.250000
vt 0.375000 0.172108
vt 0.625000 0.259214
vt 0.375000 0.000000
vt 0.409416 0.000000
vt 0.375000 0.259214
vt 0.409416 0.259214
vt 0.375000 0.273038
vt 0.596253 0.172108
vt 0.625000 0.172108
vt 0.596253 0.273038
vt 0.409416 0.273038
vt 0.596253 0.259214
vt 0.409416 0.172108
vt 0.596253 0.000000
vn 0.000000 0.000000 1.000000
vn 0.000000 0.000000 1.000000
vn 0.000000 0.000000 1.000000
vn 0.000000 0.000000 1.000000
vn 0.000000 -1.000000 0.000000
vn 0.000000 -1.000000 0.000000
vn 0.000000 -1.000000 0.000000
vn 0.000000 -1.000000 0.000000
vn -1.000000 -0.000000 0.000000
vn -1.000000 0.000000 0.000000
vn -1.000000 0.000000 0.000000
vn -1.000000 -0.000000 0.000000
vn -1.000000 -0.000000 0.000000
vn 1.000000 0.000000 -0.000000
vn 1.000000 0.000000 -0.000000
vn 1.000000 0.000000 -0.000000
vn 1.000000 0.000000 -0.000000
vn 1.000000 0.000000 -0.000000
vn 1.000000 0.000000 -0.000000
vn 1.000000 0.000000 -0.000000
vn 1.000000 0.000000 -0.000000
vn 1.000000 0.000000 -0.000000
vn 1.000000 0.000000 -0.000000
vn 0.000000 -1.000000 0.000000
vn 0.000000 -1.000000 0.000000
vn 0.000000 -1.000000 0.000000
vn 0.000000 -1.000000 0.000000
vn 0.000000 -1.000000 0.000000
vn 0.000000 -1.000000 0.000000
vn 0.000000 -1.000000 0.000000
vn 0.000000 -1.000000 0.000000
vn -1.000000 0.000000 0.000000
vn -1.000000 0.000000 0.000000
vn -1.000000 0.000000 0.000000
vn -0.000000 1.000000 -0.000000
vn -0.000000 1.000000 -0.000000
vn -0.000000 1.000000 -0.000000
vn -0.000000 1.000000 -0.000000
vn -0.000000 1.000000 -0.000000
vn -0.000000 1.000000 0.000000
vn -0.000000 1.000000 0.000000
vn -0.000000 1.000000 0.000000
vn -0.000000 1.000000 0.000000
vn -0.000000 1.000000 0.000000
vn 0.000000 0.000000 1.000000
vn 0.000000 0.000000 1.000000
vn 0.000000 0.000000 1.000000
vn 0.000000 0.000000 1.000000
vn 0.000000 -1.000000 0.000000
vn 0.000000 -1.000000 0.000000
vn 0.000000 -1.000000 0.000000
vn 0.000000 -1.000000 0.000000
vn 0.000000 -1.000000 0.000000
vn 0.000000 -1.000000 0.000000
vn 0.000000 -1.000000 0.000000
vn 0.000000 -1.000000 0.000000
vn 0.000000 -1.000000 0.000000
vn 0.000000 -1.000000 0.000000
vn 0.000000 -1.000000 0.000000
vn 0.000000 -1.000000 0.000000
vn 0.000000 -1.000000 0.000000
vn 0.000000 -1.000000 0.000000
vn 0.000000 -1.000000 0.000000
vn 0.000000 -1.000000 0.000000
vn 0.000000 0.000000 1.000000
vn 0.000000 0.000000 1.000000
vn 0.000000 -0.142120 0.989849
vn 0.000000 -0.142120 0.989849
vn 0.000000 0.000000 1.000000
vn 0.000000 0.000000 1.000000
vn 0.000000 -0.142120 0.989849
vn 0.000000 -0.142120 0.989849
vn -0.000000 0.000000 -1.000000
vn -0.000000 0.000000 -1.000000
vn -0.000000 0.142121 -0.989849
vn -0.000000 0.142121 -0.989849
vn 0.000000 0.000000 1.000000
vn 0.000000 0.000000 1.000000
vn 0.000000 -0.142120 0.989849
vn 0.000000 -0.142120 0.989849
vn 0.000000 0.000000 1.000000
vn 0.000000 0.000000 1.000000
vn 0.000000 0.000000 1.000000
vn 0.000000 0.000000 1.000000
vn -1.000000 0.000000 0.000000
vn -1.000000 0.000000 0.000000
vn -1.000000 0.000000 0.000000
vn -1.000000 0.000000 0.000000
vn -0.000000 0.000000 -1.000000
vn -0.000000 0.000000 -1.000000
vn -0.000000 0.000000 -1.000000
vn -0.000000 0.000000 -1.000000
vn 1.000000 0.000000 -0.000000
vn 1.000000 0.000000 -0.000000
vn 1.000000 0.000000 -0.000000
vn 1.000000 0.000000 -0.000000
vn 0.000000 0.000000 1.000000
vn 0.000000 0.000000 1.000000
vn 0.000000 0.000000 1.000000
vn 0.000000 0.000000 1.000000
vn -1.000000 0.000000 0.000000
vn -1.000000 0.000000 0.000000
vn -1.000000 0.000000 0.000000
vn -1.000000 0.000000 0.000000
vn -0.000000 0.000000 -1.000000
vn -0.000000 0.000000 -1.000000
vn -0.000000 0.000000 -1.000000
vn -0.000000 0.000000 -1.000000
vn 1.000000 0.000000 -0.000000
vn 1.000000 0.000000 -0.000000
vn 1.000000 0.000000 -0.000000
vn 1.000000 0.000000 -0.000000
vn 1.000000 0.000000 -0.000000
vn 1.000000 0.000000 -0.000000
vn 1.000000 0.000000 -0.000000
vn 1.000000 0.000000 -0.000000
vn 0.000000 0.000000 1.000000
vn 0.000000 0.000000 1.000000
vn 0.000000 0.000000 1.000000
vn 0.000000 0.000000 1.000000
vn -1.000000 0.000000 0.000000
vn -1.000000 0.000000 0.000000
vn -1.000000 0.000000 0.000000
vn -1.000000 0.000000 0.000000
vn -0.000000 0.000000 -1.000000
vn -0.000000 0.000000 -1.000000
vn -0.000000 0.000000 -1.000000
vn -0.000000 0.000000 -1.000000
vn 1.000000 0.000000 -0.000000
vn 1.000000 0.000000 -0.000000
vn 1.000000 0.000000 -0.000000
vn 1.000000 0.000000 -0.000000
vn 0.000000 0.000000 1.000000
vn 0.000000 0.000000 1.000000
vn 0.000000 0.000000 1.000000
vn 0.000000 0.000000 1.000000
vn -1.000000 0.000000 0.000000
vn -1.000000 0.000000 0.000000
vn -1.000000 0.000000 0.000000
vn -1.000000 0.000000 0.000000
vn -0.000000 0.000000 -1.000000
vn -0.000000 0.000000 -1.000000
vn -0.000000 0.000000 -1.000000
vn -0.000000 0.000000 -1.000000
vn 0.000000 -0.338805 0.940857
vn 0.000000 -0.338805 0.940857
vn 0.000000 -0.338805 0.940857
vn 0.000000 -0.338805 0.940857
vn 0.000000 -0.338805 0.940857
vn 0.000000 -0.338805 0.940857
vn -0.000001 0.335748 -0.941952
vn 0.000001 0.335749 -0.941951
vn 0.000000 -0.388233 0.921561
vn 0.000000 -0.388233 0.921561
vn 0.000000 -0.388233 0.921561
vn 0.000000 -0.388233 0.921561
vn 0.000000 -0.388233 0.921561
vn 0.000000 -0.388233 0.921561
vn 1.000000 0.000000 -0.000000
vn -1.000000 0.000000 0.000000
vn -1.000000 0.000000 0.000000
vn -1.000000 0.000000 0.000000
vn 0.707162 0.000000 -0.707051
vn 0.707162 0.000000 -0.707051
vn 0.710499 0.099814 -0.696584
vn 0.710499 0.099814 -0.696584
vn 0.691862 0.241659 -0.680388
vn 0.691922 0.241477 -0.680391
vn 0.001165 0.834275 -0.551348
vn 0.001142 0.834253 -0.551381
vn -0.001172 0.833998 -0.551766
vn -0.001201 0.834019 -0.551734
vn 0.008866 0.841600 -0.540029
vn 0.008866 0.841600 -0.540029
vn 0.678598 0.280100 -0.679006
vn 0.678598 0.280100 -0.679006
vn -0.707113 0.000000 -0.707101
vn -0.707113 0.000000 -0.707101
vn -0.710449 0.099821 -0.696633
vn -0.710449 0.099821 -0.696633
vn -0.691872 0.241493 -0.680437
vn -0.691812 0.241675 -0.680433
vn -0.011196 0.841134 -0.540711
vn -0.011196 0.841134 -0.540711
vn -0.678547 0.280118 -0.679049
vn -0.678547 0.280118 -0.679049
vn -0.000000 1.000000 0.000000
vn -0.000000 1.000000 0.000000
vn -0.000000 1.000000 0.000000
vn -0.000000 1.000000 0.000000
vn -0.000000 1.000000 0.000000
vn -0.000000 1.000000 0.000000
vn -0.000000 1.000000 0.000000
vn -0.000000 1.000000 0.000000
vn -0.000000 0.142121 -0.989849
vn -0.000000 0.000000 -1.000000
vn 1.000000 0.000000 -0.000000
vn 1.000000 0.000000 -0.000000
vn -0.000000 0.000000 -1.000000
vn -0.000000 0.142121 -0.989849
vn -1.000000 -0.000000 0.000000
vn -1.000000 -0.000000 0.000000
vn 0.000008 0.335543 -0.942025
vn 1.000000 0.000000 -0.000000
vn 1.000000 0.000000 -0.000000
vn -1.000000 -0.000000 0.000000
vn -1.000000 -0.000000 0.000000
vn -0.000011 0.335467 -0.942052
vn 0.000001 0.388221 -0.921566
vn 0.000015 0.388223 -0.921565
vn 1.000000 0.000000 -0.000000
vn 1.000000 0.000000 -0.000000
vn -1.000000 0.000000 0.000000
vn -1.000000 0.000000 0.000000
vn -0.000020 0.388224 -0.921565
vn -0.000002 0.388221 -0.921566
vn 0.727659 0.685939 -0.000000
vn 0.727659 0.685939 -0.000000
vn 0.727659 0.685939 -0.000000
vn 0.727659 0.685939 -0.000000
vn -0.727611 0.685990 0.000000
vn -0.727611 0.685990 0.000000
vn -0.727611 0.685990 0.000000
vn -0.727611 0.685990 0.000000
vn -0.000000 0.707087 -0.707126
vn -0.000000 0.707087 -0.707126
vn -0.000000 0.707087 -0.707126
vn -0.000000 0.707087 -0.707126
vn -0.000000 0.707087 -0.707126
vn -0.000000 0.707087 -0.707126
vn -0.000000 0.707087 -0.707126
vn -0.000000 0.707087 -0.707126
vn -0.000000 0.000000 -1.000000
vn -0.000000 0.000000 -1.000000
vn -0.000000 1.000000 0.000000
vn -0.000000 1.000000 0.000000
vn -0.000000 0.000000 -1.000000
vn -0.000000 0.000000 -1.000000
vn -0.000000 1.000000 0.000000
vn -0.000000 1.000000 0.000000
s 1
g pCube58
usemtl initialShadingGroup
f 501/687/1341 514/636/1342 515/637/1343 503/626/1344
s off
f 529/645/1345 530/646/1346 531/647/1347 532/648/1348
s 2
f 500/720/1349 509/672/1350 510/721/1351 588/722/1352 587/731/1353
s 3
f 507/669/1354 508/718/1355 499/725/1356 582/723/1357 581/719/1358
f 503/665/1359 505/666/1360 558/711/1361 557/667/1362 501/668/1363
s off
f 533/649/1364 534/650/1365 535/651/1366 536/652/1367
s 4
f 505/630/1368 516/638/1369 517/639/1370 508/632/1371
s 2
f 510/721/1351 509/672/1350 506/673/1372 569/716/1373 568/715/1374
s 5
f 507/729/1375 512/733/1376 513/685/1377 560/676/1378 559/670/1379
f 518/690/1380 519/732/1381 510/634/1382 568/671/1383 567/691/1384
s 1
f 523/643/1385 524/644/1386 502/625/1387 504/627/1388
s off
f 537/653/1389 538/654/1390 539/655/1391 540/656/1392
s 4
f 521/641/1393 522/642/1394 506/631/1395 509/633/1396
s off
f 541/657/1397 542/658/1398 543/659/1399 544/660/1400
s 5
f 513/685/1377 512/733/1376 519/732/1381 518/690/1380
s 4
f 511/635/1401 517/639/1370 521/641/1393 520/640/1402
f 517/639/1370 516/638/1369 522/642/1394 521/641/1393
f 516/638/1369 515/637/1403 523/643/1404 522/642/1394
s 1
f 515/637/1343 514/636/1342 524/644/1386 523/643/1385
s 6
f 514/636/1405 501/687/1406 546/695/1407 547/661/1408
s 7
f 502/625/1409 524/644/1410 548/662/1411 549/693/1412
s 8
f 513/685/1413 518/690/1414 550/699/1415 545/686/1416
s 9
f 524/644/1417 514/636/1418 547/661/1419 548/662/1420
s off
f 508/632/1421 517/639/1422 530/646/1423 529/645/1424
f 517/639/1425 511/635/1426 531/647/1427 530/646/1428
s 10
f 511/635/1429 499/628/1430 532/648/1431 531/647/1432
s off
f 499/628/1433 508/632/1434 529/645/1435 532/648/1436
f 503/626/1437 515/637/1438 534/650/1439 533/649/1440
f 515/637/1441 516/638/1442 535/651/1443 534/650/1444
f 516/638/1445 505/630/1446 536/652/1447 535/651/1448
f 505/630/1449 503/626/1450 533/649/1451 536/652/1452
f 522/642/1453 523/643/1454 538/654/1455 537/653/1456
f 523/643/1457 504/627/1458 539/655/1459 538/654/1460
f 504/627/1461 506/631/1462 540/656/1463 539/655/1464
f 506/631/1465 522/642/1466 537/653/1467 540/656/1468
f 520/640/1469 521/641/1470 542/658/1471 541/657/1472
f 521/641/1473 509/633/1474 543/659/1475 542/658/1476
f 509/633/1477 500/629/1478 544/660/1479 543/659/1480
s 10
f 500/629/1481 520/640/1482 541/657/1483 544/660/1484
s 6
f 547/661/1408 546/695/1407 552/704/1485 553/663/1486
s 9
f 548/662/1420 547/661/1419 553/663/1487 554/664/1488
s 7
f 549/693/1412 548/662/1411 554/664/1489 555/698/1490
s 8
f 545/686/1416 550/699/1415 556/709/1491 551/702/1492
s 6
f 553/663/1486 552/704/1485 526/680/1493 525/683/1494
s 9
f 554/664/1488 553/663/1487 525/683/1495 527/681/1496
s 7
f 555/698/1490 554/664/1489 527/681/1497 528/707/1498
s 3
f 559/712/1499 558/711/1361 505/666/1360 508/718/1355 507/669/1354
s 2
f 570/717/1500 569/716/1373 506/673/1372 504/674/1501 502/675/1502
s 12
f 557/688/1503 560/676/1504 561/694/1505 562/689/1506
f 562/689/1506 561/694/1505 577/701/1507 578/696/1508
s 13
f 563/679/1509 564/710/1510 574/708/1511 573/684/1512
f 564/710/1510 563/679/1509 566/705/1513 565/703/1514
s 12
f 565/703/1515 566/705/1516 578/696/1508 577/701/1507
s 14
f 567/691/1517 570/677/1518 571/697/1519 572/692/1520
f 572/692/1520 571/697/1519 579/706/1521 580/700/1522
s 13
f 573/684/1512 574/708/1511 576/678/1523 575/682/1524
s 14
f 575/682/1525 576/678/1526 580/700/1522 579/706/1521
s 15
f 566/705/1527 563/679/1528 525/683/1529 526/680/1530
f 527/681/1531 573/684/1532 575/682/1533 528/707/1534
f 525/683/1529 563/679/1528 573/684/1532 527/681/1531
s 8
f 561/694/1535 560/676/1536 513/685/1413 545/686/1416
s 3
f 501/687/1363 557/688/1362 562/689/1537 546/695/1538
s 8
f 518/690/1414 567/691/1539 572/692/1540 550/699/1415
s 2
f 571/697/1541 570/677/1500 502/625/1502 549/693/1542
s 8
f 561/694/1535 545/686/1416 551/702/1492 577/701/1543
s 3
f 546/695/1538 562/689/1537 578/696/1544 552/704/1545
s 2
f 571/697/1541 549/693/1542 555/698/1546 579/706/1547
s 8
f 550/699/1415 572/692/1540 580/700/1548 556/709/1491
f 577/701/1543 551/702/1492 564/710/1549 565/703/1550
s 3
f 552/704/1545 578/696/1544 566/705/1551 526/680/1552
s 2
f 579/706/1547 555/698/1546 528/707/1553 575/682/1554
s 8
f 556/709/1491 580/700/1548 576/678/1555 574/708/1556
f 551/702/1492 556/709/1491 574/708/1556 564/710/1549
s off
f 557/667/1557 558/711/1558 559/712/1559 560/713/1560
f 567/714/1561 568/715/1562 569/716/1563 570/717/1564
s 16
f 581/727/1565 582/723/1566 583/735/1567 584/728/1568
f 584/728/1568 583/735/1567 586/730/1569 585/734/1570
f 585/734/1570 586/730/1569 587/731/1571 588/724/1572
s 10
f 499/725/1430 511/726/1429 583/735/1573 582/723/1574
s 5
f 581/727/1575 584/728/1576 512/733/1376 507/729/1375
s 10
f 586/730/1577 520/736/1482 500/720/1481 587/731/1578
s 5
f 519/732/1381 585/734/1579 588/724/1580 510/634/1382
f 512/733/1376 584/728/1576 585/734/1579 519/732/1381
s 10
f 583/735/1573 511/726/1429 520/736/1482 586/730/1577
g default
v 60.565312 2.665932 -14.188554
v 60.299205 2.665932 -14.298779
v 60.033104 2.665932 -14.188554
v 59.922873 2.665932 -13.922448
v 60.033104 2.665932 -13.656342
v 60.299205 2.665932 -13.546116
v 60.565312 2.665932 -13.656342
v 60.675536 2.665932 -13.922448
v 60.565312 3.418595 -14.188554
v 60.299205 3.418595 -14.298779
v 60.033104 3.418595 -14.188554
v 59.922873 3.418595 -13.922448
v 60.033104 3.418595 -13.656342
v 60.299205 3.418595 -13.546116
v 60.565312 3.418595 -13.656342
v 60.675536 3.418595 -13.922448
v 60.299205 2.665932 -13.922448
v 60.299205 3.418595 -13.922448
v 60.583811 2.794123 -14.207054
v 60.299204 2.794123 -14.324942
v 60.299204 3.550212 -14.398479
v 60.635809 3.550212 -14.259053
v 60.014603 2.794123 -14.207054
v 59.962605 3.550212 -14.259053
v 59.896709 2.794123 -13.922448
v 59.823172 3.550212 -13.922448
v 60.014603 2.794123 -13.637842
v 59.962605 3.550212 -13.585844
v 60.299204 2.794123 -13.519953
v 60.299204 3.550212 -13.446416
v 60.583811 2.794123 -13.637842
v 60.635809 3.550212 -13.585844
v 60.701698 2.794123 -13.922448
v 60.775236 3.550212 -13.922448
vt 0.610485 0.045765
vt 0.500000 0.000000
vt 0.389515 0.045765
vt 0.343750 0.156250
vt 0.389515 0.266735
vt 0.500000 0.312500
vt 0.610485 0.266735
vt 0.656250 0.156250
vt 0.375000 0.312500
vt 0.406250 0.312500
vt 0.437500 0.312500
vt 0.468750 0.312500
vt 0.500000 0.312500
vt 0.531250 0.312500
vt 0.562500 0.312500
vt 0.593750 0.312500
vt 0.625000 0.312500
vt 0.375000 0.687500
vt 0.406250 0.687500
vt 0.437500 0.687500
vt 0.468750 0.687500
vt 0.500000 0.687500
vt 0.531250 0.687500
vt 0.562500 0.687500
vt 0.593750 0.687500
vt 0.625000 0.687500
vt 0.610485 0.733265
vt 0.500000 0.687500
vt 0.389515 0.733265
vt 0.343750 0.843750
vt 0.389515 0.954235
vt 0.500000 1.000000
vt 0.610485 0.954235
vt 0.656250 0.843750
vt 0.500000 0.156250
vt 0.500000 0.843750
vt 0.375000 0.312500
vt 0.406250 0.312500
vt 0.406250 0.687500
vt 0.375000 0.687500
vt 0.437500 0.312500
vt 0.437500 0.687500
vt 0.468750 0.312500
vt 0.468750 0.687500
vt 0.500000 0.312500
vt 0.500000 0.687500
vt 0.531250 0.312500
vt 0.531250 0.687500
vt 0.562500 0.312500
vt 0.562500 0.687500
vt 0.593750 0.312500
vt 0.593750 0.687500
vt 0.625000 0.312500
vt 0.625000 0.687500
vn 0.381147 -0.089496 -0.920173
vn 0.381147 -0.089496 -0.920173
vn 0.381147 -0.089496 -0.920173
vn 0.381147 -0.089496 -0.920173
vn -0.381154 -0.089496 -0.920170
vn -0.381154 -0.089496 -0.920170
vn -0.381154 -0.089496 -0.920170
vn -0.381154 -0.089496 -0.920170
vn -0.920166 -0.089495 -0.381164
vn -0.920166 -0.089495 -0.381164
vn -0.920166 -0.089495 -0.381164
vn -0.920166 -0.089495 -0.381164
vn -0.920165 -0.089495 0.381165
vn -0.920165 -0.089495 0.381165
vn -0.920165 -0.089495 0.381165
vn -0.920165 -0.089495 0.381165
vn -0.381158 -0.089496 0.920168
vn -0.381158 -0.089496 0.920168
vn -0.381158 -0.089496 0.920168
vn -0.381158 -0.089496 0.920168
vn 0.381151 -0.089496 0.920171
vn 0.381151 -0.089496 0.920171
vn 0.381151 -0.089496 0.920171
vn 0.381151 -0.089496 0.920171
vn 0.920172 -0.089496 0.381148
vn 0.920172 -0.089496 0.381148
vn 0.920172 -0.089496 0.381148
vn 0.920172 -0.089496 0.381148
vn 0.920173 -0.089496 -0.381147
vn 0.920173 -0.089496 -0.381147
vn 0.920173 -0.089496 -0.381147
vn 0.920173 -0.089496 -0.381147
vn 0.000000 -1.000000 0.000000
vn 0.000000 -1.000000 -0.000000
vn 0.000000 -1.000000 0.000000
vn 0.000000 -1.000000 0.000000
vn 0.000000 -1.000000 0.000000
vn 0.000000 -1.000000 0.000000
vn 0.000000 -1.000000 0.000000
vn 0.000000 -1.000000 0.000000
vn 0.000000 -1.000000 -0.000000
vn 0.000000 1.000000 0.000000
vn 0.000000 1.000000 0.000000
vn 0.000000 1.000000 0.000000
vn 0.000000 1.000000 0.000000
vn 0.000000 1.000000 0.000000
vn 0.000000 1.000000 0.000000
vn 0.000000 1.000000 0.000000
vn 0.000000 1.000000 -0.000000
vn 0.000000 1.000000 -0.000000
vn 0.376055 -0.185292 -0.907882
vn 0.376055 -0.185292 -0.907882
vn 0.376055 -0.185292 -0.907882
vn 0.376055 -0.185292 -0.907882
vn -0.313529 0.573375 0.756928
vn -0.313529 0.573375 0.756928
vn -0.313529 0.573375 0.756928
vn -0.313529 0.573375 0.756928
vn -0.376062 -0.185297 -0.907878
vn -0.376062 -0.185297 -0.907878
vn -0.376062 -0.185297 -0.907878
vn -0.376062 -0.185297 -0.907878
vn 0.313534 0.573377 0.756925
vn 0.313534 0.573377 0.756925
vn 0.313534 0.573377 0.756925
vn 0.313534 0.573377 0.756925
vn -0.907873 -0.185300 -0.376072
vn -0.907873 -0.185300 -0.376072
vn -0.907873 -0.185300 -0.376072
vn -0.907873 -0.185300 -0.376072
vn 0.756921 0.573377 0.313542
vn 0.756921 0.573377 0.313542
vn 0.756921 0.573377 0.313542
vn 0.756921 0.573377 0.313542
vn -0.907873 -0.185300 0.376073
vn -0.907873 -0.185300 0.376073
vn -0.907873 -0.185300 0.376073
vn -0.907873 -0.185300 0.376073
vn 0.756921 0.573377 -0.313544
vn 0.756921 0.573377 -0.313544
vn 0.756921 0.573377 -0.313544
vn 0.756921 0.573377 -0.313544
vn -0.376066 -0.185297 0.907876
vn -0.376066 -0.185297 0.907876
vn -0.376066 -0.185296 0.907876
vn -0.376066 -0.185297 0.907876
vn 0.313538 0.573376 -0.756924
vn 0.313538 0.573376 -0.756924
vn 0.313538 0.573376 -0.756924
vn 0.313538 0.573376 -0.756924
vn 0.376060 -0.185292 0.907880
vn 0.376060 -0.185292 0.907880
vn 0.376060 -0.185292 0.907880
vn 0.376060 -0.185292 0.907880
vn -0.313533 0.573375 -0.756927
vn -0.313533 0.573375 -0.756927
vn -0.313533 0.573375 -0.756927
vn -0.313533 0.573375 -0.756927
vn 0.907882 -0.185288 0.376057
vn 0.907882 -0.185288 0.376057
vn 0.907882 -0.185288 0.376057
vn 0.907882 -0.185288 0.376057
vn -0.756929 0.573373 -0.313531
vn -0.756929 0.573373 -0.313531
vn -0.756929 0.573373 -0.313531
vn -0.756929 0.573373 -0.313531
vn 0.907882 -0.185288 -0.376056
vn 0.907882 -0.185289 -0.376056
vn 0.907882 -0.185289 -0.376056
vn 0.907882 -0.185288 -0.376056
vn -0.756930 0.573373 0.313529
vn -0.756930 0.573373 0.313529
vn -0.756930 0.573373 0.313529
vn -0.756930 0.573373 0.313529
s off
g pCylinder14
usemtl initialShadingGroup
f 607/773/1581 608/774/1582 609/775/1583 610/776/1584
f 608/774/1585 611/777/1586 612/778/1587 609/775/1588
f 611/777/1589 613/779/1590 614/780/1591 612/778/1592
f 613/779/1593 615/781/1594 616/782/1595 614/780/1596
f 615/781/1597 617/783/1598 618/784/1599 616/782/1600
f 617/783/1601 619/785/1602 620/786/1603 618/784/1604
f 619/785/1605 621/787/1606 622/788/1607 620/786/1608
f 621/787/1609 607/789/1610 610/790/1611 622/788/1612
s 1
f 590/738/1613 589/737/1614 605/771/1615
f 591/739/1616 590/738/1613 605/771/1615
f 592/740/1617 591/739/1616 605/771/1615
f 593/741/1618 592/740/1617 605/771/1615
f 594/742/1619 593/741/1618 605/771/1615
f 595/743/1620 594/742/1619 605/771/1615
f 596/744/1621 595/743/1620 605/771/1615
f 589/737/1614 596/744/1621 605/771/1615
s 2
f 597/769/1622 598/768/1623 606/772/1624
f 598/768/1623 599/767/1625 606/772/1624
f 599/767/1625 600/766/1626 606/772/1624
f 600/766/1626 601/765/1627 606/772/1624
f 601/765/1627 602/764/1628 606/772/1624
f 602/764/1628 603/763/1629 606/772/1624
f 603/763/1629 604/770/1630 606/772/1624
f 604/770/1630 597/769/1622 606/772/1624
s off
f 589/745/1631 590/746/1632 608/774/1633 607/773/1634
f 598/755/1635 597/754/1636 610/776/1637 609/775/1638
f 590/746/1639 591/747/1640 611/777/1641 608/774/1642
f 599/756/1643 598/755/1644 609/775/1645 612/778/1646
f 591/747/1647 592/748/1648 613/779/1649 611/777/1650
f 600/757/1651 599/756/1652 612/778/1653 614/780/1654
f 592/748/1655 593/749/1656 615/781/1657 613/779/1658
f 601/758/1659 600/757/1660 614/780/1661 616/782/1662
f 593/749/1663 594/750/1664 617/783/1665 615/781/1666
f 602/759/1667 601/758/1668 616/782/1669 618/784/1670
f 594/750/1671 595/751/1672 619/785/1673 617/783/1674
f 603/760/1675 602/759/1676 618/784/1677 620/786/1678
f 595/751/1679 596/752/1680 621/787/1681 619/785/1682
f 604/761/1683 603/760/1684 620/786/1685 622/788/1686
f 596/752/1687 589/753/1688 607/789/1689 621/787/1690
f 597/762/1691 604/761/1692 622/788/1693 610/790/1694
g default
v 46.452177 1.605155 -12.814262
v 44.786151 1.605155 -12.894631
v 46.371808 1.802467 -11.148228
v 44.705781 1.802467 -11.228597
v 46.371808 1.605155 -11.148228
v 44.705781 1.605155 -11.228597
v 46.380930 1.605155 -11.337338
v 44.714904 1.605155 -11.417708
v 46.444771 1.802467 -12.660736
v 46.444771 1.605155 -12.660736
v 44.778744 1.605155 -12.741105
v 44.778744 1.802467 -12.741105
v 46.222822 1.605155 -12.825326
v 46.215416 1.802467 -12.671800
v 46.151575 1.802467 -11.348403
v 46.142453 1.802467 -11.159292
v 46.142453 1.605155 -11.159292
v 46.151575 1.605155 -11.348403
v 46.215416 1.605155 -12.671800
v 44.906469 1.802467 -11.408467
v 44.970310 1.802467 -12.731864
v 44.977716 1.605155 -12.885390
v 44.970310 1.605155 -12.731864
v 44.906469 1.605155 -11.408467
v 44.897347 1.605155 -11.219356
v 44.897347 1.802467 -11.219356
v 46.120405 3.611127 -10.702260
v 46.349760 3.611127 -10.691196
v 44.875299 3.611127 -10.762324
v 44.683734 3.611127 -10.771565
v 46.444771 0.458198 -12.660736
v 46.215416 0.458198 -12.671800
v 46.222822 0.458198 -12.825326
v 46.452177 0.458198 -12.814262
v 46.371808 0.458198 -11.148228
v 46.142453 0.458198 -11.159292
v 46.151575 0.458198 -11.348403
v 46.380930 0.458198 -11.337338
v 44.906469 0.458198 -11.408467
v 44.897347 0.458198 -11.219356
v 44.705781 0.458198 -11.228597
v 44.714904 0.458198 -11.417708
v 44.977716 0.458198 -12.885390
v 44.970310 0.458198 -12.731864
v 44.778744 0.458198 -12.741105
v 44.786151 0.458198 -12.894631
v 46.151575 2.340478 -11.348403
v 46.371808 2.340478 -11.148228
v 46.142453 2.340478 -11.159292
v 44.897347 2.340478 -11.219356
v 44.705781 2.340478 -11.228597
v 44.906469 2.340478 -11.408467
v 46.143992 2.898557 -11.191210
v 46.364225 2.898557 -10.991037
v 46.134870 2.898557 -11.002101
v 44.889764 2.898557 -11.062165
v 44.698198 2.898557 -11.071406
v 44.898886 2.898557 -11.251274
v 46.376541 1.802467 -11.246340
v 46.380930 1.705837 -11.337338
v 46.385586 1.802467 -11.433857
v 46.289946 1.802467 -11.341728
v 46.289946 2.340478 -11.341728
v 46.376541 2.327879 -11.246340
v 46.125803 3.611127 -10.814141
v 46.130975 3.539870 -10.921363
v 46.267387 3.541158 -10.914235
v 46.354797 3.611127 -10.795612
v 44.805901 1.802467 -11.413318
v 44.719560 1.802467 -11.514226
v 44.714904 1.705837 -11.417708
v 44.710514 1.802467 -11.326709
v 44.710514 2.327879 -11.326709
v 44.805901 2.340478 -11.413318
v 44.880696 3.611127 -10.874205
v 44.885869 3.539870 -10.981427
v 44.688771 3.611127 -10.875982
v 44.787206 3.541158 -10.985639
v 46.282363 2.898557 -11.184535
v 46.369196 2.868393 -11.094095
v 44.703170 2.868393 -11.174465
v 44.798318 2.898557 -11.256126
v 46.449215 1.802467 -12.752861
v 46.452177 1.740991 -12.814262
v 46.222822 1.740991 -12.825326
v 46.219860 1.802467 -12.763925
v 44.974754 1.802467 -12.823989
v 44.977716 1.740991 -12.885390
v 44.786151 1.740991 -12.894631
v 44.783189 1.802467 -12.833230
vt 0.625000 0.500000
vt 0.375000 0.750000
vt 0.625000 0.750000
vt 0.375000 1.000000
vt 0.625000 1.000000
vt 0.375000 0.778378
vt 0.625000 0.778378
vt 0.375000 0.976962
vt 0.625000 0.976962
vt 0.625000 0.273038
vt 0.409416 1.000000
vt 0.409416 0.500000
vt 0.409416 0.750000
vt 0.409416 0.778378
vt 0.409416 0.976962
vt 0.596253 1.000000
vt 0.596253 0.976962
vt 0.596253 0.778378
vt 0.596253 0.750000
vt 0.596253 0.500000
vt 0.375000 0.976962
vt 0.409416 0.976962
vt 0.409416 1.000000
vt 0.375000 1.000000
vt 0.375000 0.750000
vt 0.409416 0.750000
vt 0.409416 0.778378
vt 0.375000 0.778378
vt 0.596253 0.778378
vt 0.596253 0.750000
vt 0.625000 0.750000
vt 0.625000 0.778378
vt 0.596253 1.000000
vt 0.596253 0.976962
vt 0.625000 0.976962
vt 0.625000 1.000000
vt 0.409416 0.500000
vt 0.596253 0.500000
vt 0.409416 0.500000
vt 0.596253 0.500000
vt 0.125000 -0.000000
vt 0.153378 0.000000
vt 0.139723 0.250000
vt 0.125000 0.250000
vt 0.351962 0.250000
vt 0.375000 0.457139
vt 0.625000 0.457139
vt 0.648038 0.000000
vt 0.846622 0.000000
vt 0.875000 0.000000
vt 0.875000 0.250000
vt 0.388654 0.471622
vt 0.625000 0.485277
vt 0.611056 0.471622
vt 0.409416 0.483211
vt 0.375000 0.500000
vt 0.596253 0.500000
vt 0.625000 0.484332
vt 0.409416 0.500000
vt 0.596253 0.483211
vt 0.409416 0.471622
vt 0.409416 0.471622
vt 0.375000 0.500000
vt 0.375000 0.485277
vt 0.375000 0.485277
vt 0.596253 0.471622
vt 0.611345 0.471622
vt 0.611345 0.471622
vt 0.625000 0.500000
vt 0.388654 0.471622
vt 0.375000 0.500000
vt 0.375000 0.485809
vt 0.625000 0.485277
vt 0.625000 0.500000
vt 0.596253 0.471622
vt 0.611345 0.471622
vt 0.388654 0.471622
vt 0.409416 0.471622
vt 0.388943 0.471622
vt 0.375000 0.500000
vt 0.375000 0.484332
vt 0.625000 0.485809
vt 0.625000 0.500000
vt 0.596253 0.471622
vt 0.596253 0.471622
vt 0.409416 0.471622
vt 0.153378 0.127567
vt 0.167861 0.250000
vt 0.153378 0.250000
vt 0.846622 0.250000
vt 0.832139 0.250000
vt 0.846622 0.127567
vt 0.860277 0.250000
vt 0.351962 0.000000
vt 0.365786 0.250000
vt 0.625000 0.000000
vt 0.648038 0.250000
vt 0.634214 0.250000
vt 0.375000 0.172108
vt 0.625000 0.259214
vt 0.375000 0.000000
vt 0.409416 0.000000
vt 0.375000 0.259214
vt 0.409416 0.259214
vt 0.375000 0.273038
vt 0.596253 0.172108
vt 0.625000 0.172108
vt 0.596253 0.273038
vt 0.409416 0.273038
vt 0.596253 0.259214
vt 0.409416 0.172108
vt 0.596253 0.000000
vn -0.048184 0.000000 0.998838
vn -0.048184 0.000000 0.998838
vn -0.048184 0.000000 0.998838
vn -0.048184 0.000000 0.998838
vn 0.000000 -1.000000 0.000000
vn 0.000000 -1.000000 0.000000
vn 0.000000 -1.000000 0.000000
vn 0.000000 -1.000000 0.000000
vn -0.998838 -0.000000 -0.048184
vn -0.998838 0.000000 -0.048184
vn -0.998838 0.000000 -0.048184
vn -0.998838 -0.000000 -0.048184
vn -0.998838 -0.000000 -0.048184
vn 0.998838 0.000000 0.048184
vn 0.998838 0.000000 0.048184
vn 0.998838 0.000000 0.048184
vn 0.998838 0.000000 0.048184
vn 0.998838 0.000000 0.048184
vn 0.998838 0.000000 0.048184
vn 0.998838 0.000000 0.048184
vn 0.998838 0.000000 0.048184
vn 0.998838 0.000000 0.048184
vn 0.998838 0.000000 0.048184
vn 0.000000 -1.000000 0.000000
vn 0.000000 -1.000000 0.000000
vn 0.000000 -1.000000 0.000000
vn 0.000000 -1.000000 0.000000
vn 0.000000 -1.000000 0.000000
vn 0.000000 -1.000000 0.000000
vn 0.000000 -1.000000 0.000000
vn 0.000000 -1.000000 0.000000
vn -0.998838 0.000000 -0.048184
vn -0.998838 0.000000 -0.048184
vn -0.998838 0.000000 -0.048184
vn 0.000000 1.000000 -0.000000
vn 0.000000 1.000000 -0.000000
vn 0.000000 1.000000 -0.000000
vn 0.000000 1.000000 -0.000000
vn 0.000000 1.000000 -0.000000
vn 0.000000 1.000000 -0.000000
vn 0.000000 1.000000 -0.000000
vn 0.000000 1.000000 -0.000000
vn 0.000000 1.000000 -0.000000
vn 0.000000 1.000000 -0.000000
vn -0.048184 0.000000 0.998838
vn -0.048184 0.000000 0.998838
vn -0.048184 0.000000 0.998838
vn -0.048184 0.000000 0.998838
vn 0.000000 -1.000000 0.000000
vn 0.000000 -1.000000 0.000000
vn 0.000000 -1.000000 0.000000
vn 0.000000 -1.000000 0.000000
vn 0.000000 -1.000000 0.000000
vn 0.000000 -1.000000 0.000000
vn 0.000000 -1.000000 0.000000
vn 0.000000 -1.000000 0.000000
vn 0.000000 -1.000000 0.000000
vn 0.000000 -1.000000 0.000000
vn 0.000000 -1.000000 0.000000
vn 0.000000 -1.000000 0.000000
vn 0.000000 -1.000000 0.000000
vn 0.000000 -1.000000 0.000000
vn 0.000000 -1.000000 0.000000
vn 0.000000 -1.000000 0.000000
vn -0.048184 0.000000 0.998838
vn -0.048184 0.000000 0.998838
vn -0.047695 -0.142120 0.988700
vn -0.047695 -0.142120 0.988700
vn -0.048184 0.000000 0.998838
vn -0.048184 0.000000 0.998838
vn -0.047695 -0.142120 0.988700
vn -0.047695 -0.142120 0.988700
vn 0.048184 0.000000 -0.998838
vn 0.048184 0.000000 -0.998838
vn 0.047695 0.142121 -0.988699
vn 0.047695 0.142121 -0.988699
vn -0.048184 0.000000 0.998838
vn -0.048184 0.000000 0.998838
vn -0.047695 -0.142120 0.988700
vn -0.047695 -0.142120 0.988700
vn -0.048184 0.000000 0.998838
vn -0.048184 0.000000 0.998838
vn -0.048184 0.000000 0.998838
vn -0.048184 0.000000 0.998838
vn -0.998838 0.000000 -0.048184
vn -0.998838 0.000000 -0.048184
vn -0.998838 0.000000 -0.048184
vn -0.998838 0.000000 -0.048184
vn 0.048184 0.000000 -0.998838
vn 0.048184 0.000000 -0.998838
vn 0.048184 0.000000 -0.998838
vn 0.048184 0.000000 -0.998838
vn 0.998838 0.000000 0.048184
vn 0.998838 0.000000 0.048184
vn 0.998838 0.000000 0.048184
vn 0.998838 0.000000 0.048184
vn -0.048184 0.000000 0.998838
vn -0.048184 0.000000 0.998838
vn -0.048184 0.000000 0.998838
vn -0.048184 0.000000 0.998838
vn -0.998838 0.000000 -0.048184
vn -0.998838 0.000000 -0.048184
vn -0.998838 0.000000 -0.048184
vn -0.998838 0.000000 -0.048184
vn 0.048184 0.000000 -0.998838
vn 0.048184 0.000000 -0.998838
vn 0.048184 0.000000 -0.998838
vn 0.048184 0.000000 -0.998838
vn 0.998838 0.000000 0.048184
vn 0.998838 0.000000 0.048184
vn 0.998838 0.000000 0.048184
vn 0.998838 0.000000 0.048184
vn 0.998838 0.000000 0.048184
vn 0.998838 0.000000 0.048184
vn 0.998838 0.000000 0.048184
vn 0.998838 0.000000 0.048184
vn -0.048184 0.000000 0.998838
vn -0.048184 0.000000 0.998838
vn -0.048184 0.000000 0.998838
vn -0.048184 0.000000 0.998838
vn -0.998838 0.000000 -0.048184
vn -0.998838 0.000000 -0.048184
vn -0.998838 0.000000 -0.048184
vn -0.998838 0.000000 -0.048184
vn 0.048184 0.000000 -0.998838
vn 0.048184 0.000000 -0.998838
vn 0.048184 0.000000 -0.998838
vn 0.048184 0.000000 -0.998838
vn 0.998838 0.000000 0.048184
vn 0.998838 0.000000 0.048184
vn 0.998838 0.000000 0.048184
vn 0.998838 0.000000 0.048184
vn -0.048184 0.000000 0.998838
vn -0.048184 0.000000 0.998838
vn -0.048184 0.000000 0.998838
vn -0.048184 0.000000 0.998838
vn -0.998838 0.000000 -0.048184
vn -0.998838 0.000000 -0.048184
vn -0.998838 0.000000 -0.048184
vn -0.998838 0.000000 -0.048184
vn 0.048184 0.000000 -0.998838
vn 0.048184 0.000000 -0.998838
vn 0.048184 0.000000 -0.998838
vn 0.048184 0.000000 -0.998838
vn -0.045334 -0.338805 0.939764
vn -0.045334 -0.338805 0.939764
vn -0.045334 -0.338805 0.939764
vn -0.045334 -0.338805 0.939764
vn -0.045334 -0.338805 0.939764
vn -0.045334 -0.338805 0.939764
vn 0.045386 0.335748 -0.940858
vn 0.045388 0.335749 -0.940857
vn -0.044405 -0.388233 0.920491
vn -0.044405 -0.388233 0.920491
vn -0.044405 -0.388233 0.920491
vn -0.044405 -0.388233 0.920491
vn -0.044405 -0.388233 0.920491
vn -0.044405 -0.388233 0.920491
vn 0.998838 0.000000 0.048184
vn -0.998838 0.000000 -0.048184
vn -0.998838 0.000000 -0.048184
vn -0.998838 0.000000 -0.048184
vn 0.740409 0.000000 -0.672156
vn 0.740409 0.000000 -0.672156
vn 0.743237 0.099814 -0.661540
vn 0.743237 0.099814 -0.661540
vn 0.723843 0.241659 -0.646261
vn 0.723903 0.241477 -0.646262
vn 0.027730 0.834275 -0.550651
vn 0.027709 0.834253 -0.550685
vn 0.025416 0.833998 -0.551182
vn 0.025385 0.834019 -0.551151
vn 0.034876 0.841600 -0.538974
vn 0.034876 0.841600 -0.538974
vn 0.710527 0.280100 -0.645520
vn 0.710527 0.280100 -0.645520
vn -0.672220 0.000000 -0.740351
vn -0.672220 0.000000 -0.740351
vn -0.676058 0.099821 -0.730056
vn -0.676057 0.099821 -0.730056
vn -0.658282 0.241493 -0.712984
vn -0.658223 0.241675 -0.712977
vn 0.014871 0.841134 -0.540622
vn 0.014871 0.841134 -0.540622
vn -0.645039 0.280118 -0.710956
vn -0.645039 0.280118 -0.710956
vn 0.000000 1.000000 -0.000000
vn 0.000000 1.000000 -0.000000
vn 0.000000 1.000000 -0.000000
vn 0.000000 1.000000 -0.000000
vn 0.000000 1.000000 -0.000000
vn 0.000000 1.000000 -0.000000
vn 0.000000 1.000000 -0.000000
vn 0.000000 1.000000 -0.000000
vn 0.047695 0.142121 -0.988699
vn 0.048184 0.000000 -0.998838
vn 0.998838 0.000000 0.048184
vn 0.998838 0.000000 0.048184
vn 0.048184 0.000000 -0.998838
vn 0.047695 0.142121 -0.988699
vn -0.998838 -0.000000 -0.048184
vn -0.998838 -0.000000 -0.048184
vn 0.045399 0.335543 -0.940930
vn 0.998838 0.000000 0.048184
vn 0.998838 0.000000 0.048184
vn -0.998838 -0.000000 -0.048184
vn -0.998838 -0.000000 -0.048184
vn 0.045381 0.335467 -0.940958
vn 0.044406 0.388221 -0.920496
vn 0.044419 0.388223 -0.920494
vn 0.998838 0.000000 0.048184
vn 0.998838 0.000000 0.048184
vn -0.998838 0.000000 -0.048184
vn -0.998838 0.000000 -0.048184
vn 0.044384 0.388224 -0.920496
vn 0.044403 0.388221 -0.920496
vn 0.726814 0.685939 0.035062
vn 0.726814 0.685939 0.035062
vn 0.726814 0.685939 0.035062
vn 0.726814 0.685939 0.035062
vn -0.726766 0.685990 -0.035059
vn -0.726766 0.685990 -0.035059
vn -0.726766 0.685990 -0.035059
vn -0.726766 0.685990 -0.035059
vn 0.034072 0.707087 -0.706305
vn 0.034072 0.707087 -0.706305
vn 0.034072 0.707087 -0.706305
vn 0.034072 0.707087 -0.706305
vn 0.034072 0.707087 -0.706305
vn 0.034072 0.707087 -0.706305
vn 0.034072 0.707087 -0.706305
vn 0.034072 0.707087 -0.706305
vn 0.048184 0.000000 -0.998838
vn 0.048184 0.000000 -0.998838
vn 0.000000 1.000000 -0.000000
vn 0.000000 1.000000 -0.000000
vn 0.048184 0.000000 -0.998838
vn 0.048184 0.000000 -0.998838
vn 0.000000 1.000000 -0.000000
vn 0.000000 1.000000 -0.000000
s 1
g pCube61
usemtl initialShadingGroup
f 625/853/1695 638/802/1696 639/803/1697 627/792/1698
s off
f 653/811/1699 654/812/1700 655/813/1701 656/814/1702
s 2
f 624/886/1703 633/838/1704 634/887/1705 712/888/1706 711/897/1707
s 3
f 631/835/1708 632/884/1709 623/891/1710 706/889/1711 705/885/1712
f 627/831/1713 629/832/1714 682/877/1715 681/833/1716 625/834/1717
s off
f 657/815/1718 658/816/1719 659/817/1720 660/818/1721
s 4
f 629/796/1722 640/804/1723 641/805/1724 632/798/1725
s 2
f 634/887/1705 633/838/1704 630/839/1726 693/882/1727 692/881/1728
s 5
f 631/895/1729 636/899/1730 637/851/1731 684/842/1732 683/836/1733
f 642/856/1734 643/898/1735 634/800/1736 692/837/1737 691/857/1738
s 1
f 647/809/1739 648/810/1740 626/791/1741 628/793/1742
s off
f 661/819/1743 662/820/1744 663/821/1745 664/822/1746
s 4
f 645/807/1747 646/808/1748 630/797/1749 633/799/1750
s off
f 665/823/1751 666/824/1752 667/825/1753 668/826/1754
s 5
f 637/851/1731 636/899/1730 643/898/1735 642/856/1734
s 4
f 635/801/1755 641/805/1724 645/807/1747 644/806/1756
f 641/805/1724 640/804/1723 646/808/1748 645/807/1747
f 640/804/1723 639/803/1757 647/809/1758 646/808/1748
s 1
f 639/803/1697 638/802/1696 648/810/1740 647/809/1739
s 6
f 638/802/1759 625/853/1760 670/861/1761 671/827/1762
s 7
f 626/791/1763 648/810/1764 672/828/1765 673/859/1766
s 8
f 637/851/1767 642/856/1768 674/865/1769 669/852/1770
s 9
f 648/810/1771 638/802/1772 671/827/1773 672/828/1774
s off
f 632/798/1775 641/805/1776 654/812/1777 653/811/1778
f 641/805/1779 635/801/1780 655/813/1781 654/812/1782
s 10
f 635/801/1783 623/794/1784 656/814/1785 655/813/1786
s off
f 623/794/1787 632/798/1788 653/811/1789 656/814/1790
f 627/792/1791 639/803/1792 658/816/1793 657/815/1794
f 639/803/1795 640/804/1796 659/817/1797 658/816/1798
f 640/804/1799 629/796/1800 660/818/1801 659/817/1802
f 629/796/1803 627/792/1804 657/815/1805 660/818/1806
f 646/808/1807 647/809/1808 662/820/1809 661/819/1810
f 647/809/1811 628/793/1812 663/821/1813 662/820/1814
f 628/793/1815 630/797/1816 664/822/1817 663/821/1818
f 630/797/1819 646/808/1820 661/819/1821 664/822/1822
f 644/806/1823 645/807/1824 666/824/1825 665/823/1826
f 645/807/1827 633/799/1828 667/825/1829 666/824/1830
f 633/799/1831 624/795/1832 668/826/1833 667/825/1834
s 10
f 624/795/1835 644/806/1836 665/823/1837 668/826/1838
s 6
f 671/827/1762 670/861/1761 676/870/1839 677/829/1840
s 9
f 672/828/1774 671/827/1773 677/829/1841 678/830/1842
s 7
f 673/859/1766 672/828/1765 678/830/1843 679/864/1844
s 8
f 669/852/1770 674/865/1769 680/875/1845 675/868/1846
s 6
f 677/829/1840 676/870/1839 650/846/1847 649/849/1848
s 9
f 678/830/1842 677/829/1841 649/849/1849 651/847/1850
s 7
f 679/864/1844 678/830/1843 651/847/1851 652/873/1852
s 3
f 683/878/1853 682/877/1715 629/832/1714 632/884/1709 631/835/1708
s 2
f 694/883/1854 693/882/1727 630/839/1726 628/840/1855 626/841/1856
s 12
f 681/854/1857 684/842/1858 685/860/1859 686/855/1860
f 686/855/1860 685/860/1859 701/867/1861 702/862/1862
s 13
f 687/845/1863 688/876/1864 698/874/1865 697/850/1866
f 688/876/1864 687/845/1863 690/871/1867 689/869/1868
s 12
f 689/869/1869 690/871/1870 702/862/1862 701/867/1861
s 14
f 691/857/1871 694/843/1872 695/863/1873 696/858/1874
f 696/858/1874 695/863/1873 703/872/1875 704/866/1876
s 13
f 697/850/1866 698/874/1865 700/844/1877 699/848/1878
s 14
f 699/848/1879 700/844/1880 704/866/1876 703/872/1875
s 15
f 690/871/1881 687/845/1882 649/849/1883 650/846/1884
f 651/847/1885 697/850/1886 699/848/1887 652/873/1888
f 649/849/1883 687/845/1882 697/850/1886 651/847/1885
s 8
f 685/860/1889 684/842/1890 637/851/1767 669/852/1770
s 3
f 625/853/1717 681/854/1716 686/855/1891 670/861/1892
s 8
f 642/856/1768 691/857/1893 696/858/1894 674/865/1769
s 2
f 695/863/1895 694/843/1854 626/791/1856 673/859/1896
s 8
f 685/860/1889 669/852/1770 675/868/1846 701/867/1897
s 3
f 670/861/1892 686/855/1891 702/862/1898 676/870/1899
s 2
f 695/863/1895 673/859/1896 679/864/1900 703/872/1901
s 8
f 674/865/1769 696/858/1894 704/866/1902 680/875/1845
f 701/867/1897 675/868/1846 688/876/1903 689/869/1904
s 3
f 676/870/1899 702/862/1898 690/871/1905 650/846/1906
s 2
f 703/872/1901 679/864/1900 652/873/1907 699/848/1908
s 8
f 680/875/1845 704/866/1902 700/844/1909 698/874/1910
f 675/868/1846 680/875/1845 698/874/1910 688/876/1903
s off
f 681/833/1911 682/877/1912 683/878/1913 684/879/1914
f 691/880/1915 692/881/1916 693/882/1917 694/883/1918
s 16
f 705/893/1919 706/889/1920 707/901/1921 708/894/1922
f 708/894/1922 707/901/1921 710/896/1923 709/900/1924
f 709/900/1924 710/896/1923 711/897/1925 712/890/1926
s 10
f 623/891/1784 635/892/1783 707/901/1927 706/889/1928
s 5
f 705/893/1929 708/894/1930 636/899/1730 631/895/1729
s 10
f 710/896/1931 644/902/1836 624/886/1835 711/897/1932
s 5
f 643/898/1735 709/900/1933 712/890/1934 634/800/1736
f 636/899/1730 708/894/1930 709/900/1933 643/898/1735
s 10
f 707/901/1927 635/892/1783 644/902/1836 710/896/1931
