# This file uses centimeters as units for non-parametric coordinates.

mtllib kitchen_livingroom.mtl
g default
v 57.506664 5.123232 -23.079855
v 59.137077 5.123232 -23.079855
v 57.506664 7.340157 -23.079855
v 59.137077 7.340157 -23.079855
v 57.506664 7.340157 -29.010110
v 59.137077 7.340157 -29.010110
v 57.506664 5.123232 -29.010110
v 59.137077 5.123232 -29.010110
v 57.506664 7.340157 -24.735807
v 57.506664 5.123232 -24.735807
v 59.137077 5.123232 -24.735807
v 59.137077 7.340157 -24.735807
v 57.506664 5.123232 -27.283189
v 57.506664 7.340157 -27.283189
v 59.137077 7.340157 -27.283189
v 59.137077 5.123232 -27.283189
v 57.506664 5.287820 -28.881902
v 57.506664 5.287820 -27.411398
v 57.506664 7.175569 -27.411398
v 57.506664 7.175569 -28.881902
v 57.506664 5.268834 -27.115884
v 57.506664 7.194555 -27.115884
v 57.506664 5.268834 -24.903112
v 57.506664 7.194555 -24.903112
v 57.506664 7.166439 -24.606046
v 57.506664 5.296950 -24.606046
v 57.506664 5.296950 -23.209615
v 57.506664 7.166439 -23.209615
v 57.426903 7.166439 -24.606046
v 57.426903 5.296950 -24.606046
v 57.426903 5.296950 -23.209615
v 57.426903 7.166439 -23.209615
v 57.426903 5.287820 -28.881902
v 57.426903 5.287820 -27.411398
v 57.426903 7.175569 -27.411398
v 57.426903 7.175569 -28.881902
v 57.426903 5.268834 -27.115884
v 57.426903 7.194555 -27.115884
v 57.426903 5.268834 -24.903112
v 57.426903 7.194555 -24.903112
v 57.506664 6.368266 -23.079855
v 57.506664 6.346863 -23.209615
v 57.426903 6.346863 -23.209615
v 57.426903 6.346863 -24.606046
v 57.506664 6.346863 -24.606046
v 57.506664 6.368266 -24.735807
v 57.506664 6.350327 -24.903112
v 57.426903 6.350327 -24.903112
v 57.426903 6.350327 -27.115884
v 57.506664 6.350327 -27.115884
v 57.506664 6.368266 -27.283189
v 57.506664 6.347988 -27.411398
v 57.426903 6.347988 -27.411398
v 57.426903 6.347988 -28.881902
v 57.506664 6.347988 -28.881902
v 57.506664 6.368266 -29.010110
v 59.137077 6.368266 -29.010110
v 59.137077 6.368266 -27.283189
v 59.137077 6.368266 -24.735807
v 59.137077 6.368266 -23.079855
v 57.506664 6.171527 -23.079855
v 57.506664 6.180957 -23.209615
v 57.426903 6.180957 -23.209615
v 57.426903 6.180957 -24.606046
v 57.506664 6.180957 -24.606046
v 57.506664 6.171527 -24.735807
v 57.506664 6.179430 -24.903112
v 57.426903 6.179430 -24.903112
v 57.426903 6.179430 -27.115884
v 57.506664 6.179430 -27.115884
v 57.506664 6.171527 -27.283189
v 57.506664 6.180461 -27.411398
v 57.426903 6.180461 -27.411398
v 57.426903 6.180461 -28.881902
v 57.506664 6.180461 -28.881902
v 57.506664 6.171527 -29.010110
v 59.137077 6.171527 -29.010110
v 59.137077 6.171527 -27.283189
v 59.137077 6.171527 -24.735807
v 59.137077 6.171527 -23.079855
v 57.506664 5.123232 -27.477308
v 57.506664 5.287820 -27.576692
v 57.426903 5.287820 -27.576692
v 57.426903 6.180461 -27.576692
v 57.426903 6.347988 -27.576692
v 57.426903 7.175569 -27.576692
v 57.506664 7.175569 -27.576692
v 57.506664 7.340157 -27.477308
v 59.137077 7.340157 -27.477308
v 59.137077 6.368266 -27.477308
v 59.137077 6.171527 -27.477308
v 59.137077 5.123232 -27.477308
v 57.506664 7.340157 -24.937481
v 57.506664 7.194555 -25.078296
v 57.426903 7.194555 -25.078296
v 57.426903 6.350327 -25.078296
v 57.426903 6.179430 -25.078296
v 57.426903 5.268834 -25.078294
v 57.506664 5.268834 -25.078294
v 57.506664 5.123232 -24.937481
v 59.137077 5.123232 -24.937481
v 59.137077 6.171527 -24.937481
v 59.137077 6.368266 -24.937481
v 59.137077 7.340157 -24.937481
v 57.506664 7.340157 -24.470720
v 57.506664 7.166439 -24.382505
v 57.426903 7.166439 -24.382505
v 57.426903 6.346863 -24.382505
v 57.426903 6.180957 -24.382505
v 57.426903 5.296950 -24.382505
v 57.506664 5.296950 -24.382505
v 57.506664 5.123232 -24.470720
v 59.137077 5.123232 -24.470720
v 59.137077 6.171527 -24.470720
v 59.137077 6.368266 -24.470720
v 59.137077 7.340157 -24.470720
v 57.327037 6.350327 -24.903112
v 57.327037 6.350327 -25.078296
v 57.327037 6.179430 -25.078296
v 57.327037 6.179430 -24.903112
v 57.327037 6.180461 -27.576692
v 57.327037 6.347988 -27.576692
v 57.327037 6.180461 -27.411398
v 57.327037 6.347988 -27.411398
v 57.327037 6.346863 -24.382505
v 57.327037 6.180957 -24.382505
v 57.327037 6.346863 -24.606046
v 57.327037 6.180957 -24.606046
vt 0.375000 0.000000
vt 0.625000 0.000000
vt 0.375000 0.250000
vt 0.625000 0.250000
vt 0.375000 0.500000
vt 0.625000 0.500000
vt 0.375000 0.750000
vt 0.625000 0.750000
vt 0.375000 1.000000
vt 0.625000 1.000000
vt 0.875000 0.000000
vt 0.875000 0.250000
vt 0.125000 0.000000
vt 0.125000 0.250000
vt 0.305191 0.250000
vt 0.375000 0.319809
vt 0.305191 0.000000
vt 0.375000 0.930191
vt 0.625000 0.930191
vt 0.694809 0.000000
vt 0.625000 0.319809
vt 0.694809 0.250000
vt 0.197801 0.000000
vt 0.375000 0.822801
vt 0.197801 0.250000
vt 0.375000 0.427199
vt 0.625000 0.427199
vt 0.802199 0.250000
vt 0.625000 0.822801
vt 0.802199 0.000000
vt 0.125000 0.000000
vt 0.197801 0.000000
vt 0.197801 0.250000
vt 0.125000 0.250000
vt 0.197801 0.250000
vt 0.197801 0.000000
vt 0.305191 0.000000
vt 0.305191 0.250000
vt 0.305191 0.250000
vt 0.305191 0.000000
vt 0.375000 0.000000
vt 0.375000 0.250000
vt 0.305191 0.250000
vt 0.305191 0.000000
vt 0.375000 0.000000
vt 0.375000 0.250000
vt 0.125000 0.000000
vt 0.197801 0.000000
vt 0.197801 0.250000
vt 0.125000 0.250000
vt 0.197801 0.250000
vt 0.197801 0.000000
vt 0.305191 0.000000
vt 0.305191 0.250000
vt 0.375000 0.140401
vt 0.375000 0.140401
vt 0.375000 0.140401
vt 0.305191 0.140401
vt 0.305191 0.140401
vt 0.305191 0.140401
vt 0.305191 0.140401
vt 0.305191 0.140401
vt 0.197801 0.140401
vt 0.197801 0.140401
vt 0.197801 0.140401
vt 0.197801 0.140401
vt 0.197801 0.140401
vt 0.125000 0.140401
vt 0.125000 0.140401
vt 0.125000 0.140401
vt 0.375000 0.609599
vt 0.625000 0.609599
vt 0.875000 0.140401
vt 0.802199 0.140401
vt 0.694809 0.140401
vt 0.625000 0.140401
vt 0.375000 0.118215
vt 0.375000 0.118215
vt 0.375000 0.118215
vt 0.305191 0.118215
vt 0.305191 0.118215
vt 0.305191 0.118215
vt 0.305191 0.118215
vt 0.305191 0.118215
vt 0.197801 0.118215
vt 0.197801 0.118215
vt 0.197801 0.118215
vt 0.197801 0.118215
vt 0.197801 0.118215
vt 0.125000 0.118215
vt 0.125000 0.118215
vt 0.125000 0.118215
vt 0.375000 0.631785
vt 0.625000 0.631785
vt 0.875000 0.118215
vt 0.802199 0.118215
vt 0.694809 0.118215
vt 0.625000 0.118215
vt 0.189618 0.000000
vt 0.375000 0.814618
vt 0.189618 0.000000
vt 0.189618 0.000000
vt 0.189618 0.118215
vt 0.189618 0.140401
vt 0.189618 0.250000
vt 0.189618 0.250000
vt 0.189618 0.250000
vt 0.375000 0.435382
vt 0.625000 0.435382
vt 0.810382 0.250000
vt 0.810382 0.140401
vt 0.810382 0.118215
vt 0.625000 0.814618
vt 0.810382 0.000000
vt 0.296689 0.250000
vt 0.375000 0.328311
vt 0.296689 0.250000
vt 0.296689 0.250000
vt 0.296689 0.140401
vt 0.296689 0.118215
vt 0.296689 0.000000
vt 0.296689 0.000000
vt 0.296689 0.000000
vt 0.375000 0.921689
vt 0.625000 0.921689
vt 0.703311 0.000000
vt 0.703311 0.118215
vt 0.703311 0.140401
vt 0.625000 0.328311
vt 0.703311 0.250000
vt 0.316366 0.250000
vt 0.375000 0.308634
vt 0.316366 0.250000
vt 0.316366 0.250000
vt 0.316366 0.140401
vt 0.316366 0.118215
vt 0.316366 0.000000
vt 0.316366 0.000000
vt 0.316366 0.000000
vt 0.375000 0.941366
vt 0.625000 0.941366
vt 0.683634 0.000000
vt 0.683634 0.118215
vt 0.683634 0.140401
vt 0.625000 0.308634
vt 0.683634 0.250000
vt 0.305191 0.140401
vt 0.296689 0.140401
vt 0.296689 0.118215
vt 0.305191 0.118215
vt 0.189618 0.140401
vt 0.189618 0.118215
vt 0.197801 0.118215
vt 0.197801 0.140401
vt 0.316366 0.118215
vt 0.316366 0.140401
vt 0.305191 0.140401
vt 0.305191 0.118215
vn 0.000000 0.000000 1.000000
vn 0.000000 0.000000 1.000000
vn 0.000000 0.000000 1.000000
vn 0.000000 0.000000 1.000000
vn 0.000000 1.000000 0.000000
vn 0.000000 1.000000 0.000000
vn 0.000000 1.000000 0.000000
vn 0.000000 1.000000 0.000000
vn 0.000000 0.000000 -1.000000
vn 0.000000 0.000000 -1.000000
vn 0.000000 0.000000 -1.000000
vn 0.000000 0.000000 -1.000000
vn 0.000000 -1.000000 0.000000
vn 0.000000 -1.000000 0.000000
vn 0.000000 -1.000000 0.000000
vn 0.000000 -1.000000 0.000000
vn 1.000000 0.000000 0.000000
vn 1.000000 0.000000 0.000000
vn 1.000000 0.000000 0.000000
vn 1.000000 0.000000 0.000000
vn -1.000000 0.000000 0.000000
vn -1.000000 0.000000 0.000000
vn -1.000000 0.000000 0.000000
vn -1.000000 0.000000 0.000000
vn -1.000000 0.000000 0.000000
vn -1.000000 0.000000 0.000000
vn -1.000000 0.000000 0.000000
vn -1.000000 0.000000 0.000000
vn 0.000000 -1.000000 0.000000
vn 0.000000 -1.000000 0.000000
vn 0.000000 -1.000000 0.000000
vn 0.000000 -1.000000 0.000000
vn 1.000000 0.000000 0.000000
vn 1.000000 0.000000 0.000000
vn 1.000000 0.000000 0.000000
vn 1.000000 0.000000 0.000000
vn 0.000000 1.000000 0.000000
vn 0.000000 1.000000 0.000000
vn 0.000000 1.000000 0.000000
vn 0.000000 1.000000 0.000000
vn -1.000000 0.000000 0.000000
vn -1.000000 0.000000 0.000000
vn -1.000000 0.000000 0.000000
vn -1.000000 0.000000 0.000000
vn 0.000000 1.000000 0.000000
vn 0.000000 1.000000 0.000000
vn 0.000000 1.000000 0.000000
vn 0.000000 1.000000 0.000000
vn 1.000000 0.000000 0.000000
vn 1.000000 0.000000 0.000000
vn 1.000000 0.000000 0.000000
vn 1.000000 0.000000 0.000000
vn 0.000000 -1.000000 0.000000
vn 0.000000 -1.000000 0.000000
vn 0.000000 -1.000000 0.000000
vn 0.000000 -1.000000 0.000000
vn -1.000000 -0.000000 0.000000
vn -1.000000 -0.000000 0.000000
vn -1.000000 -0.000000 0.000000
vn -1.000000 -0.000000 0.000000
vn -1.000000 0.000000 0.000000
vn -1.000000 0.000000 0.000000
vn -1.000000 0.000000 0.000000
vn -1.000000 0.000000 0.000000
vn -1.000000 0.000001 0.000000
vn -1.000000 0.000001 0.000000
vn -1.000000 0.000001 0.000000
vn -1.000000 0.000001 0.000000
vn -1.000000 0.000000 0.000000
vn -1.000000 0.000000 0.000000
vn -1.000000 0.000000 0.000000
vn -1.000000 0.000000 0.000000
vn -1.000000 0.000000 0.000000
vn -1.000000 0.000000 0.000000
vn -1.000000 0.000000 0.000000
vn -1.000000 0.000000 0.000000
vn -1.000000 0.000000 0.000000
vn -1.000000 0.000000 0.000000
vn -1.000000 0.000001 0.000000
vn -1.000000 0.000001 0.000000
vn -1.000000 0.000000 0.000000
vn -1.000000 0.000000 0.000000
vn -1.000000 0.000000 0.000000
vn -1.000000 0.000000 0.000000
vn -1.000000 0.000000 0.000000
vn -1.000000 0.000000 0.000000
vn -1.000000 0.000000 0.000000
vn -1.000000 0.000000 0.000000
vn -1.000000 0.000000 0.000000
vn -1.000000 0.000000 0.000000
vn -1.000000 0.000000 0.000000
vn -1.000000 0.000000 0.000000
vn -1.000000 -0.000000 0.000000
vn -1.000000 -0.000000 0.000000
vn -1.000000 -0.000001 0.000000
vn -1.000000 -0.000001 0.000000
vn -1.000000 0.000000 0.000000
vn -1.000000 0.000000 0.000000
vn -1.000000 0.000000 0.000000
vn -1.000000 0.000000 0.000000
vn -1.000000 0.000001 0.000000
vn -1.000000 0.000000 0.000000
vn -1.000000 0.000001 0.000000
vn -1.000000 0.000001 0.000000
vn 0.000000 0.000000 -1.000000
vn 0.000000 0.000000 -1.000000
vn 0.000000 0.000000 -1.000000
vn 0.000000 0.000000 -1.000000
vn 0.000000 -1.000000 0.000000
vn 0.000000 -1.000000 0.000000
vn 0.000000 -1.000000 0.000000
vn 0.000000 -1.000000 0.000000
vn 0.000000 0.000000 1.000000
vn 0.000000 0.000000 1.000000
vn 0.000000 0.000000 1.000000
vn 0.000000 0.000000 1.000000
vn 0.000000 1.000000 0.000000
vn 0.000000 1.000000 0.000000
vn 0.000000 1.000000 0.000000
vn 0.000000 1.000000 0.000000
vn 0.000000 -1.000000 0.000000
vn 0.000000 -1.000000 0.000000
vn 0.000000 -1.000000 0.000000
vn 0.000000 -1.000000 0.000000
vn 0.000000 0.000000 1.000000
vn 0.000000 0.000000 1.000000
vn 0.000000 0.000000 1.000000
vn 0.000000 0.000000 1.000000
vn 0.000000 1.000000 0.000000
vn 0.000000 1.000000 0.000000
vn 0.000000 1.000000 0.000000
vn 0.000000 1.000000 0.000000
vn 0.000000 0.000000 -1.000000
vn 0.000000 0.000000 -1.000000
vn 0.000000 0.000000 -1.000000
vn 0.000000 0.000000 -1.000000
vn 0.000000 0.000000 -1.000000
vn 0.000000 0.000000 -1.000000
vn 0.000000 0.000000 -1.000000
vn 0.000000 0.000000 -1.000000
vn 0.000000 -1.000000 0.000000
vn 0.000000 -1.000000 0.000000
vn 0.000000 -1.000000 0.000000
vn 0.000000 -1.000000 0.000000
vn 0.000000 0.000000 1.000000
vn 0.000000 0.000000 1.000000
vn 0.000000 0.000000 1.000000
vn 0.000000 0.000000 1.000000
vn 0.000000 1.000000 0.000000
vn 0.000000 1.000000 0.000000
vn 0.000000 1.000000 0.000000
vn 0.000000 1.000000 0.000000
vn -1.000000 0.000000 0.000000
vn -1.000000 0.000000 0.000000
vn -1.000000 0.000000 0.000000
vn -1.000000 0.000000 0.000000
vn 0.000000 0.000000 1.000000
vn 0.000000 0.000000 1.000000
vn 0.000000 0.000000 1.000000
vn 0.000000 0.000000 1.000000
vn -1.000000 0.000000 0.000000
vn -1.000000 0.000000 0.000000
vn -1.000000 0.000000 0.000000
vn -1.000000 0.000000 0.000000
vn 0.000000 0.000000 -1.000000
vn 0.000000 0.000000 -1.000000
vn 0.000000 0.000000 -1.000000
vn 0.000000 0.000000 -1.000000
vn -1.000000 0.000000 0.000000
vn -1.000000 0.000000 0.000000
vn -1.000000 0.000000 0.000000
vn -1.000000 0.000000 0.000000
vn -1.000000 0.000000 0.000000
vn -1.000000 0.000000 0.000000
vn -1.000000 0.000000 0.000000
vn -1.000000 0.000000 0.000000
vn 0.000000 0.000000 1.000000
vn 0.000000 0.000000 1.000000
vn 0.000000 0.000000 1.000000
vn 0.000000 0.000000 1.000000
vn -1.000000 0.000000 0.000000
vn -1.000000 0.000000 0.000000
vn -1.000000 0.000000 0.000000
vn -1.000000 0.000000 0.000000
vn 0.000000 0.000000 -1.000000
vn 0.000000 0.000000 -1.000000
vn 0.000000 0.000000 -1.000000
vn 0.000000 0.000000 -1.000000
vn -1.000000 0.000000 0.000000
vn -1.000000 0.000000 0.000000
vn -1.000000 0.000000 0.000000
vn -1.000000 0.000000 0.000000
vn -1.000000 0.000000 0.000000
vn -1.000000 0.000000 0.000000
vn -1.000000 0.000000 0.000000
vn -1.000000 0.000000 0.000000
vn 0.000000 0.000000 1.000000
vn 0.000000 0.000000 1.000000
vn 0.000000 0.000000 1.000000
vn 0.000000 0.000000 1.000000
vn -1.000000 0.000000 0.000000
vn -1.000000 0.000000 0.000000
vn -1.000000 0.000000 0.000000
vn -1.000000 0.000000 0.000000
vn 0.000000 0.000000 -1.000000
vn 0.000000 0.000000 -1.000000
vn 0.000000 0.000000 -1.000000
vn 0.000000 0.000000 -1.000000
vn -1.000000 0.000000 0.000000
vn -1.000000 0.000000 0.000000
vn -1.000000 0.000000 0.000000
vn -1.000000 0.000000 0.000000
vn 0.000000 0.000000 -1.000000
vn 0.000000 0.000000 -1.000000
vn 0.000000 0.000000 -1.000000
vn 0.000000 0.000000 -1.000000
vn 1.000000 0.000000 0.000000
vn 1.000000 0.000000 0.000000
vn 1.000000 0.000000 0.000000
vn 1.000000 0.000000 0.000000
vn 1.000000 0.000000 0.000000
vn 1.000000 0.000000 0.000000
vn 1.000000 0.000000 0.000000
vn 1.000000 0.000000 0.000000
vn 1.000000 0.000000 0.000000
vn 1.000000 0.000000 0.000000
vn 1.000000 0.000000 0.000000
vn 1.000000 0.000000 0.000000
vn 0.000000 0.000000 1.000000
vn 0.000000 0.000000 1.000000
vn 0.000000 0.000000 1.000000
vn 0.000000 0.000000 1.000000
vn -1.000000 0.000000 0.000000
vn -1.000000 0.000000 0.000000
vn -1.000000 0.000000 0.000000
vn -1.000000 0.000000 0.000000
vn -1.000000 -0.000001 0.000000
vn -1.000000 -0.000001 0.000000
vn 0.000000 -1.000000 0.000000
vn 0.000000 -1.000000 0.000000
vn -1.000000 0.000000 0.000000
vn -1.000000 0.000000 0.000000
vn -1.000000 0.000000 0.000000
vn -1.000000 0.000000 0.000000
vn -1.000000 0.000000 0.000000
vn -1.000000 0.000000 0.000000
vn -1.000000 0.000000 0.000000
vn -1.000000 0.000000 0.000000
vn 0.000000 1.000000 0.000000
vn 0.000000 1.000000 0.000000
vn -1.000000 0.000001 0.000000
vn -1.000000 0.000001 0.000000
vn 0.000000 1.000000 0.000000
vn 0.000000 1.000000 0.000000
vn 1.000000 0.000000 0.000000
vn 1.000000 0.000000 0.000000
vn 1.000000 0.000000 0.000000
vn 1.000000 0.000000 0.000000
vn 0.000000 -1.000000 0.000000
vn 0.000000 -1.000000 0.000000
vn -1.000000 0.000000 0.000000
vn -1.000000 0.000000 0.000000
vn 0.000000 1.000000 0.000000
vn 0.000000 1.000000 0.000000
vn -1.000000 0.000000 0.000000
vn -1.000000 0.000000 0.000000
vn -1.000000 0.000000 0.000000
vn -1.000000 0.000000 0.000000
vn 0.000000 -1.000000 0.000000
vn 0.000000 -1.000000 0.000000
vn -1.000000 0.000000 0.000000
vn -1.000000 0.000000 0.000000
vn -1.000000 0.000000 0.000000
vn -1.000000 0.000000 0.000000
vn 0.000000 1.000000 0.000000
vn 0.000000 1.000000 0.000000
vn -1.000000 0.000000 0.000000
vn -1.000000 0.000000 0.000000
vn -1.000000 0.000000 0.000000
vn -1.000000 0.000000 0.000000
vn -1.000000 0.000000 0.000000
vn -1.000000 0.000000 0.000000
vn -1.000000 0.000000 0.000000
vn -1.000000 0.000000 0.000000
vn 0.000000 -1.000000 0.000000
vn 0.000000 -1.000000 0.000000
vn -1.000000 0.000000 0.000000
vn -1.000000 0.000000 0.000000
vn 0.000000 1.000000 0.000000
vn 0.000000 1.000000 0.000000
vn 0.000000 1.000000 0.000000
vn 0.000000 1.000000 0.000000
vn 0.000000 0.000000 -1.000000
vn 0.000000 0.000000 -1.000000
vn 0.000000 0.000000 -1.000000
vn 0.000000 0.000000 -1.000000
vn 0.000000 -1.000000 0.000000
vn 0.000000 -1.000000 0.000000
vn 0.000000 -1.000000 0.000000
vn 0.000000 -1.000000 0.000000
vn 0.000000 0.000000 1.000000
vn 0.000000 0.000000 1.000000
vn 0.000000 0.000000 1.000000
vn 0.000000 0.000000 1.000000
vn 0.000000 0.000000 -1.000000
vn 0.000000 0.000000 -1.000000
vn 0.000000 0.000000 -1.000000
vn 0.000000 0.000000 -1.000000
vn 0.000000 -1.000000 0.000000
vn 0.000000 -1.000000 0.000000
vn 0.000000 -1.000000 0.000000
vn 0.000000 -1.000000 0.000000
vn 0.000000 0.000000 1.000000
vn 0.000000 0.000000 1.000000
vn 0.000000 0.000000 1.000000
vn 0.000000 0.000000 1.000000
vn 0.000000 1.000000 0.000000
vn 0.000000 1.000000 0.000000
vn 0.000000 1.000000 0.000000
vn 0.000000 1.000000 0.000000
vn 0.000000 0.000000 1.000000
vn 0.000000 0.000000 1.000000
vn 0.000000 0.000000 1.000000
vn 0.000000 0.000000 1.000000
vn 0.000000 1.000000 0.000000
vn 0.000000 1.000000 0.000000
vn 0.000000 1.000000 0.000000
vn 0.000000 1.000000 0.000000
vn 0.000000 0.000000 -1.000000
vn 0.000000 0.000000 -1.000000
vn 0.000000 0.000000 -1.000000
vn 0.000000 0.000000 -1.000000
vn 0.000000 -1.000000 0.000000
vn 0.000000 -1.000000 0.000000
vn 0.000000 -1.000000 0.000000
vn 0.000000 -1.000000 0.000000
s 1
g pCube67
usemtl initialShadingGroup
f 1/1/1 2/2/2 80/98/3 61/77/4
s 2
f 3/3/5 4/4/6 116/145/7 105/132/8
s 3
f 76/93/9 77/94/10 8/8/11 7/7/12
s 4
f 112/140/13 113/141/14 2/10/15 1/9/16
s 5
f 2/2/17 113/142/18 114/143/19 80/98/20
s 6
f 63/79/21 109/136/22 110/137/23 31/45/24
s 7
f 33/47/25 83/102/26 84/103/27 74/90/28
s 4
f 7/7/29 8/8/30 92/113/31 81/100/32
s 5
f 77/95/33 91/112/34 92/114/35 8/11/36
s 2
f 88/108/37 89/109/38 6/6/39 5/5/40
s 11
f 68/84/41 97/120/42 98/121/43 39/53/44
s 2
f 9/16/45 12/21/46 104/129/47 93/116/48
s 5
f 101/126/49 102/127/50 79/97/51 11/20/52
s 4
f 100/124/53 101/125/54 11/19/55 10/18/56
s 14
f 7/13/57 81/99/58 82/101/59 17/31/60
s 15
f 13/23/61 71/87/62 72/88/63 18/32/64
s 16
f 87/106/65 88/107/66 5/14/67 20/34/68
s 17
f 75/91/69 76/92/70 7/13/71 17/31/72
s 18
f 70/86/73 71/87/74 13/23/75 21/36/76
s 19
f 99/122/77 100/123/78 10/17/79 23/37/80
s 20
f 10/17/81 66/82/82 67/83/83 23/37/84
s 21
f 9/15/85 93/115/86 94/117/87 24/38/88
s 22
f 65/81/89 66/82/90 10/17/91 26/40/92
s 23
f 111/138/93 112/139/94 1/1/95 27/41/96
s 24
f 1/1/97 61/77/98 62/78/99 27/41/100
s 25
f 3/3/101 105/131/102 106/133/103 28/42/104
s 26
f 64/80/105 65/81/106 26/40/107 30/44/108
s 27
f 110/137/109 111/138/110 27/41/111 31/45/112
s 28
f 27/41/113 62/78/114 63/79/115 31/45/116
s 29
f 28/42/117 106/133/118 107/134/119 32/46/120
s 30
f 17/31/121 82/101/122 83/102/123 33/47/124
s 31
f 18/32/125 72/88/126 73/89/127 34/48/128
s 32
f 86/105/129 87/106/130 20/34/131 36/50/132
s 33
f 74/90/133 75/91/134 17/31/135 33/47/136
s 34
f 69/85/137 70/86/138 21/36/139 37/52/140
s 35
f 98/121/141 99/122/142 23/37/143 39/53/144
s 36
f 23/37/145 67/83/146 68/84/147 39/53/148
s 37
f 24/38/149 94/117/150 95/118/151 40/54/152
s 24
f 42/56/153 41/55/154 3/3/155 28/42/156
s 28
f 43/57/157 42/56/158 28/42/159 32/46/160
s 6
f 107/134/161 108/135/162 43/57/163 32/46/164
s 26
f 25/39/165 45/59/166 44/58/167 29/43/168
s 22
f 9/15/169 46/60/170 45/59/171 25/39/172
s 20
f 47/61/173 46/60/174 9/15/175 24/38/176
s 36
f 48/62/177 47/61/178 24/38/179 40/54/180
s 11
f 95/118/181 96/119/182 48/62/183 40/54/184
s 34
f 22/35/185 50/64/186 49/63/187 38/51/188
s 18
f 14/25/189 51/65/190 50/64/191 22/35/192
s 15
f 52/66/193 51/65/194 14/25/195 19/33/196
s 31
f 53/67/197 52/66/198 19/33/199 35/49/200
s 7
f 54/68/201 85/104/202 86/105/203 36/50/204
s 33
f 20/34/205 55/69/206 54/68/207 36/50/208
s 17
f 5/14/209 56/70/210 55/69/211 20/34/212
s 3
f 5/5/213 6/6/214 57/72/215 56/71/216
s 5
f 89/110/217 90/111/218 57/73/219 6/12/220
f 12/22/221 59/75/222 103/128/223 104/130/224
f 60/76/225 115/144/226 116/146/227 4/4/228
s 1
f 41/55/229 60/76/230 4/4/231 3/3/232
s 24
f 62/78/99 61/77/98 41/55/154 42/56/153
s 28
f 63/79/115 62/78/114 42/56/158 43/57/157
s 6
f 43/57/163 108/135/162 109/136/22 63/79/21
s 26
f 44/58/167 45/59/166 65/81/106 64/80/105
s 22
f 45/59/171 46/60/170 66/82/90 65/81/89
s 20
f 67/83/83 66/82/82 46/60/174 47/61/173
s 36
f 68/84/147 67/83/146 47/61/178 48/62/177
s off
f 117/147/233 118/148/234 119/149/235 120/150/236
s 34
f 49/63/187 50/64/186 70/86/138 69/85/137
s 18
f 50/64/191 51/65/190 71/87/74 70/86/73
s 15
f 72/88/63 71/87/62 51/65/194 52/66/193
s 31
f 73/89/127 72/88/126 52/66/198 53/67/197
s 7
f 74/90/28 84/103/27 85/104/202 54/68/201
s 33
f 54/68/207 55/69/206 75/91/134 74/90/133
s 17
f 55/69/211 56/70/210 76/92/70 75/91/69
s 3
f 56/71/216 57/72/215 77/94/10 76/93/9
s 5
f 57/73/219 90/111/218 91/112/34 77/95/33
f 102/127/50 103/128/223 59/75/222 79/97/51
f 80/98/20 114/143/19 115/144/226 60/76/225
s 1
f 61/77/4 80/98/3 60/76/230 41/55/229
s 14
f 82/101/59 81/99/58 13/23/237 18/32/238
s 30
f 83/102/123 82/101/122 18/32/239 34/48/240
s 7
f 84/103/27 83/102/26 34/48/241 73/89/242
s off
f 122/151/243 121/152/244 123/153/245 124/154/246
s 7
f 86/105/203 85/104/202 53/67/247 35/49/248
s 32
f 19/33/249 87/106/130 86/105/129 35/49/250
s 16
f 14/25/251 88/107/66 87/106/65 19/33/252
s 2
f 14/26/253 15/27/254 89/109/38 88/108/37
s 5
f 15/28/255 58/74/256 90/111/218 89/110/217
f 91/112/34 90/111/218 58/74/256 78/96/257
f 92/114/35 91/112/34 78/96/257 16/30/258
s 4
f 81/100/32 92/113/31 16/29/259 13/24/260
s 21
f 94/117/87 93/115/86 14/25/261 22/35/262
s 37
f 95/118/151 94/117/150 22/35/263 38/51/264
s 11
f 38/51/265 49/63/266 96/119/182 95/118/181
f 97/120/42 96/119/182 49/63/266 69/85/267
f 98/121/43 97/120/42 69/85/267 37/52/268
s 35
f 21/36/269 99/122/142 98/121/141 37/52/270
s 19
f 13/23/271 100/123/78 99/122/77 21/36/272
s 4
f 13/24/260 16/29/259 101/125/54 100/124/53
s 5
f 78/96/257 102/127/50 101/126/49 16/30/258
f 58/74/256 103/128/223 102/127/50 78/96/257
f 104/130/224 103/128/223 58/74/256 15/28/255
s 2
f 93/116/48 104/129/47 15/27/254 14/26/253
s 25
f 106/133/103 105/131/102 9/15/273 25/39/274
s 29
f 107/134/119 106/133/118 25/39/275 29/43/276
s 6
f 29/43/277 44/58/278 108/135/162 107/134/161
s off
f 126/155/279 125/156/280 127/157/281 128/158/282
s 6
f 110/137/23 109/136/22 64/80/283 30/44/284
s 27
f 26/40/285 111/138/110 110/137/109 30/44/286
s 23
f 10/17/287 112/139/94 111/138/93 26/40/288
s 4
f 10/18/56 11/19/55 113/141/14 112/140/13
s 5
f 114/143/19 113/142/18 11/20/52 79/97/51
f 115/144/226 114/143/19 79/97/51 59/75/222
f 116/146/227 115/144/226 59/75/222 12/22/221
s 2
f 105/132/8 116/145/7 12/21/46 9/16/45
s off
f 48/62/289 96/119/290 118/148/291 117/147/292
f 96/119/293 97/120/294 119/149/295 118/148/296
f 97/120/297 68/84/298 120/150/299 119/149/300
f 68/84/301 48/62/302 117/147/303 120/150/304
f 85/104/305 84/103/306 121/152/307 122/151/308
f 84/103/309 73/89/310 123/153/311 121/152/312
f 73/89/313 53/67/314 124/154/315 123/153/316
f 53/67/317 85/104/318 122/151/319 124/154/320
f 109/136/321 108/135/322 125/156/323 126/155/324
f 108/135/325 44/58/326 127/157/327 125/156/328
f 44/58/329 64/80/330 128/158/331 127/157/332
f 64/80/333 109/136/334 126/155/335 128/158/336
g default
v 57.269217 0.483835 -23.093296
v 59.113837 0.483835 -23.093296
v 57.269217 2.513133 -23.093296
v 59.113837 2.513133 -23.093296
v 57.269217 2.513133 -32.355026
v 59.113837 2.513133 -32.355026
v 57.269217 0.483835 -32.355026
v 59.113837 0.483835 -32.355026
v 57.269217 2.513133 -29.115532
v 57.269217 0.483835 -29.115532
v 59.113837 0.483835 -29.115532
v 59.113837 2.513133 -29.115532
v 57.269217 2.513133 -27.237848
v 57.269217 0.483835 -27.237848
v 59.113837 0.483835 -27.237848
v 59.113837 2.513133 -27.237848
v 57.269217 2.513133 -25.037902
v 57.269217 0.483835 -25.037902
v 59.113837 0.483835 -25.037902
v 59.113837 2.513133 -25.037902
v 57.269217 1.590243 -23.093296
v 57.269217 1.590243 -25.037902
v 57.269217 1.590243 -27.237848
v 57.269217 1.590243 -29.115532
v 57.269217 1.590243 -32.355026
v 59.113837 1.590243 -32.355026
v 59.113837 1.590243 -29.115532
v 59.113837 1.590243 -27.237848
v 59.113837 1.590243 -25.037902
v 59.113837 1.590243 -23.093296
v 57.269217 2.434390 -29.033397
v 57.269217 1.668986 -29.033397
v 57.269217 1.668986 -27.319982
v 57.269217 2.434390 -27.319982
v 57.269217 1.483132 -27.328874
v 57.269217 1.483131 -29.024505
v 57.269217 0.590947 -29.024505
v 57.269217 0.590947 -27.328874
v 57.189196 1.483132 -27.328874
v 57.189196 1.483131 -29.024505
v 57.189196 0.590947 -29.024505
v 57.189196 0.590947 -27.328874
v 57.189196 2.434390 -29.033397
v 57.189196 1.668986 -29.033397
v 57.189196 1.668986 -27.319982
v 57.189196 2.434390 -27.319982
v 57.269217 2.463694 -27.119999
v 57.269217 1.639682 -27.119999
v 57.269217 1.639682 -25.155752
v 57.269217 2.463694 -25.155752
v 57.269217 1.527005 -25.163644
v 57.269217 1.527005 -27.112106
v 57.269217 0.547074 -27.112106
v 57.269217 0.547074 -25.163644
v 57.181491 1.527005 -25.163644
v 57.181491 1.527005 -27.112106
v 57.181491 0.547074 -27.112106
v 57.181491 0.547074 -25.163644
v 57.181491 2.463694 -27.119999
v 57.181491 1.639682 -27.119999
v 57.181491 1.639682 -25.155752
v 57.181491 2.463694 -25.155752
v 57.269217 1.521362 -23.214359
v 57.269217 1.521362 -24.916839
v 57.269217 0.552716 -24.916839
v 57.269217 0.552716 -23.214359
v 58.630896 1.521362 -23.214359
v 58.630896 1.521362 -24.916839
v 58.630896 0.552716 -24.916839
v 58.630896 0.552716 -23.214359
v 58.748248 1.994319 -29.796424
v 57.351340 1.994319 -29.796424
v 58.748248 1.994319 -31.674133
v 57.351340 1.994319 -31.674133
v 58.800124 2.513133 -29.744548
v 58.748248 2.461256 -29.796424
v 57.299464 2.513133 -29.744548
v 57.351340 2.461256 -29.796424
v 58.800124 2.513133 -31.726009
v 58.748248 2.461256 -31.674133
v 57.299464 2.513133 -31.726009
v 57.351340 2.461256 -31.674133
v 57.269217 0.597275 -31.684713
v 57.269217 0.597275 -29.785844
v 57.269217 1.419818 -29.785844
v 57.269217 1.419818 -31.684713
v 57.269217 2.105927 -29.785844
v 57.269217 2.105927 -31.684711
v 57.224795 0.597275 -31.684713
v 57.224795 0.597275 -29.785844
v 57.224795 1.419818 -29.785844
v 57.224795 1.419818 -31.684713
v 57.224795 2.105927 -29.785844
v 57.224795 2.105927 -31.684711
v 57.269217 0.483835 -27.944736
v 57.269217 0.590947 -27.967226
v 57.189196 0.590947 -27.967226
v 57.189196 1.483131 -27.967226
v 57.269217 1.483131 -27.967226
v 57.269217 1.590243 -27.944736
v 57.269217 1.668986 -27.965028
v 57.189196 1.668986 -27.965028
v 57.189196 2.434390 -27.965028
v 57.269217 2.434390 -27.965028
v 57.269217 2.513133 -27.944736
v 59.113837 2.513133 -27.944736
v 59.113837 1.590243 -27.944736
v 59.113837 0.483835 -27.944736
v 57.269217 0.483835 -28.321102
v 57.269217 0.590947 -28.307100
v 57.189196 0.590947 -28.307100
v 57.189196 1.483131 -28.307100
v 57.269217 1.483131 -28.307100
v 57.269217 1.590243 -28.321102
v 57.269217 1.668986 -28.308467
v 57.189196 1.668986 -28.308467
v 57.189196 2.434390 -28.308467
v 57.269217 2.434390 -28.308467
v 57.269217 2.513133 -28.321102
v 59.113837 2.513133 -28.321102
v 59.113837 1.590243 -28.321102
v 59.113837 0.483835 -28.321102
v 57.269217 2.346628 -32.355026
v 57.269217 1.982141 -31.684711
v 57.224795 1.982141 -31.684711
v 57.224795 1.982141 -29.785844
v 57.269217 1.982141 -29.785844
v 57.269217 2.346628 -29.115532
v 57.269217 2.296298 -29.033397
v 57.189196 2.296298 -29.033397
v 57.189196 2.296298 -28.308467
v 57.189196 2.296298 -27.965028
v 57.189196 2.296298 -27.319982
v 57.269217 2.296298 -27.319982
v 57.269217 2.346628 -27.237848
v 57.269217 2.315028 -27.119999
v 57.181491 2.315028 -27.119999
v 57.181491 2.315028 -25.155752
v 57.269217 2.315028 -25.155752
v 57.269217 2.346628 -25.037902
v 57.269217 2.346627 -23.093296
v 59.113837 2.346628 -23.093296
v 59.113837 2.346628 -25.037902
v 59.113837 2.346628 -27.237848
v 59.113837 2.346628 -27.944736
v 59.113837 2.346628 -28.321102
v 59.113837 2.346628 -29.115532
v 59.113837 2.346628 -32.355026
v 57.269217 1.385155 -23.093296
v 57.269217 1.341810 -23.214359
v 58.630896 1.341810 -23.214359
v 58.630896 1.341810 -24.916839
v 57.269217 1.341810 -24.916839
v 57.269217 1.385155 -25.037902
v 57.269217 1.345361 -25.163644
v 57.181491 1.345361 -25.163644
v 57.181491 1.345361 -27.112106
v 57.269217 1.345361 -27.112106
v 57.269217 1.385155 -27.237848
v 57.269217 1.317753 -27.328874
v 57.189196 1.317753 -27.328874
v 57.189196 1.317753 -27.967226
v 57.189196 1.317753 -28.307100
v 57.189196 1.317753 -29.024505
v 57.269217 1.317753 -29.024505
v 57.269217 1.385155 -29.115532
v 57.269217 1.267348 -29.785844
v 57.224795 1.267348 -29.785844
v 57.224795 1.267348 -31.684713
v 57.269217 1.267348 -31.684713
v 57.269217 1.385155 -32.355026
v 59.113837 1.385155 -32.355026
v 59.113837 1.385155 -29.115532
v 59.113837 1.385155 -28.321102
v 59.113837 1.385155 -27.944736
v 59.113837 1.385155 -27.237848
v 59.113837 1.385155 -25.037902
v 59.113837 1.385155 -23.093296
v 57.269217 0.483835 -25.875576
v 57.269217 0.547074 -25.905559
v 57.181491 0.547074 -25.905559
v 57.181491 1.345361 -25.905559
v 57.181491 1.527005 -25.905559
v 57.269217 1.527005 -25.905559
v 57.269217 1.590243 -25.875576
v 57.269217 1.639682 -25.903679
v 57.181491 1.639682 -25.903679
v 57.181491 2.315028 -25.903679
v 57.181491 2.463694 -25.903679
v 57.269217 2.463694 -25.903679
v 57.269217 2.513133 -25.875576
v 59.113837 2.513133 -25.875576
v 59.113837 2.346628 -25.875576
v 59.113837 1.590243 -25.875576
v 59.113837 1.385155 -25.875576
v 59.113837 0.483835 -25.875576
v 57.269217 0.483835 -26.355033
v 57.269217 0.547074 -26.330209
v 57.181491 0.547074 -26.330209
v 57.181491 1.345361 -26.330209
v 57.181491 1.527005 -26.330209
v 57.269217 1.527005 -26.330209
v 57.269217 1.590243 -26.355033
v 57.269217 1.639682 -26.331768
v 57.181491 1.639682 -26.331768
v 57.181491 2.315028 -26.331768
v 57.181491 2.463694 -26.331768
v 57.269217 2.463694 -26.331768
v 57.269217 2.513133 -26.355033
v 59.113837 2.513133 -26.355033
v 59.113837 2.346628 -26.355033
v 59.113837 1.590243 -26.355033
v 59.113837 1.385155 -26.355033
v 59.113837 0.483835 -26.355033
v 57.269217 2.162425 -23.093296
v 57.269217 2.162425 -25.037902
v 57.269217 2.150561 -25.155752
v 57.181491 2.150561 -25.155752
v 57.181491 2.150561 -25.903679
v 57.181491 2.150561 -26.331768
v 57.181491 2.150561 -27.119999
v 57.269217 2.150561 -27.119999
v 57.269217 2.162425 -27.237848
v 57.269217 2.143528 -27.319982
v 57.189196 2.143528 -27.319982
v 57.189196 2.143528 -27.965028
v 57.189196 2.143528 -28.308467
v 57.189196 2.143528 -29.033397
v 57.269217 2.143528 -29.033397
v 57.269217 2.162425 -29.115532
v 57.269217 1.845198 -29.785844
v 57.224795 1.845198 -29.785844
v 57.224795 1.845199 -31.684711
v 57.269217 1.845199 -31.684711
v 57.269217 2.162425 -32.355026
v 59.113837 2.162425 -32.355026
v 59.113837 2.162425 -29.115532
v 59.113837 2.162425 -28.321102
v 59.113837 2.162425 -27.944736
v 59.113837 2.162426 -27.237848
v 59.113837 2.162426 -26.355033
v 59.113837 2.162426 -25.875576
v 59.113837 2.162426 -25.037902
v 59.113837 2.162425 -23.093296
v 57.269217 1.220513 -23.093296
v 57.269217 1.197668 -23.214359
v 58.630896 1.197668 -23.214359
v 58.630896 1.197669 -24.916839
v 57.269217 1.197669 -24.916839
v 57.269217 1.220514 -25.037902
v 57.269217 1.199540 -25.163644
v 57.181491 1.199540 -25.163644
v 57.181491 1.199540 -25.905559
v 57.181491 1.199540 -26.330209
v 57.181491 1.199540 -27.112106
v 57.269217 1.199540 -27.112106
v 57.269217 1.220514 -27.237848
v 57.269217 1.184989 -27.328874
v 57.189196 1.184989 -27.328874
v 57.189196 1.184989 -27.967226
v 57.189196 1.184989 -28.307100
v 57.189196 1.184989 -29.024505
v 57.269217 1.184989 -29.024505
v 57.269217 1.220513 -29.115532
v 57.269217 1.144947 -29.785844
v 57.224795 1.144947 -29.785844
v 57.224795 1.144948 -31.684713
v 57.269217 1.144948 -31.684713
v 57.269217 1.220513 -32.355026
v 59.113837 1.220513 -32.355026
v 59.113837 1.220513 -29.115532
v 59.113837 1.220513 -28.321102
v 59.113837 1.220513 -27.944736
v 59.113837 1.220513 -27.237848
v 59.113837 1.220513 -26.355033
v 59.113837 1.220513 -25.875576
v 59.113837 1.220513 -25.037902
v 59.113837 1.220513 -23.093296
v 57.096491 2.150561 -25.903679
v 57.096491 2.150561 -26.331768
v 57.096491 2.315028 -25.903679
v 57.096491 2.315028 -26.331768
v 57.104197 2.296298 -28.308467
v 57.104197 2.296298 -27.965028
v 57.104197 2.143528 -28.308467
v 57.104197 2.143528 -27.965028
v 57.096491 1.199540 -25.905559
v 57.096491 1.199540 -26.330209
v 57.096491 1.345361 -25.905559
v 57.096491 1.345361 -26.330209
v 57.104197 1.184989 -27.967226
v 57.104197 1.184989 -28.307100
v 57.104197 1.317753 -27.967226
v 57.104197 1.317753 -28.307100
vt 0.375000 0.000000
vt 0.625000 0.000000
vt 0.375000 0.250000
vt 0.625000 0.250000
vt 0.375000 0.750000
vt 0.625000 0.750000
vt 0.375000 1.000000
vt 0.625000 1.000000
vt 0.875000 0.000000
vt 0.875000 0.250000
vt 0.125000 0.000000
vt 0.125000 0.250000
vt 0.212443 0.250000
vt 0.212443 0.000000
vt 0.375000 0.837443
vt 0.625000 0.837443
vt 0.787557 0.000000
vt 0.787557 0.250000
vt 0.263127 0.250000
vt 0.375000 0.361873
vt 0.263127 0.000000
vt 0.375000 0.888127
vt 0.625000 0.888127
vt 0.736873 0.000000
vt 0.625000 0.361873
vt 0.736873 0.250000
vt 0.322510 0.250000
vt 0.375000 0.302490
vt 0.322510 0.000000
vt 0.375000 0.947510
vt 0.625000 0.947510
vt 0.677490 0.000000
vt 0.625000 0.302490
vt 0.677490 0.250000
vt 0.375000 0.136304
vt 0.322510 0.136304
vt 0.263127 0.136304
vt 0.212443 0.136304
vt 0.125000 0.136304
vt 0.375000 0.613696
vt 0.625000 0.613696
vt 0.875000 0.136304
vt 0.787557 0.136304
vt 0.736873 0.136304
vt 0.677490 0.136304
vt 0.625000 0.136304
vt 0.212443 0.250000
vt 0.212443 0.136304
vt 0.263127 0.136304
vt 0.263127 0.250000
vt 0.263127 0.136304
vt 0.212443 0.136304
vt 0.212443 0.000000
vt 0.263127 0.000000
vt 0.263127 0.136304
vt 0.212443 0.136304
vt 0.212443 0.000000
vt 0.263127 0.000000
vt 0.212443 0.250000
vt 0.212443 0.136304
vt 0.263127 0.136304
vt 0.263127 0.250000
vt 0.263127 0.250000
vt 0.263127 0.136304
vt 0.322510 0.136304
vt 0.322510 0.250000
vt 0.322510 0.136304
vt 0.263127 0.136304
vt 0.263127 0.000000
vt 0.322510 0.000000
vt 0.322510 0.136304
vt 0.263127 0.136304
vt 0.263127 0.000000
vt 0.322510 0.000000
vt 0.263127 0.250000
vt 0.263127 0.136304
vt 0.322510 0.136304
vt 0.322510 0.250000
vt 0.375000 0.136304
vt 0.322510 0.136304
vt 0.322510 0.000000
vt 0.375000 0.000000
vt 0.375000 0.136304
vt 0.322510 0.136304
vt 0.322510 0.000000
vt 0.375000 0.000000
vt 0.625000 0.412557
vt 0.375000 0.430171
vt 0.625000 0.500000
vt 0.625000 0.413765
vt 0.375000 0.500000
vt 0.625000 0.497916
vt 0.375000 0.412557
vt 0.375000 0.489790
vt 0.625000 0.412557
vt 0.375000 0.412557
vt 0.625000 0.500000
vt 0.625000 0.412557
vt 0.375000 0.500000
vt 0.625000 0.500000
vt 0.375000 0.412557
vt 0.375000 0.500000
vt 0.125000 0.000000
vt 0.212443 0.000000
vt 0.212443 0.136304
vt 0.125000 0.136304
vt 0.212443 0.250000
vt 0.125000 0.250000
vt 0.125000 0.000000
vt 0.212443 0.000000
vt 0.212443 0.136304
vt 0.125000 0.136304
vt 0.212443 0.250000
vt 0.125000 0.250000
vt 0.244046 0.000000
vt 0.375000 0.869046
vt 0.244046 0.000000
vt 0.244046 0.000000
vt 0.244046 0.136304
vt 0.244046 0.136304
vt 0.244046 0.136304
vt 0.244046 0.136304
vt 0.244046 0.136304
vt 0.244046 0.250000
vt 0.244046 0.250000
vt 0.244046 0.250000
vt 0.375000 0.380954
vt 0.625000 0.380954
vt 0.755954 0.250000
vt 0.755954 0.136304
vt 0.625000 0.869046
vt 0.755954 0.000000
vt 0.233887 0.000000
vt 0.375000 0.858887
vt 0.233887 0.000000
vt 0.233887 0.000000
vt 0.233887 0.136304
vt 0.233887 0.136304
vt 0.233887 0.136304
vt 0.233887 0.136304
vt 0.233887 0.136304
vt 0.233887 0.250000
vt 0.233887 0.250000
vt 0.233887 0.250000
vt 0.375000 0.391113
vt 0.625000 0.391113
vt 0.766113 0.250000
vt 0.766113 0.136304
vt 0.625000 0.858887
vt 0.766113 0.000000
vt 0.125000 0.229487
vt 0.375000 0.520513
vt 0.125000 0.229487
vt 0.125000 0.229487
vt 0.212443 0.229487
vt 0.212443 0.229487
vt 0.212443 0.229487
vt 0.212443 0.229487
vt 0.212443 0.229487
vt 0.233887 0.229487
vt 0.244046 0.229487
vt 0.263127 0.229487
vt 0.263127 0.229487
vt 0.263127 0.229487
vt 0.263127 0.229487
vt 0.263127 0.229487
vt 0.322510 0.229487
vt 0.322510 0.229487
vt 0.322510 0.229487
vt 0.375000 0.229487
vt 0.625000 0.229487
vt 0.677490 0.229487
vt 0.736873 0.229487
vt 0.755954 0.229487
vt 0.766113 0.229487
vt 0.787557 0.229487
vt 0.625000 0.520513
vt 0.875000 0.229487
vt 0.375000 0.111038
vt 0.375000 0.111038
vt 0.375000 0.111038
vt 0.322510 0.111038
vt 0.322510 0.111038
vt 0.322510 0.111038
vt 0.322510 0.111038
vt 0.322510 0.111038
vt 0.263127 0.111038
vt 0.263127 0.111038
vt 0.263127 0.111038
vt 0.263127 0.111038
vt 0.263127 0.111038
vt 0.244046 0.111038
vt 0.233887 0.111038
vt 0.212443 0.111038
vt 0.212443 0.111038
vt 0.212443 0.111038
vt 0.212443 0.111038
vt 0.212443 0.111038
vt 0.125000 0.111038
vt 0.125000 0.111038
vt 0.125000 0.111038
vt 0.375000 0.638962
vt 0.625000 0.638962
vt 0.875000 0.111038
vt 0.787557 0.111038
vt 0.766113 0.111038
vt 0.755954 0.111038
vt 0.736873 0.111038
vt 0.677490 0.111038
vt 0.625000 0.111038
vt 0.299899 0.000000
vt 0.375000 0.924899
vt 0.299899 0.000000
vt 0.299899 0.000000
vt 0.299899 0.111038
vt 0.299899 0.136304
vt 0.299899 0.136304
vt 0.299899 0.136304
vt 0.299899 0.136304
vt 0.299899 0.136304
vt 0.299899 0.229487
vt 0.299899 0.250000
vt 0.299899 0.250000
vt 0.299899 0.250000
vt 0.375000 0.325102
vt 0.625000 0.325102
vt 0.700102 0.250000
vt 0.700102 0.229487
vt 0.700101 0.136304
vt 0.700101 0.111038
vt 0.625000 0.924899
vt 0.700101 0.000000
vt 0.286957 0.000000
vt 0.375000 0.911957
vt 0.286957 0.000000
vt 0.286957 0.000000
vt 0.286957 0.111038
vt 0.286957 0.136304
vt 0.286957 0.136304
vt 0.286957 0.136304
vt 0.286957 0.136304
vt 0.286957 0.136304
vt 0.286957 0.229487
vt 0.286957 0.250000
vt 0.286957 0.250000
vt 0.286957 0.250000
vt 0.375000 0.338043
vt 0.625000 0.338043
vt 0.713043 0.250000
vt 0.713043 0.229487
vt 0.713043 0.136304
vt 0.713043 0.111038
vt 0.625000 0.911957
vt 0.713043 0.000000
vt 0.375000 0.206794
vt 0.322510 0.206794
vt 0.322510 0.206794
vt 0.322510 0.206794
vt 0.299899 0.206794
vt 0.286957 0.206794
vt 0.263127 0.206794
vt 0.263127 0.206794
vt 0.263127 0.206794
vt 0.263127 0.206794
vt 0.263127 0.206794
vt 0.244046 0.206794
vt 0.233887 0.206794
vt 0.212443 0.206794
vt 0.212443 0.206794
vt 0.212443 0.206794
vt 0.212443 0.206794
vt 0.212443 0.206794
vt 0.125000 0.206794
vt 0.125000 0.206794
vt 0.125000 0.206794
vt 0.375000 0.543205
vt 0.625000 0.543205
vt 0.875000 0.206794
vt 0.787557 0.206794
vt 0.766113 0.206794
vt 0.755954 0.206794
vt 0.736873 0.206794
vt 0.713043 0.206794
vt 0.700101 0.206794
vt 0.677490 0.206794
vt 0.625000 0.206794
vt 0.375000 0.090755
vt 0.375000 0.090755
vt 0.375000 0.090755
vt 0.322510 0.090755
vt 0.322510 0.090755
vt 0.322510 0.090755
vt 0.322510 0.090755
vt 0.322510 0.090755
vt 0.299899 0.090755
vt 0.286957 0.090755
vt 0.263127 0.090755
vt 0.263127 0.090755
vt 0.263127 0.090755
vt 0.263127 0.090755
vt 0.263127 0.090755
vt 0.244046 0.090755
vt 0.233887 0.090755
vt 0.212443 0.090755
vt 0.212443 0.090755
vt 0.212443 0.090755
vt 0.212443 0.090755
vt 0.212443 0.090755
vt 0.125000 0.090755
vt 0.125000 0.090755
vt 0.125000 0.090755
vt 0.375000 0.659245
vt 0.625000 0.659245
vt 0.875000 0.090755
vt 0.787557 0.090755
vt 0.766113 0.090755
vt 0.755954 0.090755
vt 0.736873 0.090755
vt 0.713043 0.090755
vt 0.700101 0.090755
vt 0.677490 0.090755
vt 0.625000 0.090755
vt 0.286957 0.206794
vt 0.299899 0.206794
vt 0.299899 0.229487
vt 0.286957 0.229487
vt 0.244046 0.229487
vt 0.233887 0.229487
vt 0.233887 0.206794
vt 0.244046 0.206794
vt 0.286957 0.090755
vt 0.299899 0.090755
vt 0.299899 0.111038
vt 0.286957 0.111038
vt 0.233887 0.090755
vt 0.244046 0.090755
vt 0.244046 0.111038
vt 0.233887 0.111038
vn 0.000000 0.000000 1.000000
vn 0.000000 0.000000 1.000000
vn 0.000000 0.000000 1.000000
vn 0.000000 0.000000 1.000000
vn 0.000000 1.000000 0.000000
vn 0.000000 1.000000 0.000000
vn 0.000000 1.000000 0.000000
vn 0.000000 1.000000 0.000000
vn 0.000000 0.000000 -1.000000
vn 0.000000 0.000000 -1.000000
vn 0.000000 0.000000 -1.000000
vn 0.000000 0.000000 -1.000000
vn 0.000000 -1.000000 0.000000
vn 0.000000 -1.000000 0.000000
vn 0.000000 -1.000000 0.000000
vn 0.000000 -1.000000 0.000000
vn 1.000000 0.000000 0.000000
vn 1.000000 0.000000 0.000000
vn 1.000000 0.000000 0.000000
vn 1.000000 0.000000 0.000000
vn -1.000000 0.000000 0.000000
vn -1.000000 0.000000 0.000000
vn -1.000000 0.000000 0.000000
vn -1.000000 0.000000 0.000000
vn -1.000000 0.000000 0.000000
vn -1.000000 0.000000 0.000000
vn -1.000000 0.000000 0.000000
vn -1.000000 0.000000 0.000000
vn 0.000000 -1.000000 0.000000
vn 0.000000 -1.000000 0.000000
vn 0.000000 -1.000000 0.000000
vn 0.000000 -1.000000 0.000000
vn 1.000000 0.000000 0.000000
vn 1.000000 0.000000 0.000000
vn 1.000000 0.000000 0.000000
vn 1.000000 0.000000 0.000000
vn 0.000000 1.000000 0.000000
vn 0.000000 1.000000 0.000000
vn 0.000000 1.000000 0.000000
vn 0.000000 1.000000 0.000000
vn -1.000000 0.000000 0.000000
vn -1.000000 0.000000 0.000000
vn -1.000000 0.000000 0.000000
vn -1.000000 0.000000 0.000000
vn 0.000000 -1.000000 0.000000
vn 0.000000 -1.000000 0.000000
vn 1.000000 0.000000 0.000000
vn 1.000000 0.000000 0.000000
vn 0.000000 1.000000 -0.000000
vn 0.000000 1.000000 -0.000000
vn 0.000000 1.000000 -0.000000
vn 0.000000 1.000000 -0.000000
vn -1.000000 0.000000 0.000000
vn -1.000000 0.000000 0.000000
vn -1.000000 0.000000 0.000000
vn -1.000000 0.000000 0.000000
vn 0.000000 -1.000000 0.000000
vn 0.000000 -1.000000 0.000000
vn 0.000000 -1.000000 0.000000
vn 0.000000 -1.000000 0.000000
vn 1.000000 0.000000 0.000000
vn 1.000000 0.000000 0.000000
vn 1.000000 0.000000 0.000000
vn 1.000000 0.000000 0.000000
vn 0.000000 1.000000 0.000000
vn 0.000000 1.000000 0.000000
vn 0.000000 1.000000 0.000000
vn 0.000000 1.000000 0.000000
vn -1.000000 0.000000 0.000000
vn -1.000000 0.000000 0.000000
vn -1.000000 0.000000 0.000000
vn -1.000000 0.000000 0.000000
vn -1.000000 0.000000 0.000000
vn -1.000000 0.000000 0.000000
vn -1.000000 0.000000 0.000000
vn -1.000000 0.000000 0.000000
vn -1.000000 0.000000 0.000000
vn -1.000000 0.000000 0.000000
vn -1.000000 0.000000 0.000000
vn -1.000000 0.000000 0.000000
vn -1.000000 0.000000 0.000000
vn -1.000000 0.000000 0.000000
vn -1.000000 0.000000 0.000000
vn -1.000000 0.000000 0.000000
vn 0.000000 0.000000 -1.000000
vn 0.000000 0.000000 -1.000000
vn 0.000000 0.000000 -1.000000
vn 0.000000 0.000000 -1.000000
vn 1.000000 0.000000 0.000000
vn 1.000000 0.000000 0.000000
vn 1.000000 0.000000 0.000000
vn 1.000000 0.000000 0.000000
vn 1.000000 0.000000 0.000000
vn 1.000000 0.000000 0.000000
vn 1.000000 0.000000 0.000000
vn 1.000000 0.000000 0.000000
vn 1.000000 0.000000 0.000000
vn 1.000000 0.000000 0.000000
vn 1.000000 0.000000 0.000000
vn 1.000000 0.000000 0.000000
vn 1.000000 0.000000 0.000000
vn 1.000000 0.000000 0.000000
vn 0.000000 0.000000 1.000000
vn 0.000000 0.000000 1.000000
vn 0.000000 0.000000 1.000000
vn 0.000000 0.000000 1.000000
vn -1.000000 0.000000 0.000000
vn -1.000000 0.000000 0.000000
vn -1.000000 0.000000 0.000000
vn -1.000000 0.000000 0.000000
vn -1.000000 -0.000000 0.000000
vn -1.000000 0.000000 0.000000
vn -1.000000 0.000000 0.000000
vn -1.000000 -0.000000 0.000000
vn -1.000000 0.000000 0.000000
vn -1.000000 0.000000 0.000000
vn -1.000000 0.000000 0.000000
vn -1.000000 0.000000 0.000000
vn -1.000000 -0.000000 0.000000
vn -1.000000 -0.000000 0.000000
vn -1.000000 0.000000 0.000000
vn -1.000000 0.000000 0.000000
vn -1.000000 -0.000000 0.000000
vn -1.000000 -0.000000 0.000000
vn -1.000000 0.000000 0.000000
vn -1.000000 0.000000 0.000000
vn -1.000000 0.000000 0.000000
vn -1.000000 0.000000 0.000000
vn -1.000000 0.000000 0.000000
vn -1.000000 0.000000 0.000000
vn -1.000000 -0.000000 0.000000
vn -1.000000 0.000000 0.000000
vn -1.000000 0.000000 0.000000
vn -1.000000 -0.000000 0.000000
vn -1.000000 0.000000 0.000000
vn -1.000000 0.000000 0.000000
vn -1.000000 0.000000 0.000000
vn -1.000000 0.000000 0.000000
vn 0.000000 1.000000 0.000000
vn 0.000000 1.000000 0.000000
vn 0.000000 1.000000 0.000000
vn 0.000000 1.000000 0.000000
vn 0.000000 0.000000 -1.000000
vn 0.000000 0.000000 -1.000000
vn 0.000000 0.000000 -1.000000
vn 0.000000 0.000000 -1.000000
vn 0.000000 -1.000000 0.000000
vn 0.000000 -1.000000 0.000000
vn 0.000000 -1.000000 0.000000
vn 0.000000 -1.000000 0.000000
vn 0.000000 0.000000 1.000000
vn 0.000000 0.000000 1.000000
vn 0.000000 0.000000 1.000000
vn 0.000000 0.000000 1.000000
vn 0.000000 0.000000 -1.000000
vn 0.000000 0.000000 -1.000000
vn 0.000000 0.000000 -1.000000
vn 0.000000 0.000000 -1.000000
vn 0.000000 -1.000000 0.000000
vn 0.000000 -1.000000 0.000000
vn 0.000000 -1.000000 0.000000
vn 0.000000 -1.000000 0.000000
vn 0.000000 0.000000 1.000000
vn 0.000000 0.000000 1.000000
vn 0.000000 0.000000 1.000000
vn 0.000000 0.000000 1.000000
vn 0.000000 1.000000 0.000000
vn 0.000000 1.000000 0.000000
vn 0.000000 1.000000 0.000000
vn 0.000000 1.000000 0.000000
vn -1.000000 0.000000 0.000000
vn -1.000000 0.000000 0.000000
vn -1.000000 0.000000 0.000000
vn -1.000000 0.000000 0.000000
vn -1.000000 0.000001 0.000000
vn -1.000000 0.000000 0.000000
vn -1.000000 -0.000000 0.000000
vn -1.000000 0.000001 0.000000
vn -1.000000 0.000000 0.000000
vn -1.000000 0.000000 0.000000
vn -1.000000 0.000000 0.000000
vn -1.000000 0.000000 0.000000
vn -1.000000 -0.000000 0.000000
vn -1.000000 -0.000001 0.000000
vn -1.000000 -0.000001 0.000000
vn -1.000000 -0.000001 0.000000
vn -1.000000 -0.000001 0.000000
vn -1.000000 -0.000001 0.000000
vn -1.000000 -0.000001 0.000000
vn -1.000000 -0.000001 0.000000
vn -1.000000 0.000000 0.000000
vn -1.000000 0.000000 0.000000
vn -1.000000 0.000000 0.000000
vn -1.000000 0.000000 0.000000
vn -1.000000 0.000001 0.000000
vn -1.000000 0.000001 0.000000
vn -1.000000 0.000001 0.000000
vn -1.000000 0.000001 0.000000
vn -1.000000 0.000000 0.000000
vn -1.000000 0.000000 0.000000
vn -1.000000 0.000000 0.000000
vn -1.000000 0.000000 0.000000
vn 0.000000 1.000000 0.000000
vn 0.000000 1.000000 0.000000
vn 0.000000 1.000000 0.000000
vn 0.000000 1.000000 0.000000
vn 0.000000 0.000000 -1.000000
vn 0.000000 0.000000 -1.000000
vn 0.000000 0.000000 -1.000000
vn 0.000000 0.000000 -1.000000
vn 0.000000 -1.000000 0.000000
vn 0.000000 -1.000000 0.000000
vn 0.000000 -1.000000 0.000000
vn 0.000000 -1.000000 0.000000
vn 0.000000 0.000000 1.000000
vn 0.000000 0.000000 1.000000
vn 0.000000 0.000000 1.000000
vn 0.000000 0.000000 1.000000
vn 0.000000 0.000000 -1.000000
vn 0.000000 0.000000 -1.000000
vn 0.000000 0.000000 -1.000000
vn 0.000000 0.000000 -1.000000
vn 0.000000 -1.000000 0.000000
vn 0.000000 -1.000000 0.000000
vn 0.000000 -1.000000 0.000000
vn 0.000000 -1.000000 0.000000
vn 0.000000 0.000000 1.000000
vn 0.000000 0.000000 1.000000
vn 0.000000 0.000000 1.000000
vn 0.000000 0.000000 1.000000
vn 0.000000 1.000000 0.000000
vn 0.000000 1.000000 0.000000
vn 0.000000 1.000000 0.000000
vn 0.000000 1.000000 0.000000
vn -1.000000 0.000001 0.000000
vn -1.000000 0.000001 0.000000
vn -1.000000 0.000001 0.000000
vn -1.000000 0.000001 0.000000
vn -1.000000 0.000000 0.000000
vn -1.000000 0.000000 0.000000
vn -1.000000 0.000000 0.000000
vn -1.000000 0.000000 0.000000
vn -1.000000 -0.000001 0.000000
vn -1.000000 -0.000001 0.000000
vn -1.000000 -0.000001 0.000000
vn -1.000000 -0.000001 0.000000
vn -1.000000 0.000000 0.000000
vn -1.000000 0.000000 0.000000
vn -1.000000 0.000000 0.000000
vn -1.000000 0.000000 0.000000
vn 0.000000 -1.000000 -0.000000
vn 0.000000 -1.000000 -0.000000
vn 0.000000 -1.000000 -0.000000
vn 0.000000 -1.000000 -0.000000
vn 0.000000 0.000000 1.000000
vn 0.000000 0.000000 1.000000
vn 0.000000 0.000000 1.000000
vn 0.000000 0.000000 1.000000
vn 0.000000 1.000000 0.000000
vn 0.000000 1.000000 0.000000
vn 0.000000 1.000000 0.000000
vn 0.000000 1.000000 0.000000
vn 0.000000 0.000000 -1.000000
vn 0.000000 0.000000 -1.000000
vn 0.000000 0.000000 -1.000000
vn 0.000000 0.000000 -1.000000
vn 0.000000 0.707105 -0.707109
vn 0.000000 0.707105 -0.707109
vn 0.000000 0.707105 -0.707109
vn 0.000000 0.707105 -0.707109
vn -0.707108 0.707105 0.000000
vn -0.707108 0.707105 0.000000
vn -0.707108 0.707105 0.000000
vn -0.707108 0.707105 0.000000
vn 0.707109 0.707105 0.000000
vn 0.707109 0.707105 0.000000
vn 0.707109 0.707105 0.000000
vn 0.707109 0.707105 0.000000
vn 0.000000 0.707105 0.707109
vn 0.000000 0.707105 0.707109
vn 0.000000 0.707105 0.707109
vn 0.000000 0.707105 0.707109
vn 0.000000 1.000000 -0.000000
vn 0.000000 1.000000 -0.000000
vn 0.000000 1.000000 -0.000000
vn 0.000000 1.000000 -0.000000
vn 0.000000 1.000000 -0.000000
vn 0.000000 1.000000 -0.000000
vn 0.000000 0.000000 -1.000000
vn 0.000000 0.000000 -1.000000
vn 0.000000 0.000000 -1.000000
vn 0.000000 0.000000 -1.000000
vn -1.000000 0.000000 0.000000
vn -1.000000 0.000000 0.000000
vn -1.000000 0.000000 0.000000
vn -1.000000 0.000000 0.000000
vn 0.000000 0.000000 1.000000
vn 0.000000 0.000000 1.000000
vn 0.000000 0.000000 1.000000
vn 0.000000 0.000000 1.000000
vn 1.000000 0.000000 0.000000
vn 1.000000 0.000000 0.000000
vn 1.000000 0.000000 0.000000
vn 1.000000 0.000000 0.000000
vn -1.000000 -0.000001 0.000000
vn -1.000000 -0.000001 0.000000
vn -1.000000 -0.000001 0.000000
vn -1.000000 -0.000001 0.000000
vn -1.000000 0.000000 0.000000
vn -1.000000 0.000000 0.000000
vn -1.000000 0.000000 0.000000
vn -1.000000 0.000000 0.000000
vn -1.000000 0.000000 0.000000
vn -1.000000 0.000000 0.000000
vn -1.000000 0.000000 0.000000
vn -1.000000 0.000000 0.000000
vn -1.000000 0.000000 0.000000
vn -1.000000 0.000000 0.000000
vn -1.000000 0.000000 0.000000
vn -1.000000 0.000000 0.000000
vn -1.000000 0.000000 0.000000
vn -1.000000 0.000000 0.000000
vn -1.000000 0.000000 0.000000
vn -1.000000 0.000000 0.000000
vn -1.000000 0.000000 0.000000
vn -1.000000 0.000000 0.000000
vn -1.000000 0.000000 0.000000
vn -1.000000 0.000000 0.000000
vn 0.000000 -1.000000 0.000000
vn 0.000000 -1.000000 0.000000
vn 0.000000 -1.000000 0.000000
vn 0.000000 -1.000000 0.000000
vn 0.000000 0.000000 1.000000
vn 0.000000 0.000000 1.000000
vn 0.000000 0.000000 1.000000
vn 0.000000 0.000000 1.000000
vn 0.000000 0.000000 -1.000000
vn 0.000000 0.000000 -1.000000
vn 0.000000 0.000000 -1.000000
vn 0.000000 0.000000 -1.000000
vn 0.000000 0.000000 1.000000
vn 0.000000 0.000000 1.000000
vn 0.000000 0.000000 1.000000
vn 0.000000 0.000000 1.000000
vn 0.000000 1.000000 0.000000
vn 0.000000 1.000000 0.000000
vn 0.000000 1.000000 0.000000
vn 0.000000 1.000000 0.000000
vn 0.000000 0.000000 -1.000000
vn 0.000000 0.000000 -1.000000
vn 0.000000 0.000000 -1.000000
vn 0.000000 0.000000 -1.000000
vn -1.000000 0.000001 0.000000
vn -1.000000 0.000001 0.000000
vn -1.000000 0.000001 0.000000
vn -1.000000 0.000001 0.000000
vn 0.000000 -1.000000 0.000000
vn 0.000000 -1.000000 0.000000
vn 0.000000 -1.000000 0.000000
vn 0.000000 -1.000000 0.000000
vn -1.000000 0.000000 0.000000
vn -1.000000 0.000000 0.000000
vn -1.000000 0.000000 0.000000
vn -1.000000 0.000000 0.000000
vn 0.000000 1.000000 -0.000000
vn 0.000000 1.000000 -0.000000
vn 0.000000 1.000000 -0.000000
vn 0.000000 1.000000 -0.000000
vn -1.000000 -0.000001 0.000000
vn -1.000000 -0.000001 0.000000
vn -1.000000 -0.000001 0.000000
vn -1.000000 -0.000001 0.000000
vn -1.000000 0.000001 0.000000
vn -1.000000 0.000001 0.000000
vn -1.000000 0.000001 0.000000
vn -1.000000 0.000001 0.000000
vn 0.000000 -1.000000 0.000000
vn 0.000000 -1.000000 0.000000
vn 0.000000 -1.000000 0.000000
vn 0.000000 -1.000000 0.000000
vn -1.000000 0.000000 0.000000
vn -1.000000 0.000000 0.000000
vn -1.000000 0.000000 0.000000
vn -1.000000 0.000000 0.000000
vn 0.000000 1.000000 0.000000
vn 0.000000 1.000000 0.000000
vn 0.000000 1.000000 0.000000
vn 0.000000 1.000000 0.000000
vn -1.000000 -0.000001 0.000000
vn -1.000000 -0.000001 0.000000
vn -1.000000 -0.000001 0.000000
vn -1.000000 -0.000001 0.000000
vn 0.000000 1.000000 -0.000000
vn 0.000000 1.000000 -0.000000
vn 1.000000 0.000000 0.000000
vn 1.000000 0.000000 0.000000
vn 1.000000 0.000000 0.000000
vn 1.000000 0.000000 0.000000
vn 0.000000 -1.000000 0.000000
vn 0.000000 -1.000000 0.000000
vn -1.000000 -0.000000 0.000000
vn -1.000000 -0.000000 0.000000
vn -1.000000 -0.000000 0.000000
vn -1.000000 -0.000000 0.000000
vn 0.000000 0.000003 -1.000000
vn 0.000000 0.000003 -1.000000
vn 0.000000 0.000004 -1.000000
vn 0.000000 0.000004 -1.000000
vn -1.000000 0.000000 0.000000
vn -1.000000 0.000000 0.000000
vn -1.000000 0.000000 0.000000
vn -1.000000 0.000000 0.000000
vn 0.000000 0.000000 1.000000
vn 0.000000 0.000000 1.000000
vn 0.000000 0.000000 1.000000
vn 0.000000 0.000000 1.000000
vn -1.000000 0.000000 0.000000
vn -1.000000 0.000000 0.000000
vn -1.000000 0.000000 0.000000
vn -1.000000 0.000000 0.000000
vn -1.000000 0.000000 0.000000
vn -1.000000 0.000000 0.000000
vn -1.000000 0.000000 0.000000
vn -1.000000 0.000000 0.000000
vn 0.000000 0.000000 -1.000000
vn 0.000000 0.000000 -1.000000
vn 0.000000 0.000000 -1.000000
vn 0.000000 0.000000 -1.000000
vn -1.000000 0.000000 0.000000
vn -1.000000 0.000000 0.000000
vn -1.000000 0.000000 0.000000
vn -1.000000 0.000000 0.000000
vn -1.000000 0.000000 0.000000
vn -1.000000 0.000000 0.000000
vn -1.000000 0.000000 0.000000
vn -1.000000 0.000000 0.000000
vn 0.000000 0.000000 1.000000
vn 0.000000 0.000000 1.000000
vn 0.000000 0.000000 1.000000
vn 0.000000 0.000000 1.000000
vn -1.000000 0.000000 0.000000
vn -1.000000 0.000000 0.000000
vn -1.000000 0.000000 0.000000
vn -1.000000 0.000000 0.000000
vn -1.000000 0.000000 0.000000
vn -1.000000 0.000000 0.000000
vn -1.000000 0.000000 0.000000
vn -1.000000 0.000000 0.000000
vn 0.000000 0.000000 -1.000000
vn 0.000000 0.000000 -1.000000
vn 0.000000 0.000000 -1.000000
vn 0.000000 0.000000 -1.000000
vn -1.000000 0.000000 0.000000
vn -1.000000 0.000000 0.000000
vn -1.000000 0.000000 0.000000
vn -1.000000 0.000000 0.000000
vn 0.000000 0.000000 1.000000
vn 0.000000 0.000000 1.000000
vn 0.000000 0.000000 1.000000
vn 0.000000 0.000000 1.000000
vn -1.000000 0.000000 0.000000
vn -1.000000 0.000000 0.000000
vn -1.000000 0.000000 0.000000
vn -1.000000 0.000000 0.000000
vn -1.000000 0.000000 0.000000
vn -1.000000 0.000000 0.000000
vn -1.000000 0.000000 0.000000
vn -1.000000 0.000000 0.000000
vn 0.000000 0.000000 1.000000
vn 0.000000 0.000000 1.000000
vn 0.000000 0.000000 1.000000
vn 0.000000 0.000000 1.000000
vn 1.000000 0.000000 0.000000
vn 1.000000 0.000000 0.000000
vn 1.000000 0.000000 0.000000
vn 1.000000 0.000000 0.000000
vn 1.000000 0.000000 0.000000
vn 1.000000 0.000000 0.000000
vn 1.000000 0.000000 0.000000
vn 1.000000 0.000000 0.000000
vn 1.000000 0.000000 0.000000
vn 1.000000 0.000000 0.000000
vn 1.000000 0.000000 0.000000
vn 1.000000 0.000000 0.000000
vn 1.000000 0.000000 0.000000
vn 1.000000 0.000000 0.000000
vn 1.000000 0.000000 0.000000
vn 1.000000 0.000000 0.000000
vn 0.000000 0.000000 -1.000000
vn 0.000000 0.000000 -1.000000
vn 0.000000 0.000000 -1.000000
vn 0.000000 0.000000 -1.000000
vn -1.000000 0.000000 0.000000
vn -1.000000 0.000000 0.000000
vn -1.000000 0.000000 0.000000
vn -1.000000 0.000000 0.000000
vn 0.000000 0.000000 -1.000000
vn 0.000000 0.000000 -1.000000
vn 0.000000 0.000000 -1.000000
vn 0.000000 0.000000 -1.000000
vn -1.000000 0.000000 0.000000
vn -1.000000 0.000000 0.000000
vn -1.000000 0.000000 0.000000
vn -1.000000 0.000000 0.000000
vn 0.000000 0.000000 1.000000
vn 0.000000 0.000000 1.000000
vn 0.000000 0.000000 1.000000
vn 0.000000 0.000000 1.000000
vn -1.000000 0.000000 0.000000
vn -1.000000 0.000000 0.000000
vn -1.000000 0.000000 0.000000
vn -1.000000 0.000000 0.000000
vn -1.000000 0.000000 0.000000
vn -1.000000 0.000000 0.000000
vn -1.000000 0.000000 0.000000
vn -1.000000 0.000000 0.000000
vn 0.000000 0.000000 1.000000
vn 0.000000 0.000000 1.000000
vn 0.000000 0.000000 1.000000
vn 0.000000 0.000000 1.000000
vn -1.000000 0.000000 0.000000
vn -1.000000 0.000000 0.000000
vn -1.000000 0.000000 0.000000
vn -1.000000 0.000000 0.000000
vn 0.000000 0.000000 -1.000000
vn 0.000000 0.000000 -1.000000
vn 0.000000 0.000000 -1.000000
vn 0.000000 0.000000 -1.000000
vn -1.000000 0.000000 0.000000
vn -1.000000 0.000000 0.000000
vn -1.000000 0.000000 0.000000
vn -1.000000 0.000000 0.000000
vn -1.000000 0.000000 0.000000
vn -1.000000 0.000000 0.000000
vn -1.000000 0.000000 0.000000
vn -1.000000 0.000000 0.000000
vn 0.000000 0.000000 1.000000
vn 0.000000 0.000000 1.000000
vn 0.000000 0.000000 1.000000
vn 0.000000 0.000000 1.000000
vn -1.000000 0.000000 0.000000
vn -1.000000 0.000000 0.000000
vn -1.000000 0.000000 0.000000
vn -1.000000 0.000000 0.000000
vn -1.000000 0.000000 0.000000
vn -1.000000 0.000000 0.000000
vn -1.000000 0.000000 0.000000
vn -1.000000 0.000000 0.000000
vn 0.000000 0.000000 -1.000000
vn 0.000000 0.000000 -1.000000
vn 0.000000 0.000000 -1.000000
vn 0.000000 0.000000 -1.000000
vn -1.000000 0.000000 0.000000
vn -1.000000 0.000000 0.000000
vn -1.000000 0.000000 0.000000
vn -1.000000 0.000000 0.000000
vn -1.000000 0.000000 0.000000
vn -1.000000 0.000000 0.000000
vn -1.000000 0.000000 0.000000
vn -1.000000 0.000000 0.000000
vn 0.000000 0.000000 1.000000
vn 0.000000 0.000000 1.000000
vn 0.000000 0.000000 1.000000
vn 0.000000 0.000000 1.000000
vn -1.000000 0.000000 0.000000
vn -1.000000 0.000000 0.000000
vn 0.000000 0.000000 -1.000000
vn 0.000000 0.000000 -1.000000
vn 0.000000 0.000000 -1.000000
vn 0.000000 0.000000 -1.000000
vn -1.000000 0.000000 0.000000
vn -1.000000 0.000000 0.000000
vn -1.000000 0.000000 0.000000
vn -1.000000 0.000000 0.000000
vn 0.000000 0.000000 -1.000000
vn 0.000000 0.000000 -1.000000
vn 1.000000 0.000000 0.000000
vn 1.000000 0.000000 0.000000
vn 1.000000 0.000000 0.000000
vn 1.000000 0.000000 0.000000
vn 1.000000 0.000000 0.000000
vn 1.000000 0.000000 0.000000
vn 1.000000 0.000000 0.000000
vn 1.000000 0.000000 0.000000
vn 0.000000 0.000000 1.000000
vn 0.000000 0.000000 1.000000
vn -1.000000 0.000001 0.000000
vn -1.000000 0.000000 0.000000
vn -1.000000 0.000000 0.000000
vn -1.000000 0.000000 0.000000
vn 0.000000 -1.000000 0.000000
vn 0.000000 -1.000000 0.000000
vn 0.000000 -1.000000 0.000000
vn 0.000000 -1.000000 0.000000
vn -1.000000 0.000000 0.000000
vn -1.000000 0.000000 0.000000
vn -1.000000 0.000000 0.000000
vn -1.000000 0.000000 0.000000
vn -1.000000 0.000000 0.000000
vn -1.000000 0.000000 0.000000
vn -1.000000 0.000000 0.000000
vn -1.000000 0.000000 0.000000
vn 0.000000 1.000000 0.000000
vn 0.000000 1.000000 0.000000
vn 0.000000 1.000000 0.000000
vn 0.000000 1.000000 0.000000
vn -1.000000 -0.000000 0.000000
vn -1.000000 -0.000000 0.000000
vn -1.000000 -0.000000 0.000000
vn -1.000000 -0.000000 0.000000
vn -1.000000 0.000000 0.000000
vn -1.000000 0.000001 0.000000
vn -1.000000 0.000002 0.000000
vn -1.000000 0.000002 0.000000
vn 0.000000 -1.000000 0.000000
vn 0.000000 -1.000000 0.000000
vn 0.000000 -1.000000 0.000000
vn 0.000000 -1.000000 0.000000
vn -1.000000 0.000000 0.000000
vn -1.000000 0.000000 0.000000
vn -1.000000 0.000000 0.000000
vn -1.000000 0.000000 0.000000
vn -1.000000 0.000000 0.000000
vn -1.000000 0.000000 0.000000
vn -1.000000 0.000000 0.000000
vn -1.000000 0.000000 0.000000
vn 0.000000 1.000000 0.000000
vn 0.000000 1.000000 0.000000
vn 0.000000 1.000000 0.000000
vn 0.000000 1.000000 0.000000
vn -1.000000 -0.000001 0.000000
vn -1.000000 -0.000000 0.000000
vn -1.000000 0.000000 0.000000
vn -1.000000 -0.000001 0.000000
vn 0.000000 1.000000 0.000000
vn 0.000000 1.000000 0.000000
vn 1.000000 0.000000 0.000000
vn 1.000000 0.000000 0.000000
vn 1.000000 0.000000 0.000000
vn 1.000000 0.000000 0.000000
vn 1.000000 0.000000 0.000000
vn 1.000000 0.000000 0.000000
vn 1.000000 0.000000 0.000000
vn 0.000000 -1.000000 0.000000
vn 0.000000 -1.000000 0.000000
vn -1.000000 0.000000 0.000000
vn -1.000000 0.000000 0.000000
vn -1.000000 0.000000 0.000000
vn -1.000000 0.000000 0.000000
vn -1.000000 0.000000 0.000000
vn -1.000000 0.000000 0.000000
vn -1.000000 0.000000 0.000000
vn -1.000000 0.000000 0.000000
vn -1.000000 0.000000 0.000000
vn -1.000000 0.000000 0.000000
vn -1.000000 0.000000 0.000000
vn -1.000000 0.000000 0.000000
vn -1.000000 0.000000 0.000000
vn -1.000000 0.000000 0.000000
vn -1.000000 0.000000 0.000000
vn -1.000000 0.000000 0.000000
vn 0.000000 -1.000000 0.000000
vn 0.000000 -1.000000 0.000000
vn 0.000000 -1.000000 0.000000
vn 0.000000 -1.000000 0.000000
vn 0.000000 0.000000 1.000000
vn 0.000000 0.000000 1.000000
vn 0.000000 0.000000 1.000000
vn 0.000000 0.000000 1.000000
vn 0.000000 1.000000 0.000000
vn 0.000000 1.000000 0.000000
vn 0.000000 1.000000 0.000000
vn 0.000000 1.000000 0.000000
vn 0.000000 0.000000 -1.000000
vn 0.000000 0.000000 -1.000000
vn 0.000000 0.000000 -1.000000
vn 0.000000 0.000000 -1.000000
vn 0.000000 1.000000 0.000000
vn 0.000000 1.000000 0.000000
vn 0.000000 1.000000 0.000000
vn 0.000000 1.000000 0.000000
vn 0.000000 0.000000 -1.000000
vn 0.000000 0.000000 -1.000000
vn 0.000000 0.000000 -1.000000
vn 0.000000 0.000000 -1.000000
vn 0.000000 -1.000000 0.000000
vn 0.000000 -1.000000 0.000000
vn 0.000000 -1.000000 0.000000
vn 0.000000 -1.000000 0.000000
vn 0.000000 0.000000 1.000000
vn 0.000000 0.000000 1.000000
vn 0.000000 0.000000 1.000000
vn 0.000000 0.000000 1.000000
vn 0.000000 -1.000000 0.000000
vn 0.000000 -1.000000 0.000000
vn 0.000000 -1.000000 0.000000
vn 0.000000 -1.000000 0.000000
vn 0.000000 0.000000 1.000000
vn 0.000000 0.000000 1.000000
vn 0.000000 0.000000 1.000000
vn 0.000000 0.000000 1.000000
vn 0.000000 1.000000 0.000000
vn 0.000000 1.000000 0.000000
vn 0.000000 1.000000 0.000000
vn 0.000000 1.000000 0.000000
vn 0.000000 0.000000 -1.000000
vn 0.000000 0.000000 -1.000000
vn 0.000000 0.000000 -1.000000
vn 0.000000 0.000000 -1.000000
vn 0.000000 -1.000000 0.000000
vn 0.000000 -1.000000 0.000000
vn 0.000000 -1.000000 0.000000
vn 0.000000 -1.000000 0.000000
vn 0.000000 0.000000 1.000000
vn 0.000000 0.000000 1.000000
vn 0.000000 0.000000 1.000000
vn 0.000000 0.000000 1.000000
vn 0.000000 1.000000 0.000000
vn 0.000000 1.000000 0.000000
vn 0.000000 1.000000 0.000000
vn 0.000000 1.000000 0.000000
vn 0.000000 0.000000 -1.000000
vn 0.000000 0.000000 -1.000000
vn 0.000000 0.000000 -1.000000
vn 0.000000 0.000000 -1.000000
s 1
g pCube66
usemtl initialShadingGroup
f 129/159/337 130/160/338 406/480/339 373/445/340
s 2
f 131/161/341 132/162/342 148/191/343 145/186/344
s 3
f 397/470/345 398/471/346 136/164/347 135/163/348
s 4
f 146/188/349 147/189/350 130/166/351 129/165/352
s 5
f 130/160/353 147/190/354 405/479/355 406/480/356
s 6
f 375/447/357 376/448/358 197/243/359 198/244/360
s 7
f 217/267/361 218/268/362 394/466/363 395/467/364
s 4
f 135/163/365 136/164/366 139/174/367 138/173/368
s 5
f 398/472/369 399/473/370 139/175/371 136/167/372
s off
f 200/254/373 199/256/374 201/258/375 202/260/376
s 10
f 239/294/377 389/461/378 390/462/379 169/215/380
s 4
f 138/173/368 139/174/367 250/307/381 237/292/382
s 5
f 399/473/370 400/474/383 250/308/384 139/175/371
s 2
f 247/303/385 248/304/386 140/245/387 137/251/388
s 12
f 327/394/389 382/454/390 383/455/391 185/231/392
s 4
f 142/180/393 143/181/394 342/411/395 325/392/396
s 5
f 402/476/397 403/477/398 342/412/399 143/182/400
s 2
f 337/405/401 338/406/402 144/183/403 141/178/404
s 16
f 145/185/405 268/327/406 269/328/407 131/161/408
s 17
f 187/233/409 265/324/410 334/401/411 335/402/412
s 18
f 171/217/413 258/317/414 259/318/415 245/300/416
s 7
f 253/312/417 254/313/418 221/271/419 222/272/420
s 3
f 133/249/421 134/247/422 276/335/423 251/310/424
s 5
f 140/176/425 275/334/426 276/336/427 134/168/428
f 248/305/429 274/333/430 275/334/426 140/176/425
f 338/407/431 339/408/432 272/331/433 144/184/434
f 270/329/435 271/330/436 148/192/437 132/162/438
s 1
f 269/328/439 270/329/440 132/162/441 131/161/442
s 25
f 137/171/443 256/315/444 257/316/445 159/205/446
s 26
f 152/196/447 242/297/448 243/298/449 160/206/450
s 27
f 262/321/451 263/322/452 141/177/453 162/208/454
s 28
f 246/301/455 247/302/456 137/171/457 159/205/458
s 29
f 241/296/459 242/297/460 152/196/461 164/210/462
s 30
f 391/463/463 392/464/464 138/172/465 165/211/466
s 31
f 138/172/467 237/291/468 238/293/469 165/211/470
s 32
f 142/179/471 385/457/472 386/458/473 166/212/474
s 33
f 240/295/475 241/296/476 164/210/477 168/214/478
s 34
f 390/462/479 391/463/480 165/211/481 169/215/482
s 35
f 165/211/483 238/293/484 239/294/485 169/215/486
s 36
f 166/212/487 386/458/488 387/459/489 170/216/490
s 37
f 159/205/491 257/316/492 258/317/493 171/217/494
s 38
f 160/206/495 243/298/496 244/299/497 172/218/498
s 39
f 261/320/499 262/321/500 162/208/501 174/220/502
s 40
f 245/300/503 246/301/504 159/205/505 171/217/506
s 41
f 141/177/507 263/322/508 264/323/509 175/221/510
s 42
f 151/195/511 331/398/512 332/399/513 176/222/514
s 43
f 267/326/515 268/327/516 145/185/517 178/224/518
s 44
f 336/403/519 337/404/520 141/177/521 175/221/522
s 45
f 330/397/523 331/398/524 151/195/525 180/226/526
s 46
f 384/456/527 385/457/528 142/179/529 181/227/530
s 47
f 142/179/531 325/391/532 326/393/533 181/227/534
s 48
f 146/187/535 378/450/536 379/451/537 182/228/538
s 49
f 329/396/539 330/397/540 180/226/541 184/230/542
s 50
f 383/455/543 384/456/544 181/227/545 185/231/546
s 51
f 181/227/547 326/393/548 327/394/549 185/231/550
s 52
f 182/228/551 379/451/552 380/452/553 186/232/554
s 53
f 175/221/555 264/323/556 265/324/557 187/233/558
s 54
f 176/222/559 332/399/560 333/400/561 188/234/562
s 55
f 266/325/563 267/326/564 178/224/565 190/236/566
s 56
f 335/402/567 336/403/568 175/221/569 187/233/570
s off
f 149/193/571 150/194/572 192/238/573 191/237/574
s 57
f 377/449/575 378/450/576 146/187/577 193/239/578
s off
f 146/187/579 129/159/580 194/240/581 193/239/582
s 58
f 129/159/583 373/445/584 374/446/585 194/240/586
s off
f 191/237/587 192/238/588 196/242/589 195/241/590
s 59
f 376/448/591 377/449/592 193/239/593 197/243/594
s off
f 193/239/595 194/240/596 198/244/597 197/243/598
s 60
f 194/240/599 374/446/600 375/447/601 198/244/602
s off
f 203/248/603 204/253/604 206/259/605 205/246/606
f 204/253/607 203/248/608 207/250/609 208/255/610
f 205/246/611 206/259/612 210/257/613 209/252/614
f 208/255/615 207/250/616 209/252/617 210/257/618
s 2
f 137/251/388 140/245/387 203/248/619 205/246/620
f 140/245/387 134/247/621 207/250/622 203/248/619
f 134/247/621 133/249/623 209/252/624 207/250/622
f 133/249/623 137/251/388 205/246/620 209/252/624
s off
f 206/259/625 204/253/626 199/256/627 200/254/628
f 204/253/629 208/255/630 201/258/631 199/256/632
f 208/255/633 210/257/634 202/260/635 201/258/636
f 210/257/637 206/259/638 200/254/639 202/260/640
f 135/169/641 138/172/642 212/262/643 211/261/644
s 61
f 138/172/645 392/464/646 393/465/647 212/262/648
s 62
f 396/468/649 397/469/650 135/169/651 211/261/652
s 63
f 255/314/653 256/315/654 137/171/655 215/265/656
s off
f 137/171/657 133/170/658 216/266/659 215/265/660
s 64
f 133/170/661 251/309/662 252/311/663 216/266/664
s off
f 211/261/665 212/262/666 218/268/667 217/267/668
s 65
f 212/262/669 393/465/670 394/466/671 218/268/672
s 66
f 395/467/673 396/468/674 211/261/675 217/267/676
s 67
f 254/313/677 255/314/678 215/265/679 221/271/680
s off
f 215/265/681 216/266/682 222/272/683 221/271/684
s 68
f 216/266/685 252/311/686 253/312/687 222/272/688
s 31
f 224/275/689 223/273/690 142/179/691 166/212/692
s 35
f 225/276/693 224/275/694 166/212/695 170/216/696
s 10
f 387/459/697 388/460/698 225/276/699 170/216/700
s 33
f 163/209/701 227/278/702 226/277/703 167/213/704
s 29
f 151/195/705 228/279/706 227/278/707 163/209/708
s 26
f 229/280/709 228/279/710 151/195/711 161/207/712
s 38
f 230/281/713 229/280/714 161/207/715 173/219/716
s 18
f 231/282/717 260/319/718 261/320/719 174/220/720
s 40
f 162/208/721 232/283/722 231/282/723 174/220/724
s 28
f 141/177/725 233/284/726 232/283/727 162/208/728
s 2
f 141/178/404 144/183/403 234/286/729 233/285/730
s 5
f 144/184/434 272/331/433 273/332/731 234/287/732
f 236/290/733 401/475/734 402/476/397 143/182/400
s 4
f 223/274/735 236/289/736 143/181/394 142/180/393
s 31
f 238/293/469 237/291/468 223/273/690 224/275/689
s 35
f 239/294/485 238/293/484 224/275/694 225/276/693
s 10
f 225/276/699 388/460/698 389/461/378 239/294/377
s 33
f 226/277/703 227/278/702 241/296/476 240/295/475
s 29
f 227/278/707 228/279/706 242/297/460 241/296/459
s 26
f 243/298/449 242/297/448 228/279/710 229/280/709
s 38
f 244/299/497 243/298/496 229/280/714 230/281/713
s 18
f 245/300/416 259/318/415 260/319/718 231/282/717
s 40
f 231/282/723 232/283/722 246/301/504 245/300/503
s 28
f 232/283/727 233/284/726 247/302/456 246/301/455
s 2
f 233/285/730 234/286/729 248/304/386 247/303/385
s 5
f 234/287/732 273/332/731 274/333/430 248/305/429
f 250/308/384 400/474/383 401/475/734 236/290/733
s 4
f 237/292/382 250/307/381 236/289/736 223/274/735
s 64
f 362/432/737 363/433/738 153/197/739 214/264/740
s 68
f 361/431/741 362/432/742 214/264/743 220/270/744
s 7
f 220/270/745 219/269/746 360/430/747 361/431/748
s 67
f 213/263/749 359/429/750 360/430/751 219/269/752
s 63
f 152/196/753 358/428/754 359/429/755 213/263/756
s 25
f 357/427/757 358/428/758 152/196/759 160/206/760
s 37
f 356/426/761 357/427/762 160/206/763 172/218/764
s 18
f 355/425/765 356/426/766 172/218/767 244/299/768
f 354/424/769 355/425/765 244/299/768 230/281/770
f 353/423/771 354/424/769 230/281/770 173/219/772
s 39
f 161/207/773 352/422/774 353/423/775 173/219/776
s 27
f 151/195/777 351/421/778 352/422/779 161/207/780
s 41
f 350/420/781 351/421/782 151/195/783 176/222/784
s 53
f 349/419/785 350/420/786 176/222/787 188/234/788
s 17
f 333/400/789 348/418/790 349/419/791 188/234/792
s 55
f 177/223/793 345/415/794 346/416/795 189/235/796
s 43
f 150/194/797 344/414/798 345/415/799 177/223/800
s 16
f 343/413/801 344/414/802 150/194/803 149/193/804
s 1
f 149/193/805 158/204/806 372/444/807 343/413/808
s 5
f 158/204/809 157/203/810 371/443/811 372/444/812
f 368/440/813 369/441/814 340/409/815 156/202/816
f 367/439/817 368/440/813 156/202/816 235/288/818
f 366/438/819 367/439/817 235/288/818 249/306/820
f 365/437/821 366/438/819 249/306/820 155/201/822
f 364/436/823 365/437/821 155/201/822 154/200/824
s 3
f 363/434/825 364/435/826 154/199/827 153/198/828
s 58
f 278/338/829 277/337/830 149/193/831 191/237/832
s 60
f 279/339/833 278/338/834 191/237/835 195/241/836
s 6
f 195/241/837 196/242/838 280/340/839 279/339/840
s 59
f 192/238/841 281/341/842 280/340/843 196/242/844
s 57
f 150/194/845 282/342/846 281/341/847 192/238/848
s 48
f 283/343/849 282/342/850 150/194/851 179/225/852
s 52
f 284/344/853 283/343/854 179/225/855 183/229/856
s 12
f 328/395/857 329/396/858 184/230/859 285/345/860
s 50
f 180/226/861 286/346/862 285/345/863 184/230/864
s 46
f 151/195/865 287/347/866 286/346/867 180/226/868
s 32
f 288/348/869 287/347/870 151/195/871 163/209/872
s 36
f 289/349/873 288/348/874 163/209/875 167/213/876
s 10
f 167/213/877 226/277/878 290/350/879 289/349/880
f 291/351/881 290/350/879 226/277/878 240/295/882
f 292/352/883 291/351/881 240/295/882 168/214/884
s 34
f 164/210/885 293/353/886 292/352/887 168/214/888
s 30
f 152/196/889 294/354/890 293/353/891 164/210/892
s 61
f 295/355/893 294/354/894 152/196/895 213/263/896
s 65
f 296/356/897 295/355/898 213/263/899 219/269/900
s 7
f 297/357/901 296/356/902 219/269/746 220/270/745
s 66
f 214/264/903 298/358/904 297/357/905 220/270/906
s 62
f 153/197/907 299/359/908 298/358/909 214/264/910
s 3
f 153/198/828 154/199/827 300/361/911 299/360/912
s 5
f 154/200/824 155/201/822 301/363/913 300/362/914
f 155/201/822 249/306/820 302/364/915 301/363/913
f 303/365/916 302/364/915 249/306/820 235/288/818
f 304/366/917 303/365/916 235/288/818 156/202/816
f 156/202/816 340/409/815 341/410/918 304/366/917
f 306/368/919 305/367/920 157/203/810 158/204/809
s 1
f 277/337/921 306/368/922 158/204/806 149/193/805
s 47
f 308/371/923 307/369/924 146/187/925 182/228/926
s 51
f 309/372/927 308/371/928 182/228/929 186/232/930
s 12
f 380/452/931 381/453/932 309/372/933 186/232/934
f 183/229/935 311/374/936 310/373/937 284/344/938
s 49
f 179/225/939 312/375/940 311/374/941 183/229/942
s 45
f 150/194/943 313/376/944 312/375/945 179/225/946
s 42
f 314/377/947 313/376/948 150/194/949 177/223/950
s 54
f 315/378/951 314/377/952 177/223/953 189/235/954
s 17
f 346/416/955 347/417/956 315/378/957 189/235/958
f 317/380/959 316/379/960 266/325/961 190/236/962
s 56
f 178/224/963 318/381/964 317/380/965 190/236/966
s 44
f 145/185/967 319/382/968 318/381/969 178/224/970
s 2
f 145/186/344 148/191/343 320/384/971 319/383/972
s 5
f 148/192/437 271/330/436 321/386/973 320/385/974
f 322/387/975 370/442/976 371/443/811 157/203/810
f 323/388/977 322/387/975 157/203/810 305/367/920
f 324/390/978 404/478/979 405/479/355 147/190/354
s 4
f 307/370/980 324/389/981 147/189/350 146/188/349
s 47
f 326/393/533 325/391/532 307/369/924 308/371/923
s 51
f 327/394/549 326/393/548 308/371/928 309/372/927
s 12
f 309/372/933 381/453/932 382/454/390 327/394/389
f 310/373/937 311/374/936 329/396/858 328/395/857
s 49
f 311/374/941 312/375/940 330/397/540 329/396/539
s 45
f 312/375/945 313/376/944 331/398/524 330/397/523
s 42
f 332/399/513 331/398/512 313/376/948 314/377/947
s 54
f 333/400/561 332/399/560 314/377/952 315/378/951
s 17
f 315/378/957 347/417/956 348/418/790 333/400/789
f 335/402/412 334/401/411 316/379/960 317/380/959
s 56
f 317/380/965 318/381/964 336/403/568 335/402/567
s 44
f 318/381/969 319/382/968 337/404/520 336/403/519
s 2
f 319/383/972 320/384/971 338/406/402 337/405/401
s 5
f 320/385/974 321/386/973 339/408/432 338/407/431
f 340/409/815 369/441/814 370/442/976 322/387/975
f 341/410/918 340/409/815 322/387/975 323/388/977
f 342/412/399 403/477/398 404/478/979 324/390/978
s 4
f 325/392/396 342/411/395 324/389/981 307/370/980
s 16
f 269/328/407 268/327/406 344/414/802 343/413/801
s 43
f 345/415/799 344/414/798 268/327/516 267/326/515
s 55
f 346/416/795 345/415/794 267/326/564 266/325/563
s 17
f 266/325/961 316/379/960 347/417/956 346/416/955
s off
f 408/481/982 407/482/983 409/483/984 410/484/985
s 17
f 349/419/791 348/418/790 334/401/411 265/324/410
s 53
f 265/324/557 264/323/556 350/420/786 349/419/785
s 41
f 264/323/509 263/322/508 351/421/782 350/420/781
s 27
f 352/422/779 351/421/778 263/322/452 262/321/451
s 39
f 353/423/775 352/422/774 262/321/500 261/320/499
s 18
f 261/320/719 260/319/718 354/424/769 353/423/771
s off
f 412/485/986 411/486/987 413/487/988 414/488/989
s 18
f 259/318/415 258/317/414 356/426/766 355/425/765
s 37
f 258/317/493 257/316/492 357/427/762 356/426/761
s 25
f 257/316/445 256/315/444 358/428/758 357/427/757
s 63
f 359/429/755 358/428/754 256/315/654 255/314/653
s 67
f 360/430/751 359/429/750 255/314/678 254/313/677
s 7
f 361/431/748 360/430/747 254/313/418 253/312/417
s 68
f 253/312/687 252/311/686 362/432/742 361/431/741
s 64
f 252/311/663 251/309/662 363/433/738 362/432/737
s 3
f 251/310/424 276/335/423 364/435/826 363/434/825
s 5
f 276/336/427 275/334/426 365/437/821 364/436/823
f 275/334/426 274/333/430 366/438/819 365/437/821
f 274/333/430 273/332/731 367/439/817 366/438/819
f 273/332/731 272/331/433 368/440/813 367/439/817
f 272/331/433 339/408/432 369/441/814 368/440/813
f 370/442/976 369/441/814 339/408/432 321/386/973
f 371/443/811 370/442/976 321/386/973 271/330/436
f 372/444/812 371/443/811 271/330/436 270/329/435
s 1
f 343/413/808 372/444/807 270/329/440 269/328/439
s 58
f 374/446/585 373/445/584 277/337/830 278/338/829
s 60
f 375/447/601 374/446/600 278/338/834 279/339/833
s 6
f 279/339/840 280/340/839 376/448/358 375/447/357
s 59
f 280/340/843 281/341/842 377/449/592 376/448/591
s 57
f 281/341/847 282/342/846 378/450/576 377/449/575
s 48
f 379/451/537 378/450/536 282/342/850 283/343/849
s 52
f 380/452/553 379/451/552 283/343/854 284/344/853
s 12
f 284/344/938 310/373/937 381/453/932 380/452/931
s off
f 416/489/990 415/490/991 417/491/992 418/492/993
s 12
f 383/455/391 382/454/390 328/395/857 285/345/860
s 50
f 285/345/863 286/346/862 384/456/544 383/455/543
s 46
f 286/346/867 287/347/866 385/457/528 384/456/527
s 32
f 386/458/473 385/457/472 287/347/870 288/348/869
s 36
f 387/459/489 386/458/488 288/348/874 289/349/873
s 10
f 289/349/880 290/350/879 388/460/698 387/459/697
s off
f 420/493/994 419/494/995 421/495/996 422/496/997
s 10
f 390/462/379 389/461/378 291/351/881 292/352/883
s 34
f 292/352/887 293/353/886 391/463/480 390/462/479
s 30
f 293/353/891 294/354/890 392/464/464 391/463/463
s 61
f 393/465/647 392/464/646 294/354/894 295/355/893
s 65
f 394/466/671 393/465/670 295/355/898 296/356/897
s 7
f 395/467/364 394/466/363 296/356/902 297/357/901
s 66
f 297/357/905 298/358/904 396/468/674 395/467/673
s 62
f 298/358/909 299/359/908 397/469/650 396/468/649
s 3
f 299/360/912 300/361/911 398/471/346 397/470/345
s 5
f 300/362/914 301/363/913 399/473/370 398/472/369
f 301/363/913 302/364/915 400/474/383 399/473/370
f 401/475/734 400/474/383 302/364/915 303/365/916
f 402/476/397 401/475/734 303/365/916 304/366/917
f 304/366/917 341/410/918 403/477/398 402/476/397
f 404/478/979 403/477/398 341/410/918 323/388/977
f 405/479/355 404/478/979 323/388/977 305/367/920
f 406/480/356 405/479/355 305/367/920 306/368/919
s 1
f 373/445/340 406/480/339 306/368/922 277/337/921
s off
f 348/418/998 347/417/999 407/482/1000 408/481/1001
f 347/417/1002 316/379/1003 409/483/1004 407/482/1005
f 316/379/1006 334/401/1007 410/484/1008 409/483/1009
f 334/401/1010 348/418/1011 408/481/1012 410/484/1013
f 260/319/1014 259/318/1015 411/486/1016 412/485/1017
f 259/318/1018 355/425/1019 413/487/1020 411/486/1021
f 355/425/1022 354/424/1023 414/488/1024 413/487/1025
f 354/424/1026 260/319/1027 412/485/1028 414/488/1029
f 382/454/1030 381/453/1031 415/490/1032 416/489/1033
f 381/453/1034 310/373/1035 417/491/1036 415/490/1037
f 310/373/1038 328/395/1039 418/492/1040 417/491/1041
f 328/395/1042 382/454/1043 416/489/1044 418/492/1045
f 389/461/1046 388/460/1047 419/494/1048 420/493/1049
f 388/460/1050 290/350/1051 421/495/1052 419/494/1053
f 290/350/1054 291/351/1055 422/496/1056 421/495/1057
f 291/351/1058 389/461/1059 420/493/1060 422/496/1061
g default
v 59.025428 2.493281 -30.416931
v 58.965960 2.493281 -30.441563
v 58.906502 2.493281 -30.416931
v 58.881864 2.493281 -30.357468
v 58.906502 2.493281 -30.298000
v 58.965960 2.493281 -30.273373
v 59.025428 2.493281 -30.298000
v 59.050055 2.493281 -30.357468
v 59.025428 2.605000 -30.416931
v 58.965960 2.605000 -30.441563
v 58.906502 2.605000 -30.416931
v 58.881864 2.605000 -30.357468
v 58.906502 2.605000 -30.298000
v 58.965960 2.605000 -30.273373
v 59.025428 2.605000 -30.298000
v 59.050055 2.605000 -30.357468
v 58.965960 2.493281 -30.357468
v 59.052786 2.645806 -30.444294
v 58.965960 2.645806 -30.480259
v 58.879144 2.645806 -30.444294
v 58.843174 2.645806 -30.357468
v 58.879144 2.645806 -30.270642
v 58.965960 2.645806 -30.234682
v 59.052786 2.645806 -30.270642
v 59.088746 2.645806 -30.357468
v 59.052786 2.679345 -30.444294
v 58.965960 2.679345 -30.480259
v 58.965960 2.679345 -30.357468
v 58.879144 2.679345 -30.444294
v 58.843174 2.679345 -30.357468
v 58.879144 2.679345 -30.270642
v 58.965960 2.679345 -30.234682
v 59.052786 2.679345 -30.270642
v 59.088746 2.679345 -30.357468
vt 0.610485 0.045765
vt 0.500000 0.000000
vt 0.389515 0.045765
vt 0.343750 0.156250
vt 0.389515 0.266735
vt 0.500000 0.312500
vt 0.610485 0.266735
vt 0.656250 0.156250
vt 0.375000 0.312500
vt 0.406250 0.312500
vt 0.437500 0.312500
vt 0.468750 0.312500
vt 0.500000 0.312500
vt 0.531250 0.312500
vt 0.562500 0.312500
vt 0.593750 0.312500
vt 0.625000 0.312500
vt 0.375000 0.687500
vt 0.406250 0.687500
vt 0.437500 0.687500
vt 0.468750 0.687500
vt 0.500000 0.687500
vt 0.531250 0.687500
vt 0.562500 0.687500
vt 0.593750 0.687500
vt 0.625000 0.687500
vt 0.610485 0.733265
vt 0.500000 0.687500
vt 0.389515 0.733265
vt 0.343750 0.843750
vt 0.389515 0.954235
vt 0.500000 1.000000
vt 0.610485 0.954235
vt 0.656250 0.843750
vt 0.500000 0.156250
vt 0.500000 0.843750
vt 0.610485 0.954235
vt 0.500000 1.000000
vt 0.389515 0.954235
vt 0.343750 0.843750
vt 0.389515 0.733265
vt 0.500000 0.687500
vt 0.610485 0.733265
vt 0.656250 0.843750
vt 0.610485 0.954235
vt 0.500000 1.000000
vt 0.389515 0.954235
vt 0.343750 0.843750
vt 0.389515 0.733265
vt 0.500000 0.687500
vt 0.610485 0.733265
vt 0.656250 0.843750
vn 0.382678 0.000000 -0.923882
vn 0.382678 0.000000 -0.923882
vn 0.382678 0.000000 -0.923882
vn 0.382678 0.000000 -0.923882
vn -0.382734 0.000000 -0.923858
vn -0.382734 0.000000 -0.923858
vn -0.382734 0.000000 -0.923858
vn -0.382734 0.000000 -0.923858
vn -0.923842 0.000000 -0.382774
vn -0.923842 0.000000 -0.382774
vn -0.923842 0.000000 -0.382774
vn -0.923842 0.000000 -0.382774
vn -0.923854 0.000000 0.382746
vn -0.923854 0.000000 0.382746
vn -0.923854 0.000000 0.382746
vn -0.923854 0.000000 0.382746
vn -0.382666 0.000000 0.923887
vn -0.382666 0.000000 0.923887
vn -0.382666 0.000000 0.923887
vn -0.382666 0.000000 0.923887
vn 0.382610 0.000000 0.923910
vn 0.382610 0.000000 0.923910
vn 0.382610 0.000000 0.923910
vn 0.382610 0.000000 0.923910
vn 0.923910 0.000000 0.382610
vn 0.923910 0.000000 0.382610
vn 0.923910 0.000000 0.382610
vn 0.923910 0.000000 0.382610
vn 0.923898 0.000000 -0.382638
vn 0.923898 0.000000 -0.382638
vn 0.923898 0.000000 -0.382638
vn 0.923898 0.000000 -0.382638
vn 0.000000 -1.000000 0.000000
vn 0.000000 -1.000000 -0.000000
vn 0.000000 -1.000000 -0.000000
vn 0.000000 -1.000000 0.000000
vn 0.000000 -1.000000 0.000000
vn 0.000000 -1.000000 0.000000
vn 0.000000 -1.000000 0.000000
vn 0.000000 -1.000000 0.000000
vn 0.000000 -1.000000 -0.000000
vn 0.000000 1.000000 0.000000
vn 0.000000 1.000000 0.000000
vn 0.000000 1.000000 0.000000
vn 0.000000 1.000000 0.000000
vn 0.000000 1.000000 0.000000
vn 0.000000 1.000000 0.000000
vn 0.000000 1.000000 0.000000
vn 0.000000 1.000000 0.000000
vn 0.000000 1.000000 0.000000
vn 0.287844 -0.658971 -0.694912
vn 0.287844 -0.658971 -0.694912
vn 0.287844 -0.658971 -0.694912
vn 0.287844 -0.658971 -0.694912
vn -0.287879 -0.658971 -0.694898
vn -0.287879 -0.658971 -0.694898
vn -0.287879 -0.658971 -0.694898
vn -0.287879 -0.658971 -0.694898
vn -0.694923 -0.658932 -0.287907
vn -0.694923 -0.658932 -0.287907
vn -0.694923 -0.658932 -0.287907
vn -0.694923 -0.658932 -0.287907
vn -0.694935 -0.658922 0.287902
vn -0.694935 -0.658922 0.287902
vn -0.694935 -0.658922 0.287902
vn -0.694935 -0.658922 0.287902
vn -0.287854 -0.658922 0.694955
vn -0.287854 -0.658922 0.694955
vn -0.287854 -0.658922 0.694955
vn -0.287853 -0.658922 0.694955
vn 0.287819 -0.658922 0.694969
vn 0.287819 -0.658922 0.694969
vn 0.287819 -0.658922 0.694969
vn 0.287819 -0.658922 0.694969
vn 0.694969 -0.658922 0.287819
vn 0.694969 -0.658922 0.287819
vn 0.694969 -0.658922 0.287819
vn 0.694969 -0.658922 0.287819
vn 0.694957 -0.658932 -0.287824
vn 0.694957 -0.658932 -0.287824
vn 0.694957 -0.658932 -0.287824
vn 0.694957 -0.658932 -0.287824
vn 0.382691 0.000000 -0.923876
vn 0.382691 0.000000 -0.923876
vn 0.382691 0.000000 -0.923876
vn 0.382691 0.000000 -0.923876
vn -0.382730 0.000000 -0.923860
vn -0.382730 0.000000 -0.923860
vn -0.382730 0.000000 -0.923860
vn -0.382730 0.000000 -0.923860
vn -0.923857 0.000000 -0.382738
vn -0.923857 0.000000 -0.382738
vn -0.923857 0.000000 -0.382738
vn -0.923857 0.000000 -0.382738
vn -0.923857 0.000000 0.382738
vn -0.923857 0.000000 0.382738
vn -0.923857 0.000000 0.382738
vn -0.923857 0.000000 0.382738
vn -0.382683 0.000000 0.923880
vn -0.382683 0.000000 0.923880
vn -0.382683 0.000000 0.923880
vn -0.382683 0.000000 0.923880
vn 0.382645 0.000000 0.923896
vn 0.382645 0.000000 0.923896
vn 0.382645 0.000000 0.923896
vn 0.382645 0.000000 0.923896
vn 0.923896 0.000000 0.382644
vn 0.923896 0.000000 0.382644
vn 0.923896 0.000000 0.382644
vn 0.923896 0.000000 0.382644
vn 0.923896 0.000000 -0.382644
vn 0.923896 0.000000 -0.382644
vn 0.923896 0.000000 -0.382644
vn 0.923896 0.000000 -0.382644
s off
g pCylinder18
usemtl initialShadingGroup
f 423/505/1062 424/506/1063 432/515/1064 431/514/1065
f 424/506/1066 425/507/1067 433/516/1068 432/515/1069
f 425/507/1070 426/508/1071 434/517/1072 433/516/1073
f 426/508/1074 427/509/1075 435/518/1076 434/517/1077
f 427/509/1078 428/510/1079 436/519/1080 435/518/1081
f 428/510/1082 429/511/1083 437/520/1084 436/519/1085
f 429/511/1086 430/512/1087 438/521/1088 437/520/1089
f 430/512/1090 423/513/1091 431/522/1092 438/521/1093
s 1
f 424/498/1094 423/497/1095 439/531/1096
f 425/499/1097 424/498/1094 439/531/1096
f 426/500/1098 425/499/1097 439/531/1096
f 427/501/1099 426/500/1098 439/531/1096
f 428/502/1100 427/501/1099 439/531/1096
f 429/503/1101 428/502/1100 439/531/1096
f 430/504/1102 429/503/1101 439/531/1096
f 423/497/1095 430/504/1102 439/531/1096
s 2
f 448/541/1103 449/542/1104 450/532/1105
f 449/542/1104 451/543/1106 450/532/1105
f 451/543/1106 452/544/1107 450/532/1105
f 452/544/1107 453/545/1108 450/532/1105
f 453/545/1108 454/546/1109 450/532/1105
f 454/546/1109 455/547/1110 450/532/1105
f 455/547/1110 456/548/1111 450/532/1105
f 456/548/1111 448/541/1103 450/532/1105
s off
f 431/529/1112 432/528/1113 441/534/1114 440/533/1115
f 432/528/1116 433/527/1117 442/535/1118 441/534/1119
f 433/527/1120 434/526/1121 443/536/1122 442/535/1123
f 434/526/1124 435/525/1125 444/537/1126 443/536/1127
f 435/525/1128 436/524/1129 445/538/1130 444/537/1131
f 436/524/1132 437/523/1133 446/539/1134 445/538/1135
f 437/523/1136 438/530/1137 447/540/1138 446/539/1139
f 438/530/1140 431/529/1141 440/533/1142 447/540/1143
f 440/533/1144 441/534/1145 449/542/1146 448/541/1147
f 441/534/1148 442/535/1149 451/543/1150 449/542/1151
f 442/535/1152 443/536/1153 452/544/1154 451/543/1155
f 443/536/1156 444/537/1157 453/545/1158 452/544/1159
f 444/537/1160 445/538/1161 454/546/1162 453/545/1163
f 445/538/1164 446/539/1165 455/547/1166 454/546/1167
f 446/539/1168 447/540/1169 456/548/1170 455/547/1171
f 447/540/1172 440/533/1173 448/541/1174 456/548/1175
g default
v 58.674276 2.861846 -30.800687
v 58.617124 2.881927 -30.825780
v 58.559973 2.902009 -30.800687
v 58.536293 2.910327 -30.740105
v 58.559973 2.902009 -30.679522
v 58.617124 2.881927 -30.654430
v 58.674276 2.861846 -30.679522
v 58.697955 2.853527 -30.740105
v 58.689871 2.906216 -30.800687
v 58.632715 2.926298 -30.825780
v 58.575563 2.946379 -30.800687
v 58.551884 2.954698 -30.740105
v 58.575563 2.946379 -30.679522
v 58.632715 2.926298 -30.654430
v 58.689871 2.906216 -30.679522
v 58.713545 2.897898 -30.740105
v 58.617124 2.881927 -30.740105
v 58.694985 2.936196 -30.795573
v 58.642651 2.954582 -30.818550
v 58.590322 2.972969 -30.795573
v 58.568649 2.980586 -30.740105
v 58.590322 2.972969 -30.684636
v 58.642651 2.954582 -30.661656
v 58.694985 2.936196 -30.684636
v 58.716659 2.928580 -30.740105
v 58.755866 3.109478 -30.795573
v 58.703537 3.127865 -30.818550
v 58.651203 3.146252 -30.795573
v 58.629530 3.153869 -30.740105
v 58.651203 3.146252 -30.684636
v 58.703537 3.127865 -30.661656
v 58.755866 3.109478 -30.684636
v 58.777545 3.101862 -30.740105
v 59.147042 2.501115 -30.847224
v 59.039925 2.501115 -30.891593
v 58.932808 2.501115 -30.847224
v 58.888434 2.501115 -30.740105
v 58.932808 2.501115 -30.632985
v 59.039925 2.501115 -30.588616
v 59.147042 2.501115 -30.632985
v 59.191416 2.501115 -30.740105
v 59.147042 2.619776 -30.847224
v 59.039925 2.619776 -30.891593
v 58.932808 2.619776 -30.847224
v 58.888434 2.619776 -30.740105
v 58.932808 2.619776 -30.632985
v 59.039925 2.619776 -30.588616
v 59.147042 2.619776 -30.632985
v 59.191416 2.619776 -30.740105
v 59.039925 2.501115 -30.740105
v 59.096800 2.700833 -30.795573
v 59.041334 2.700833 -30.818550
v 58.985867 2.700833 -30.795573
v 58.962890 2.700833 -30.740105
v 58.985867 2.700833 -30.684636
v 59.041334 2.700833 -30.661656
v 59.096800 2.700833 -30.684636
v 59.119777 2.700833 -30.740105
v 59.096800 3.052712 -30.795573
v 59.041334 3.052712 -30.818550
v 58.985867 3.052712 -30.795573
v 58.962890 3.052712 -30.740105
v 58.985867 3.052712 -30.684636
v 59.041334 3.052712 -30.661656
v 59.096800 3.052712 -30.684636
v 59.119777 3.052712 -30.740105
v 58.866789 3.212008 -30.818550
v 58.868962 3.267375 -30.795573
v 58.869859 3.290308 -30.740105
v 58.868962 3.267375 -30.684636
v 58.866789 3.212008 -30.661656
v 58.864626 3.156641 -30.684636
v 58.863728 3.133708 -30.740105
v 58.864626 3.156641 -30.795573
v 58.941369 3.202183 -30.818550
v 58.955011 3.255324 -30.795573
v 58.960665 3.277334 -30.740105
v 58.955011 3.255324 -30.684636
v 58.941369 3.202183 -30.661656
v 58.927722 3.149044 -30.684636
v 58.922069 3.127033 -30.740105
v 58.927722 3.149044 -30.795573
v 59.001945 3.174220 -30.818550
v 59.039242 3.212347 -30.795573
v 59.054694 3.228139 -30.740105
v 59.039242 3.212347 -30.684636
v 59.001945 3.174220 -30.661656
v 58.964638 3.136095 -30.684636
v 58.949186 3.120301 -30.740105
v 58.964638 3.136095 -30.795573
v 59.034945 3.122821 -30.818550
v 59.088467 3.132847 -30.795573
v 59.110638 3.137000 -30.740105
v 59.088467 3.132847 -30.684636
v 59.034945 3.122821 -30.661656
v 58.981412 3.112800 -30.684636
v 58.959247 3.108649 -30.740105
v 58.981412 3.112800 -30.795573
v 58.771514 3.190922 -30.818550
v 58.796138 3.141462 -30.795573
v 58.806338 3.120975 -30.740105
v 58.796138 3.141462 -30.684636
v 58.771514 3.190922 -30.661656
v 58.746894 3.240383 -30.684636
v 58.736695 3.260870 -30.740105
v 58.746894 3.240383 -30.795573
v 58.725058 3.021799 -30.795571
v 58.746736 3.014183 -30.740105
v 58.725058 3.021799 -30.684634
v 58.672724 3.040186 -30.661656
v 58.620395 3.058573 -30.684634
v 58.598721 3.066189 -30.740105
v 58.620395 3.058573 -30.795571
v 58.672724 3.040186 -30.818548
vt 0.610485 0.045765
vt 0.500000 0.000000
vt 0.389515 0.045765
vt 0.343750 0.156250
vt 0.389515 0.266735
vt 0.500000 0.312500
vt 0.610485 0.266735
vt 0.656250 0.156250
vt 0.375000 0.312500
vt 0.406250 0.312500
vt 0.437500 0.312500
vt 0.468750 0.312500
vt 0.500000 0.312500
vt 0.531250 0.312500
vt 0.562500 0.312500
vt 0.593750 0.312500
vt 0.625000 0.312500
vt 0.375000 0.687500
vt 0.406250 0.687500
vt 0.437500 0.687500
vt 0.468750 0.687500
vt 0.500000 0.687500
vt 0.531250 0.687500
vt 0.562500 0.687500
vt 0.593750 0.687500
vt 0.625000 0.687500
vt 0.610485 0.733265
vt 0.500000 0.687500
vt 0.389515 0.733265
vt 0.343750 0.843750
vt 0.389515 0.954235
vt 0.500000 1.000000
vt 0.610485 0.954235
vt 0.656250 0.843750
vt 0.500000 0.156250
vt 0.610485 0.954235
vt 0.500000 1.000000
vt 0.389515 0.954235
vt 0.343750 0.843750
vt 0.389515 0.733265
vt 0.500000 0.687500
vt 0.610485 0.733265
vt 0.656250 0.843750
vt 0.610485 0.954235
vt 0.500000 1.000000
vt 0.389515 0.954235
vt 0.343750 0.843750
vt 0.389515 0.733265
vt 0.500000 0.687500
vt 0.610485 0.733265
vt 0.656250 0.843750
vt 0.375000 0.312500
vt 0.406250 0.312500
vt 0.406250 0.687500
vt 0.375000 0.687500
vt 0.437500 0.312500
vt 0.437500 0.687500
vt 0.468750 0.312500
vt 0.468750 0.687500
vt 0.500000 0.312500
vt 0.500000 0.687500
vt 0.531250 0.312500
vt 0.531250 0.687500
vt 0.562500 0.312500
vt 0.562500 0.687500
vt 0.593750 0.312500
vt 0.593750 0.687500
vt 0.625000 0.312500
vt 0.625000 0.687500
vt 0.500000 0.000000
vt 0.610485 0.045765
vt 0.500000 0.156250
vt 0.389515 0.045765
vt 0.343750 0.156250
vt 0.389515 0.266735
vt 0.500000 0.312500
vt 0.610485 0.266735
vt 0.656250 0.156250
vt 0.610485 0.954235
vt 0.500000 1.000000
vt 0.500000 1.000000
vt 0.610485 0.954235
vt 0.389515 0.954235
vt 0.389515 0.954235
vt 0.343750 0.843750
vt 0.343750 0.843750
vt 0.389515 0.733265
vt 0.389515 0.733265
vt 0.500000 0.687500
vt 0.500000 0.687500
vt 0.610485 0.733265
vt 0.610485 0.733265
vt 0.656250 0.843750
vt 0.656250 0.843750
vt 0.500000 1.000000
vt 0.610485 0.954235
vt 0.389515 0.954235
vt 0.343750 0.843750
vt 0.389515 0.733265
vt 0.500000 0.687500
vt 0.610485 0.733265
vt 0.656250 0.843750
vt 0.500000 1.000000
vt 0.433709 0.954235
vt 0.406250 0.843750
vt 0.433709 0.733265
vt 0.500000 0.687500
vt 0.566291 0.733265
vt 0.593750 0.843750
vt 0.566291 0.954235
vt 0.500000 1.000000
vt 0.477903 0.954235
vt 0.468750 0.843750
vt 0.477903 0.733265
vt 0.500000 0.687500
vt 0.522097 0.733265
vt 0.531250 0.843750
vt 0.522097 0.954235
vt 0.500000 1.000000
vt 0.522097 0.954235
vt 0.531250 0.843750
vt 0.522097 0.733265
vt 0.500000 0.687500
vt 0.477903 0.733265
vt 0.468750 0.843750
vt 0.477903 0.954235
vt 0.500000 1.000000
vt 0.566291 0.954235
vt 0.593750 0.843750
vt 0.566291 0.733265
vt 0.500000 0.687500
vt 0.433709 0.733265
vt 0.406250 0.843750
vt 0.433709 0.954235
vt 0.500000 1.000000
vt 0.588014 0.954235
vt 0.624471 0.843750
vt 0.588014 0.733265
vt 0.500000 0.687500
vt 0.411986 0.733265
vt 0.375529 0.843750
vt 0.411986 0.954235
vt 0.610485 0.954235
vt 0.656250 0.843750
vt 0.610485 0.733265
vt 0.500000 0.687500
vt 0.389515 0.733265
vt 0.343750 0.843750
vt 0.389515 0.954235
vt 0.500000 1.000000
vn 0.361046 -0.126890 -0.923875
vn 0.361046 -0.126890 -0.923875
vn 0.361046 -0.126890 -0.923875
vn 0.361046 -0.126890 -0.923875
vn -0.361113 0.126892 -0.923849
vn -0.361113 0.126892 -0.923849
vn -0.361113 0.126892 -0.923848
vn -0.361113 0.126892 -0.923848
vn -0.871591 0.306338 -0.382737
vn -0.871591 0.306338 -0.382737
vn -0.871590 0.306338 -0.382737
vn -0.871591 0.306338 -0.382737
vn -0.871605 0.306321 0.382716
vn -0.871605 0.306321 0.382716
vn -0.871605 0.306321 0.382716
vn -0.871605 0.306321 0.382716
vn -0.361007 0.126898 0.923889
vn -0.361007 0.126898 0.923889
vn -0.361007 0.126898 0.923889
vn -0.361007 0.126898 0.923889
vn 0.360993 -0.126893 0.923895
vn 0.360994 -0.126893 0.923895
vn 0.360994 -0.126893 0.923895
vn 0.360994 -0.126893 0.923895
vn 0.871629 -0.306309 0.382672
vn 0.871629 -0.306309 0.382672
vn 0.871629 -0.306309 0.382672
vn 0.871629 -0.306309 0.382672
vn 0.871599 -0.306341 -0.382714
vn 0.871599 -0.306341 -0.382714
vn 0.871599 -0.306341 -0.382714
vn 0.871599 -0.306341 -0.382714
vn -0.331463 -0.943468 0.000000
vn -0.331509 -0.943452 0.000004
vn -0.331494 -0.943457 0.000000
vn -0.331495 -0.943457 -0.000004
vn -0.331525 -0.943446 0.000000
vn -0.331448 -0.943473 0.000004
vn -0.331463 -0.943468 0.000000
vn -0.331524 -0.943447 -0.000004
vn -0.331525 -0.943446 0.000000
vn 0.424477 0.081417 -0.901771
vn 0.424477 0.081417 -0.901771
vn 0.424477 0.081417 -0.901771
vn 0.424477 0.081417 -0.901771
vn -0.280409 0.329064 -0.901714
vn -0.280409 0.329064 -0.901714
vn -0.280409 0.329064 -0.901714
vn -0.280409 0.329064 -0.901714
vn -0.778669 0.504121 -0.373546
vn -0.778669 0.504121 -0.373546
vn -0.778669 0.504121 -0.373546
vn -0.778669 0.504121 -0.373546
vn -0.778707 0.504066 0.373541
vn -0.778707 0.504066 0.373541
vn -0.778707 0.504066 0.373541
vn -0.778707 0.504066 0.373541
vn -0.280337 0.328900 0.901796
vn -0.280337 0.328900 0.901796
vn -0.280337 0.328900 0.901796
vn -0.280337 0.328900 0.901796
vn 0.424477 0.081405 0.901772
vn 0.424477 0.081405 0.901772
vn 0.424477 0.081405 0.901772
vn 0.424477 0.081405 0.901772
vn 0.922908 -0.093566 0.373478
vn 0.922908 -0.093566 0.373478
vn 0.922908 -0.093566 0.373478
vn 0.922908 -0.093566 0.373478
vn 0.922911 -0.093530 -0.373480
vn 0.922911 -0.093530 -0.373480
vn 0.922911 -0.093530 -0.373480
vn 0.922911 -0.093530 -0.373480
vn 0.361048 -0.126790 -0.923888
vn 0.361048 -0.126790 -0.923888
vn 0.361054 -0.126857 -0.923876
vn 0.361054 -0.126857 -0.923876
vn -0.361009 0.126856 -0.923894
vn -0.361009 0.126856 -0.923894
vn -0.361037 0.126849 -0.923884
vn -0.361037 0.126849 -0.923884
vn -0.871683 0.306190 -0.382645
vn -0.871683 0.306190 -0.382645
vn -0.871656 0.306254 -0.382655
vn -0.871656 0.306254 -0.382655
vn -0.871698 0.306178 0.382619
vn -0.871698 0.306178 0.382619
vn -0.871671 0.306242 0.382631
vn -0.871671 0.306242 0.382631
vn -0.361069 0.126865 0.923869
vn -0.361069 0.126865 0.923869
vn -0.361066 0.126881 0.923868
vn -0.361066 0.126881 0.923868
vn 0.361105 -0.126860 0.923856
vn 0.361105 -0.126860 0.923856
vn 0.361084 -0.126865 0.923864
vn 0.361084 -0.126865 0.923864
vn 0.871626 -0.306298 0.382687
vn 0.871626 -0.306298 0.382687
vn 0.871633 -0.306281 0.382686
vn 0.871633 -0.306281 0.382686
vn 0.871635 -0.306272 -0.382688
vn 0.871635 -0.306272 -0.382688
vn 0.871619 -0.306293 -0.382708
vn 0.871619 -0.306293 -0.382708
vn 0.382666 0.000000 -0.923887
vn 0.382666 0.000000 -0.923887
vn 0.382666 0.000000 -0.923887
vn 0.382666 0.000000 -0.923887
vn -0.382666 0.000000 -0.923887
vn -0.382666 0.000000 -0.923887
vn -0.382666 0.000000 -0.923887
vn -0.382666 0.000000 -0.923887
vn -0.923868 0.000000 -0.382710
vn -0.923868 0.000000 -0.382710
vn -0.923868 0.000000 -0.382710
vn -0.923868 0.000000 -0.382710
vn -0.923872 0.000000 0.382701
vn -0.923872 0.000000 0.382701
vn -0.923872 0.000000 0.382701
vn -0.923872 0.000000 0.382701
vn -0.382666 0.000000 0.923887
vn -0.382666 0.000000 0.923887
vn -0.382666 0.000000 0.923887
vn -0.382666 0.000000 0.923887
vn 0.382666 0.000000 0.923887
vn 0.382666 0.000000 0.923887
vn 0.382666 0.000000 0.923887
vn 0.382666 0.000000 0.923887
vn 0.923872 0.000000 0.382701
vn 0.923872 0.000000 0.382701
vn 0.923872 0.000000 0.382701
vn 0.923872 0.000000 0.382701
vn 0.923868 0.000000 -0.382710
vn 0.923868 0.000000 -0.382710
vn 0.923868 0.000000 -0.382710
vn 0.923868 0.000000 -0.382710
vn 0.000000 -1.000000 0.000000
vn 0.000000 -1.000000 0.000000
vn 0.000000 -1.000000 0.000000
vn 0.000000 -1.000000 0.000000
vn 0.000000 -1.000000 0.000000
vn 0.000000 -1.000000 0.000000
vn 0.000000 -1.000000 0.000000
vn 0.000000 -1.000000 0.000000
vn 0.000000 -1.000000 0.000000
vn 0.295072 0.636788 -0.712343
vn 0.295072 0.636788 -0.712343
vn 0.295072 0.636788 -0.712343
vn 0.295072 0.636788 -0.712343
vn -0.293156 0.642804 -0.707717
vn -0.293156 0.642804 -0.707717
vn -0.293156 0.642804 -0.707717
vn -0.293156 0.642804 -0.707717
vn -0.704390 0.647067 -0.291787
vn -0.704390 0.647067 -0.291787
vn -0.704390 0.647067 -0.291787
vn -0.704390 0.647067 -0.291787
vn -0.704390 0.647067 0.291787
vn -0.704390 0.647067 0.291787
vn -0.704390 0.647067 0.291787
vn -0.704390 0.647067 0.291787
vn -0.293156 0.642804 0.707716
vn -0.293156 0.642804 0.707716
vn -0.293156 0.642804 0.707716
vn -0.293156 0.642804 0.707716
vn 0.295072 0.636789 0.712343
vn 0.295072 0.636789 0.712343
vn 0.295072 0.636789 0.712343
vn 0.295072 0.636789 0.712343
vn 0.715598 0.632495 0.296429
vn 0.715598 0.632495 0.296429
vn 0.715598 0.632495 0.296429
vn 0.715598 0.632495 0.296429
vn 0.715598 0.632494 -0.296430
vn 0.715598 0.632494 -0.296430
vn 0.715598 0.632494 -0.296430
vn 0.715598 0.632494 -0.296430
vn 0.382725 0.000000 -0.923862
vn 0.382725 0.000000 -0.923862
vn 0.382725 0.000000 -0.923862
vn 0.382725 0.000000 -0.923862
vn -0.382725 0.000000 -0.923862
vn -0.382725 0.000000 -0.923862
vn -0.382725 0.000000 -0.923862
vn -0.382725 0.000000 -0.923862
vn -0.923869 0.000000 -0.382709
vn -0.923869 0.000000 -0.382709
vn -0.923869 0.000000 -0.382709
vn -0.923869 0.000000 -0.382709
vn -0.923869 0.000000 0.382709
vn -0.923869 0.000000 0.382709
vn -0.923869 0.000000 0.382709
vn -0.923869 0.000000 0.382709
vn -0.382785 0.000000 0.923837
vn -0.382785 0.000000 0.923837
vn -0.382785 0.000000 0.923837
vn -0.382785 0.000000 0.923837
vn 0.382785 0.000000 0.923837
vn 0.382785 0.000000 0.923837
vn 0.382785 0.000000 0.923837
vn 0.382785 0.000000 0.923837
vn 0.923869 0.000000 0.382709
vn 0.923869 0.000000 0.382709
vn 0.923869 0.000000 0.382709
vn 0.923869 0.000000 0.382709
vn 0.923869 0.000000 -0.382709
vn 0.923869 0.000000 -0.382709
vn 0.923869 0.000000 -0.382709
vn 0.923869 0.000000 -0.382709
vn 0.366187 0.133532 -0.920910
vn 0.369518 0.118068 -0.921692
vn 0.385245 0.037732 -0.922043
vn 0.385245 0.037732 -0.922043
vn 0.868372 0.324932 -0.374632
vn 0.872900 0.311597 -0.375436
vn 0.920515 0.097801 -0.378269
vn 0.920515 0.097801 -0.378269
vn 0.872897 0.311602 0.375440
vn 0.868369 0.324936 0.374635
vn 0.920509 0.097805 0.378282
vn 0.920509 0.097805 0.378282
vn 0.369608 0.118063 0.921657
vn 0.366281 0.133526 0.920874
vn 0.385316 0.037731 0.922013
vn 0.385316 0.037731 0.922013
vn -0.371965 -0.100366 0.922805
vn -0.368229 -0.117319 0.922303
vn -0.385808 -0.032131 0.922019
vn -0.385808 -0.032131 0.922019
vn -0.902015 -0.199867 0.382652
vn -0.897874 -0.217623 0.382704
vn -0.923487 -0.064428 0.378180
vn -0.923487 -0.064428 0.378180
vn -0.897861 -0.217635 -0.382727
vn -0.902002 -0.199879 -0.382677
vn -0.923471 -0.064434 -0.378220
vn -0.923471 -0.064434 -0.378220
vn -0.368166 -0.117290 -0.922332
vn -0.371906 -0.100343 -0.922831
vn -0.385768 -0.032131 -0.922036
vn -0.385768 -0.032131 -0.922036
vn -0.283971 0.295691 -0.912101
vn -0.283971 0.295691 -0.912101
vn -0.182135 0.343795 -0.921212
vn -0.185682 0.342211 -0.921094
vn -0.657690 0.663327 -0.356988
vn -0.657690 0.663327 -0.356988
vn -0.451654 0.808665 -0.376922
vn -0.455803 0.806405 -0.376769
vn -0.657664 0.663345 0.357003
vn -0.657664 0.663345 0.357003
vn -0.455793 0.806408 0.376774
vn -0.451644 0.808668 0.376927
vn -0.284023 0.295712 0.912078
vn -0.284023 0.295712 0.912078
vn -0.185709 0.342235 0.921079
vn -0.182161 0.343819 0.921198
vn 0.271560 -0.309325 0.911358
vn 0.271560 -0.309325 0.911358
vn 0.169318 -0.352784 0.920258
vn 0.168806 -0.352989 0.920273
vn 0.557023 -0.752780 0.350782
vn 0.557023 -0.752780 0.350782
vn 0.346551 -0.861906 0.370163
vn 0.349724 -0.860679 0.370033
vn 0.557024 -0.752781 -0.350778
vn 0.557024 -0.752781 -0.350778
vn 0.349732 -0.860677 -0.370030
vn 0.346558 -0.861904 -0.370161
vn 0.271504 -0.309249 -0.911400
vn 0.271504 -0.309249 -0.911400
vn 0.168744 -0.352957 -0.920297
vn 0.169256 -0.352752 -0.920282
vn -0.029622 0.384875 -0.922493
vn -0.023198 0.384820 -0.922700
vn 0.111281 0.373809 -0.920806
vn 0.114511 0.373267 -0.920630
vn -0.069952 0.922544 -0.379499
vn -0.063940 0.922896 -0.379703
vn 0.288242 0.880895 -0.375419
vn 0.292360 0.879635 -0.375192
vn -0.063950 0.922895 0.379703
vn -0.069963 0.922543 0.379499
vn 0.292355 0.879636 0.375192
vn 0.288237 0.880897 0.375420
vn -0.023192 0.384849 0.922688
vn -0.029616 0.384904 0.922481
vn 0.114526 0.373318 0.920607
vn 0.111295 0.373859 0.920784
vn 0.020479 -0.385016 0.922683
vn 0.027201 -0.385056 0.922492
vn -0.093533 -0.379781 0.920336
vn -0.093168 -0.379815 0.920359
vn 0.047485 -0.923865 0.379762
vn 0.054235 -0.923562 0.379595
vn -0.165834 -0.913150 0.372366
vn -0.167578 -0.912919 0.372151
vn 0.054253 -0.923561 -0.379594
vn 0.047504 -0.923864 -0.379762
vn -0.167566 -0.912920 -0.372153
vn -0.165821 -0.913151 -0.372369
vn 0.027163 -0.385040 -0.922500
vn 0.020445 -0.384997 -0.922691
vn -0.093149 -0.379792 -0.920370
vn -0.093514 -0.379758 -0.920347
vn 0.262783 0.292103 -0.919576
vn 0.258538 0.295717 -0.919625
vn 0.632124 0.679570 -0.372296
vn 0.629811 0.681694 -0.372331
vn 0.629809 0.681697 0.372330
vn 0.632122 0.679572 0.372294
vn 0.258601 0.295752 0.919596
vn 0.262849 0.292136 0.919547
vn -0.236371 -0.313423 0.919726
vn -0.246137 -0.305776 0.919738
vn -0.467392 -0.802979 0.369822
vn -0.486386 -0.791424 0.370239
vn -0.486402 -0.791415 -0.370237
vn -0.467408 -0.802971 -0.369820
vn -0.246067 -0.305748 -0.919766
vn -0.236302 -0.313399 -0.919751
vn 0.871603 -0.306313 -0.382728
vn 0.871603 -0.306313 -0.382728
vn 0.871639 -0.306263 0.382685
vn 0.871639 -0.306263 0.382685
vn 0.361063 -0.126871 0.923871
vn 0.361063 -0.126871 0.923871
vn -0.361063 0.126897 0.923867
vn -0.361063 0.126897 0.923867
vn -0.871644 0.306304 0.382641
vn -0.871644 0.306304 0.382641
vn -0.871630 0.306316 -0.382665
vn -0.871630 0.306316 -0.382665
vn -0.361065 0.126843 -0.923874
vn -0.361065 0.126843 -0.923874
vn 0.361060 -0.126921 -0.923865
vn 0.361060 -0.126921 -0.923865
s off
g pCylinder17
usemtl initialShadingGroup
f 457/557/1176 458/558/1177 466/567/1178 465/566/1179
f 458/558/1180 459/559/1181 467/568/1182 466/567/1183
f 459/559/1184 460/560/1185 468/569/1186 467/568/1187
f 460/560/1188 461/561/1189 469/570/1190 468/569/1191
f 461/561/1192 462/562/1193 470/571/1194 469/570/1195
f 462/562/1196 463/563/1197 471/572/1198 470/571/1199
f 463/563/1200 464/564/1201 472/573/1202 471/572/1203
f 464/564/1204 457/565/1205 465/574/1206 472/573/1207
s 1
f 458/550/1208 457/549/1209 473/583/1210
f 459/551/1211 458/550/1208 473/583/1210
f 460/552/1212 459/551/1211 473/583/1210
f 461/553/1213 460/552/1212 473/583/1210
f 462/554/1214 461/553/1213 473/583/1210
f 463/555/1215 462/554/1214 473/583/1210
f 464/556/1216 463/555/1215 473/583/1210
f 457/549/1209 464/556/1216 473/583/1210
s off
f 465/581/1217 466/580/1218 475/585/1219 474/584/1220
f 466/580/1221 467/579/1222 476/586/1223 475/585/1224
f 467/579/1225 468/578/1226 477/587/1227 476/586/1228
f 468/578/1229 469/577/1230 478/588/1231 477/587/1232
f 469/577/1233 470/576/1234 479/589/1235 478/588/1236
f 470/576/1237 471/575/1238 480/590/1239 479/589/1240
f 471/575/1241 472/582/1242 481/591/1243 480/590/1244
f 472/582/1245 465/581/1246 474/584/1247 481/591/1248
s 2
f 474/584/1249 475/585/1250 570/698/1251 563/691/1252
s 3
f 475/585/1253 476/586/1254 569/697/1255 570/698/1256
s 4
f 476/586/1257 477/587/1258 568/696/1259 569/697/1260
s 5
f 477/587/1261 478/588/1262 567/695/1263 568/696/1264
s 6
f 478/588/1265 479/589/1266 566/694/1267 567/695/1268
s 7
f 479/589/1269 480/590/1270 565/693/1271 566/694/1272
s 8
f 480/590/1273 481/591/1274 564/692/1275 565/693/1276
s 9
f 481/591/1277 474/584/1278 563/691/1279 564/692/1280
s off
f 490/600/1281 491/601/1282 499/602/1283 498/603/1284
f 491/601/1285 492/604/1286 500/605/1287 499/602/1288
f 492/604/1289 493/606/1290 501/607/1291 500/605/1292
f 493/606/1293 494/608/1294 502/609/1295 501/607/1296
f 494/608/1297 495/610/1298 503/611/1299 502/609/1300
f 495/610/1301 496/612/1302 504/613/1303 503/611/1304
f 496/612/1305 497/614/1306 505/615/1307 504/613/1308
f 497/614/1309 490/616/1310 498/617/1311 505/615/1312
s 10
f 491/618/1313 490/619/1314 506/620/1315
f 492/621/1316 491/618/1313 506/620/1315
f 493/622/1317 492/621/1316 506/620/1315
f 494/623/1318 493/622/1317 506/620/1315
f 495/624/1319 494/623/1318 506/620/1315
f 496/625/1320 495/624/1319 506/620/1315
f 497/626/1321 496/625/1320 506/620/1315
f 490/619/1314 497/626/1321 506/620/1315
s off
f 498/627/1322 499/628/1323 508/629/1324 507/630/1325
f 499/628/1326 500/631/1327 509/632/1328 508/629/1329
f 500/631/1330 501/633/1331 510/634/1332 509/632/1333
f 501/633/1334 502/635/1335 511/636/1336 510/634/1337
f 502/635/1338 503/637/1339 512/638/1340 511/636/1341
f 503/637/1342 504/639/1343 513/640/1344 512/638/1345
f 504/639/1346 505/641/1347 514/642/1348 513/640/1349
f 505/641/1350 498/627/1351 507/630/1352 514/642/1353
f 507/630/1354 508/629/1355 516/643/1356 515/644/1357
f 508/629/1358 509/632/1359 517/645/1360 516/643/1361
f 509/632/1362 510/634/1363 518/646/1364 517/645/1365
f 510/634/1366 511/636/1367 519/647/1368 518/646/1369
f 511/636/1370 512/638/1371 520/648/1372 519/647/1373
f 512/638/1374 513/640/1375 521/649/1376 520/648/1377
f 513/640/1378 514/642/1379 522/650/1380 521/649/1381
f 514/642/1382 507/630/1383 515/644/1384 522/650/1385
s 11
f 547/675/1386 548/676/1387 515/644/1388 516/643/1389
s 12
f 548/676/1390 549/677/1391 522/650/1392 515/644/1393
s 13
f 549/677/1394 550/678/1395 521/649/1396 522/650/1397
s 14
f 550/678/1398 551/679/1399 520/648/1400 521/649/1401
s 15
f 551/679/1402 552/680/1403 519/647/1404 520/648/1405
s 16
f 552/680/1406 553/681/1407 518/646/1408 519/647/1409
s 17
f 553/681/1410 554/682/1411 517/645/1412 518/646/1413
s 18
f 554/682/1414 547/675/1415 516/643/1416 517/645/1417
s 11
f 483/593/1418 484/594/1419 562/690/1420 555/683/1421
s 12
f 484/594/1422 485/595/1423 561/689/1424 562/690/1425
s 13
f 485/595/1426 486/596/1427 560/688/1428 561/689/1429
s 14
f 486/596/1430 487/597/1431 559/687/1432 560/688/1433
s 15
f 487/597/1434 488/598/1435 558/686/1436 559/687/1437
s 16
f 488/598/1438 489/599/1439 557/685/1440 558/686/1441
s 17
f 489/599/1442 482/592/1443 556/684/1444 557/685/1445
s 18
f 482/592/1446 483/593/1447 555/683/1448 556/684/1449
s 11
f 523/651/1450 524/652/1451 532/660/1452 531/659/1453
s 12
f 524/652/1454 525/653/1455 533/661/1456 532/660/1457
s 13
f 525/653/1458 526/654/1459 534/662/1460 533/661/1461
s 14
f 526/654/1462 527/655/1463 535/663/1464 534/662/1465
s 15
f 527/655/1466 528/656/1467 536/664/1468 535/663/1469
s 16
f 528/656/1470 529/657/1471 537/665/1472 536/664/1473
s 17
f 529/657/1474 530/658/1475 538/666/1476 537/665/1477
s 18
f 530/658/1478 523/651/1479 531/659/1480 538/666/1481
s 11
f 531/659/1453 532/660/1452 540/668/1482 539/667/1483
s 12
f 532/660/1457 533/661/1456 541/669/1484 540/668/1485
s 13
f 533/661/1461 534/662/1460 542/670/1486 541/669/1487
s 14
f 534/662/1465 535/663/1464 543/671/1488 542/670/1489
s 15
f 535/663/1469 536/664/1468 544/672/1490 543/671/1491
s 16
f 536/664/1473 537/665/1472 545/673/1492 544/672/1493
s 17
f 537/665/1477 538/666/1476 546/674/1494 545/673/1495
s 18
f 538/666/1481 531/659/1480 539/667/1496 546/674/1497
s 11
f 539/667/1483 540/668/1482 548/676/1387 547/675/1386
s 12
f 540/668/1485 541/669/1484 549/677/1391 548/676/1390
s 13
f 541/669/1487 542/670/1486 550/678/1395 549/677/1394
s 14
f 542/670/1489 543/671/1488 551/679/1399 550/678/1398
s 15
f 543/671/1491 544/672/1490 552/680/1403 551/679/1402
s 16
f 544/672/1493 545/673/1492 553/681/1407 552/680/1406
s 17
f 545/673/1495 546/674/1494 554/682/1411 553/681/1410
s 18
f 546/674/1497 539/667/1496 547/675/1415 554/682/1414
f 556/684/1449 555/683/1448 523/651/1479 530/658/1478
s 17
f 557/685/1445 556/684/1444 530/658/1475 529/657/1474
s 16
f 558/686/1441 557/685/1440 529/657/1471 528/656/1470
s 15
f 559/687/1437 558/686/1436 528/656/1467 527/655/1466
s 14
f 560/688/1433 559/687/1432 527/655/1463 526/654/1462
s 13
f 561/689/1429 560/688/1428 526/654/1459 525/653/1458
s 12
f 562/690/1425 561/689/1424 525/653/1455 524/652/1454
s 11
f 555/683/1421 562/690/1420 524/652/1451 523/651/1450
s 9
f 564/692/1280 563/691/1279 482/592/1498 489/599/1499
s 8
f 565/693/1276 564/692/1275 489/599/1500 488/598/1501
s 7
f 566/694/1272 565/693/1271 488/598/1502 487/597/1503
s 6
f 567/695/1268 566/694/1267 487/597/1504 486/596/1505
s 5
f 568/696/1264 567/695/1263 486/596/1506 485/595/1507
s 4
f 569/697/1260 568/696/1259 485/595/1508 484/594/1509
s 3
f 570/698/1256 569/697/1255 484/594/1510 483/593/1511
s 2
f 563/691/1252 570/698/1251 483/593/1512 482/592/1513
g default
v 59.025428 2.493281 -31.195019
v 58.965960 2.493281 -31.219651
v 58.906502 2.493281 -31.195019
v 58.881864 2.493281 -31.135556
v 58.906502 2.493281 -31.076087
v 58.965960 2.493281 -31.051460
v 59.025428 2.493281 -31.076087
v 59.050055 2.493281 -31.135556
v 59.025428 2.605000 -31.195019
v 58.965960 2.605000 -31.219651
v 58.906502 2.605000 -31.195019
v 58.881864 2.605000 -31.135556
v 58.906502 2.605000 -31.076087
v 58.965960 2.605000 -31.051460
v 59.025428 2.605000 -31.076087
v 59.050055 2.605000 -31.135556
v 58.965960 2.493281 -31.135556
v 59.052786 2.645806 -31.222382
v 58.965960 2.645806 -31.258347
v 58.879144 2.645806 -31.222382
v 58.843174 2.645806 -31.135556
v 58.879144 2.645806 -31.048730
v 58.965960 2.645806 -31.012769
v 59.052786 2.645806 -31.048730
v 59.088746 2.645806 -31.135556
v 59.052786 2.679345 -31.222382
v 58.965960 2.679345 -31.258347
v 58.965960 2.679345 -31.135556
v 58.879144 2.679345 -31.222382
v 58.843174 2.679345 -31.135556
v 58.879144 2.679345 -31.048730
v 58.965960 2.679345 -31.012769
v 59.052786 2.679345 -31.048730
v 59.088746 2.679345 -31.135556
vt 0.610485 0.045765
vt 0.500000 0.000000
vt 0.389515 0.045765
vt 0.343750 0.156250
vt 0.389515 0.266735
vt 0.500000 0.312500
vt 0.610485 0.266735
vt 0.656250 0.156250
vt 0.375000 0.312500
vt 0.406250 0.312500
vt 0.437500 0.312500
vt 0.468750 0.312500
vt 0.500000 0.312500
vt 0.531250 0.312500
vt 0.562500 0.312500
vt 0.593750 0.312500
vt 0.625000 0.312500
vt 0.375000 0.687500
vt 0.406250 0.687500
vt 0.437500 0.687500
vt 0.468750 0.687500
vt 0.500000 0.687500
vt 0.531250 0.687500
vt 0.562500 0.687500
vt 0.593750 0.687500
vt 0.625000 0.687500
vt 0.610485 0.733265
vt 0.500000 0.687500
vt 0.389515 0.733265
vt 0.343750 0.843750
vt 0.389515 0.954235
vt 0.500000 1.000000
vt 0.610485 0.954235
vt 0.656250 0.843750
vt 0.500000 0.156250
vt 0.500000 0.843750
vt 0.610485 0.954235
vt 0.500000 1.000000
vt 0.389515 0.954235
vt 0.343750 0.843750
vt 0.389515 0.733265
vt 0.500000 0.687500
vt 0.610485 0.733265
vt 0.656250 0.843750
vt 0.610485 0.954235
vt 0.500000 1.000000
vt 0.389515 0.954235
vt 0.343750 0.843750
vt 0.389515 0.733265
vt 0.500000 0.687500
vt 0.610485 0.733265
vt 0.656250 0.843750
vn 0.382678 0.000000 -0.923882
vn 0.382678 0.000000 -0.923882
vn 0.382678 0.000000 -0.923882
vn 0.382678 0.000000 -0.923882
vn -0.382734 0.000000 -0.923858
vn -0.382734 0.000000 -0.923858
vn -0.382734 0.000000 -0.923858
vn -0.382734 0.000000 -0.923858
vn -0.923842 0.000000 -0.382774
vn -0.923842 0.000000 -0.382774
vn -0.923842 0.000000 -0.382774
vn -0.923842 0.000000 -0.382774
vn -0.923854 0.000000 0.382746
vn -0.923854 0.000000 0.382746
vn -0.923854 0.000000 0.382746
vn -0.923854 0.000000 0.382746
vn -0.382666 0.000000 0.923887
vn -0.382666 0.000000 0.923887
vn -0.382666 0.000000 0.923887
vn -0.382666 0.000000 0.923887
vn 0.382610 0.000000 0.923910
vn 0.382610 0.000000 0.923910
vn 0.382610 0.000000 0.923910
vn 0.382610 0.000000 0.923910
vn 0.923910 0.000000 0.382610
vn 0.923910 0.000000 0.382610
vn 0.923910 0.000000 0.382610
vn 0.923910 0.000000 0.382610
vn 0.923898 0.000000 -0.382638
vn 0.923898 0.000000 -0.382638
vn 0.923898 0.000000 -0.382638
vn 0.923898 0.000000 -0.382638
vn 0.000000 -1.000000 0.000000
vn 0.000000 -1.000000 -0.000000
vn 0.000000 -1.000000 -0.000000
vn 0.000000 -1.000000 0.000000
vn 0.000000 -1.000000 0.000000
vn 0.000000 -1.000000 0.000000
vn 0.000000 -1.000000 0.000000
vn 0.000000 -1.000000 0.000000
vn 0.000000 -1.000000 -0.000000
vn 0.000000 1.000000 0.000000
vn 0.000000 1.000000 0.000000
vn 0.000000 1.000000 0.000000
vn 0.000000 1.000000 0.000000
vn 0.000000 1.000000 0.000000
vn 0.000000 1.000000 0.000000
vn 0.000000 1.000000 0.000000
vn 0.000000 1.000000 0.000000
vn 0.000000 1.000000 0.000000
vn 0.287844 -0.658971 -0.694912
vn 0.287844 -0.658971 -0.694912
vn 0.287844 -0.658971 -0.694912
vn 0.287844 -0.658971 -0.694912
vn -0.287879 -0.658971 -0.694898
vn -0.287879 -0.658971 -0.694898
vn -0.287879 -0.658971 -0.694898
vn -0.287879 -0.658971 -0.694898
vn -0.694923 -0.658932 -0.287907
vn -0.694923 -0.658932 -0.287907
vn -0.694923 -0.658932 -0.287907
vn -0.694923 -0.658932 -0.287907
vn -0.694935 -0.658922 0.287902
vn -0.694935 -0.658922 0.287902
vn -0.694935 -0.658922 0.287902
vn -0.694935 -0.658922 0.287902
vn -0.287854 -0.658922 0.694955
vn -0.287854 -0.658922 0.694955
vn -0.287854 -0.658922 0.694955
vn -0.287853 -0.658922 0.694955
vn 0.287819 -0.658922 0.694969
vn 0.287819 -0.658922 0.694969
vn 0.287819 -0.658922 0.694969
vn 0.287819 -0.658922 0.694969
vn 0.694969 -0.658922 0.287819
vn 0.694969 -0.658922 0.287819
vn 0.694969 -0.658922 0.287819
vn 0.694969 -0.658922 0.287819
vn 0.694957 -0.658932 -0.287824
vn 0.694957 -0.658932 -0.287824
vn 0.694957 -0.658932 -0.287824
vn 0.694957 -0.658932 -0.287824
vn 0.382691 0.000000 -0.923876
vn 0.382691 0.000000 -0.923876
vn 0.382691 0.000000 -0.923876
vn 0.382691 0.000000 -0.923876
vn -0.382730 0.000000 -0.923860
vn -0.382730 0.000000 -0.923860
vn -0.382730 0.000000 -0.923860
vn -0.382730 0.000000 -0.923860
vn -0.923857 0.000000 -0.382738
vn -0.923857 0.000000 -0.382738
vn -0.923857 0.000000 -0.382738
vn -0.923857 0.000000 -0.382738
vn -0.923857 0.000000 0.382738
vn -0.923857 0.000000 0.382738
vn -0.923857 0.000000 0.382738
vn -0.923857 0.000000 0.382738
vn -0.382683 0.000000 0.923880
vn -0.382683 0.000000 0.923880
vn -0.382683 0.000000 0.923880
vn -0.382683 0.000000 0.923880
vn 0.382645 0.000000 0.923896
vn 0.382645 0.000000 0.923896
vn 0.382645 0.000000 0.923896
vn 0.382645 0.000000 0.923896
vn 0.923896 0.000000 0.382644
vn 0.923896 0.000000 0.382644
vn 0.923896 0.000000 0.382644
vn 0.923896 0.000000 0.382644
vn 0.923896 0.000000 -0.382644
vn 0.923896 0.000000 -0.382644
vn 0.923896 0.000000 -0.382644
vn 0.923896 0.000000 -0.382644
s off
g pCylinder19
usemtl initialShadingGroup
f 571/707/1514 572/708/1515 580/717/1516 579/716/1517
f 572/708/1518 573/709/1519 581/718/1520 580/717/1521
f 573/709/1522 574/710/1523 582/719/1524 581/718/1525
f 574/710/1526 575/711/1527 583/720/1528 582/719/1529
f 575/711/1530 576/712/1531 584/721/1532 583/720/1533
f 576/712/1534 577/713/1535 585/722/1536 584/721/1537
f 577/713/1538 578/714/1539 586/723/1540 585/722/1541
f 578/714/1542 571/715/1543 579/724/1544 586/723/1545
s 1
f 572/700/1546 571/699/1547 587/733/1548
f 573/701/1549 572/700/1546 587/733/1548
f 574/702/1550 573/701/1549 587/733/1548
f 575/703/1551 574/702/1550 587/733/1548
f 576/704/1552 575/703/1551 587/733/1548
f 577/705/1553 576/704/1552 587/733/1548
f 578/706/1554 577/705/1553 587/733/1548
f 571/699/1547 578/706/1554 587/733/1548
s 2
f 596/743/1555 597/744/1556 598/734/1557
f 597/744/1556 599/745/1558 598/734/1557
f 599/745/1558 600/746/1559 598/734/1557
f 600/746/1559 601/747/1560 598/734/1557
f 601/747/1560 602/748/1561 598/734/1557
f 602/748/1561 603/749/1562 598/734/1557
f 603/749/1562 604/750/1563 598/734/1557
f 604/750/1563 596/743/1555 598/734/1557
s off
f 579/731/1564 580/730/1565 589/736/1566 588/735/1567
f 580/730/1568 581/729/1569 590/737/1570 589/736/1571
f 581/729/1572 582/728/1573 591/738/1574 590/737/1575
f 582/728/1576 583/727/1577 592/739/1578 591/738/1579
f 583/727/1580 584/726/1581 593/740/1582 592/739/1583
f 584/726/1584 585/725/1585 594/741/1586 593/740/1587
f 585/725/1588 586/732/1589 595/742/1590 594/741/1591
f 586/732/1592 579/731/1593 588/735/1594 595/742/1595
f 588/735/1596 589/736/1597 597/744/1598 596/743/1599
f 589/736/1600 590/737/1601 599/745/1602 597/744/1603
f 590/737/1604 591/738/1605 600/746/1606 599/745/1607
f 591/738/1608 592/739/1609 601/747/1610 600/746/1611
f 592/739/1612 593/740/1613 602/748/1614 601/747/1615
f 593/740/1616 594/741/1617 603/749/1618 602/748/1619
f 594/741/1620 595/742/1621 604/750/1622 603/749/1623
f 595/742/1624 588/735/1625 596/743/1626 604/750/1627
